"TokenNumber","TokenPadded","Title","WorkID","Range","SourceImagePath","SourceBytes","ImagePath","ImageFileName","DestinationImagePath","ItemPage","PublicPageURL","OpenSeaItemURL","Status","Note"
"2001","2001","Light Cult Crypto Club #2001","RE-003811","2001-2100","D:\github\ron-english-nfts\light-cult-crypto-club\images\LCCC-2001.png","15381","images/2001-2100/LCCC-2001.png","LCCC-2001.png","D:\github\ron-english-light-cult-2001-3000\images\2001-2100\LCCC-2001.png","items/lccc-2001.html","https://ronenglish-archive.github.io/ron-english-light-cult-2001-3000/items/lccc-2001.html","https://opensea.io/item/ethereum/0xbe85fbd182af91290be7293438ae67549638189f/2001","OK",""
"2002","2002","Light Cult Crypto Club #2002","RE-003812","2001-2100","D:\github\ron-english-nfts\light-cult-crypto-club\images\LCCC-2002.png","16529","images/2001-2100/LCCC-2002.png","LCCC-2002.png","D:\github\ron-english-light-cult-2001-3000\images\2001-2100\LCCC-2002.png","items/lccc-2002.html","https://ronenglish-archive.github.io/ron-english-light-cult-2001-3000/items/lccc-2002.html","https://opensea.io/item/ethereum/0xbe85fbd182af91290be7293438ae67549638189f/2002","OK",""
"2003","2003","Light Cult Crypto Club #2003","RE-003813","2001-2100","D:\github\ron-english-nfts\light-cult-crypto-club\images\LCCC-2003.png","28519","images/2001-2100/LCCC-2003.png","LCCC-2003.png","D:\github\ron-english-light-cult-2001-3000\images\2001-2100\LCCC-2003.png","items/lccc-2003.html","https://ronenglish-archive.github.io/ron-english-light-cult-2001-3000/items/lccc-2003.html","https://opensea.io/item/ethereum/0xbe85fbd182af91290be7293438ae67549638189f/2003","OK",""
"2004","2004","Light Cult Crypto Club #2004","RE-003814","2001-2100","D:\github\ron-english-nfts\light-cult-crypto-club\images\LCCC-2004.png","6139","images/2001-2100/LCCC-2004.png","LCCC-2004.png","D:\github\ron-english-light-cult-2001-3000\images\2001-2100\LCCC-2004.png","items/lccc-2004.html","https://ronenglish-archive.github.io/ron-english-light-cult-2001-3000/items/lccc-2004.html","https://opensea.io/item/ethereum/0xbe85fbd182af91290be7293438ae67549638189f/2004","OK",""
"2005","2005","Light Cult Crypto Club #2005","RE-003815","2001-2100","D:\github\ron-english-nfts\light-cult-crypto-club\images\LCCC-2005.png","7582","images/2001-2100/LCCC-2005.png","LCCC-2005.png","D:\github\ron-english-light-cult-2001-3000\images\2001-2100\LCCC-2005.png","items/lccc-2005.html","https://ronenglish-archive.github.io/ron-english-light-cult-2001-3000/items/lccc-2005.html","https://opensea.io/item/ethereum/0xbe85fbd182af91290be7293438ae67549638189f/2005","OK",""
"2006","2006","Light Cult Crypto Club #2006","RE-003816","2001-2100","D:\github\ron-english-nfts\light-cult-crypto-club\images\LCCC-2006.png","26991","images/2001-2100/LCCC-2006.png","LCCC-2006.png","D:\github\ron-english-light-cult-2001-3000\images\2001-2100\LCCC-2006.png","items/lccc-2006.html","https://ronenglish-archive.github.io/ron-english-light-cult-2001-3000/items/lccc-2006.html","https://opensea.io/item/ethereum/0xbe85fbd182af91290be7293438ae67549638189f/2006","OK",""
"2007","2007","Light Cult Crypto Club #2007","RE-003817","2001-2100","D:\github\ron-english-nfts\light-cult-crypto-club\images\LCCC-2007.png","27746","images/2001-2100/LCCC-2007.png","LCCC-2007.png","D:\github\ron-english-light-cult-2001-3000\images\2001-2100\LCCC-2007.png","items/lccc-2007.html","https://ronenglish-archive.github.io/ron-english-light-cult-2001-3000/items/lccc-2007.html","https://opensea.io/item/ethereum/0xbe85fbd182af91290be7293438ae67549638189f/2007","OK",""
"2008","2008","Light Cult Crypto Club #2008","RE-003818","2001-2100","D:\github\ron-english-nfts\light-cult-crypto-club\images\LCCC-2008.png","28248","images/2001-2100/LCCC-2008.png","LCCC-2008.png","D:\github\ron-english-light-cult-2001-3000\images\2001-2100\LCCC-2008.png","items/lccc-2008.html","https://ronenglish-archive.github.io/ron-english-light-cult-2001-3000/items/lccc-2008.html","https://opensea.io/item/ethereum/0xbe85fbd182af91290be7293438ae67549638189f/2008","OK",""
"2009","2009","Light Cult Crypto Club #2009","RE-003819","2001-2100","D:\github\ron-english-nfts\light-cult-crypto-club\images\LCCC-2009.png","23793","images/2001-2100/LCCC-2009.png","LCCC-2009.png","D:\github\ron-english-light-cult-2001-3000\images\2001-2100\LCCC-2009.png","items/lccc-2009.html","https://ronenglish-archive.github.io/ron-english-light-cult-2001-3000/items/lccc-2009.html","https://opensea.io/item/ethereum/0xbe85fbd182af91290be7293438ae67549638189f/2009","OK",""
"2010","2010","Light Cult Crypto Club #2010","RE-003820","2001-2100","D:\github\ron-english-nfts\light-cult-crypto-club\images\LCCC-2010.png","12446","images/2001-2100/LCCC-2010.png","LCCC-2010.png","D:\github\ron-english-light-cult-2001-3000\images\2001-2100\LCCC-2010.png","items/lccc-2010.html","https://ronenglish-archive.github.io/ron-english-light-cult-2001-3000/items/lccc-2010.html","https://opensea.io/item/ethereum/0xbe85fbd182af91290be7293438ae67549638189f/2010","OK",""
"2011","2011","Light Cult Crypto Club #2011","RE-003821","2001-2100","D:\github\ron-english-nfts\light-cult-crypto-club\images\LCCC-2011.png","49546","images/2001-2100/LCCC-2011.png","LCCC-2011.png","D:\github\ron-english-light-cult-2001-3000\images\2001-2100\LCCC-2011.png","items/lccc-2011.html","https://ronenglish-archive.github.io/ron-english-light-cult-2001-3000/items/lccc-2011.html","https://opensea.io/item/ethereum/0xbe85fbd182af91290be7293438ae67549638189f/2011","OK",""
"2012","2012","Light Cult Crypto Club #2012","RE-003822","2001-2100","D:\github\ron-english-nfts\light-cult-crypto-club\images\LCCC-2012.png","12936","images/2001-2100/LCCC-2012.png","LCCC-2012.png","D:\github\ron-english-light-cult-2001-3000\images\2001-2100\LCCC-2012.png","items/lccc-2012.html","https://ronenglish-archive.github.io/ron-english-light-cult-2001-3000/items/lccc-2012.html","https://opensea.io/item/ethereum/0xbe85fbd182af91290be7293438ae67549638189f/2012","OK",""
"2013","2013","Light Cult Crypto Club #2013","RE-003823","2001-2100","D:\github\ron-english-nfts\light-cult-crypto-club\images\LCCC-2013.png","17517","images/2001-2100/LCCC-2013.png","LCCC-2013.png","D:\github\ron-english-light-cult-2001-3000\images\2001-2100\LCCC-2013.png","items/lccc-2013.html","https://ronenglish-archive.github.io/ron-english-light-cult-2001-3000/items/lccc-2013.html","https://opensea.io/item/ethereum/0xbe85fbd182af91290be7293438ae67549638189f/2013","OK",""
"2014","2014","Light Cult Crypto Club #2014","RE-003824","2001-2100","D:\github\ron-english-nfts\light-cult-crypto-club\images\LCCC-2014.png","25088","images/2001-2100/LCCC-2014.png","LCCC-2014.png","D:\github\ron-english-light-cult-2001-3000\images\2001-2100\LCCC-2014.png","items/lccc-2014.html","https://ronenglish-archive.github.io/ron-english-light-cult-2001-3000/items/lccc-2014.html","https://opensea.io/item/ethereum/0xbe85fbd182af91290be7293438ae67549638189f/2014","OK",""
"2015","2015","Light Cult Crypto Club #2015","RE-003825","2001-2100","","","","","","items/lccc-2015.html","https://ronenglish-archive.github.io/ron-english-light-cult-2001-3000/items/lccc-2015.html","https://opensea.io/item/ethereum/0xbe85fbd182af91290be7293438ae67549638189f/2015","MISSING SOURCE IMAGE","No source image found for token #2015"
"2016","2016","Light Cult Crypto Club #2016","RE-003826","2001-2100","","","","","","items/lccc-2016.html","https://ronenglish-archive.github.io/ron-english-light-cult-2001-3000/items/lccc-2016.html","https://opensea.io/item/ethereum/0xbe85fbd182af91290be7293438ae67549638189f/2016","MISSING SOURCE IMAGE","No source image found for token #2016"
"2017","2017","Light Cult Crypto Club #2017","RE-003827","2001-2100","D:\github\ron-english-nfts\light-cult-crypto-club\images\LCCC-2017.png","29206","images/2001-2100/LCCC-2017.png","LCCC-2017.png","D:\github\ron-english-light-cult-2001-3000\images\2001-2100\LCCC-2017.png","items/lccc-2017.html","https://ronenglish-archive.github.io/ron-english-light-cult-2001-3000/items/lccc-2017.html","https://opensea.io/item/ethereum/0xbe85fbd182af91290be7293438ae67549638189f/2017","OK",""
"2018","2018","Light Cult Crypto Club #2018","RE-003828","2001-2100","D:\github\ron-english-nfts\light-cult-crypto-club\images\LCCC-2018.png","8622","images/2001-2100/LCCC-2018.png","LCCC-2018.png","D:\github\ron-english-light-cult-2001-3000\images\2001-2100\LCCC-2018.png","items/lccc-2018.html","https://ronenglish-archive.github.io/ron-english-light-cult-2001-3000/items/lccc-2018.html","https://opensea.io/item/ethereum/0xbe85fbd182af91290be7293438ae67549638189f/2018","OK",""
"2019","2019","Light Cult Crypto Club #2019","RE-003829","2001-2100","D:\github\ron-english-nfts\light-cult-crypto-club\images\LCCC-2019.png","12060","images/2001-2100/LCCC-2019.png","LCCC-2019.png","D:\github\ron-english-light-cult-2001-3000\images\2001-2100\LCCC-2019.png","items/lccc-2019.html","https://ronenglish-archive.github.io/ron-english-light-cult-2001-3000/items/lccc-2019.html","https://opensea.io/item/ethereum/0xbe85fbd182af91290be7293438ae67549638189f/2019","OK",""
"2020","2020","Light Cult Crypto Club #2020","RE-003830","2001-2100","D:\github\ron-english-nfts\light-cult-crypto-club\images\LCCC-2020.png","42020","images/2001-2100/LCCC-2020.png","LCCC-2020.png","D:\github\ron-english-light-cult-2001-3000\images\2001-2100\LCCC-2020.png","items/lccc-2020.html","https://ronenglish-archive.github.io/ron-english-light-cult-2001-3000/items/lccc-2020.html","https://opensea.io/item/ethereum/0xbe85fbd182af91290be7293438ae67549638189f/2020","OK",""
"2021","2021","Light Cult Crypto Club #2021","RE-003831","2001-2100","D:\github\ron-english-nfts\light-cult-crypto-club\images\LCCC-2021.png","31438","images/2001-2100/LCCC-2021.png","LCCC-2021.png","D:\github\ron-english-light-cult-2001-3000\images\2001-2100\LCCC-2021.png","items/lccc-2021.html","https://ronenglish-archive.github.io/ron-english-light-cult-2001-3000/items/lccc-2021.html","https://opensea.io/item/ethereum/0xbe85fbd182af91290be7293438ae67549638189f/2021","OK",""
"2022","2022","Light Cult Crypto Club #2022","RE-003832","2001-2100","D:\github\ron-english-nfts\light-cult-crypto-club\images\LCCC-2022.png","9922","images/2001-2100/LCCC-2022.png","LCCC-2022.png","D:\github\ron-english-light-cult-2001-3000\images\2001-2100\LCCC-2022.png","items/lccc-2022.html","https://ronenglish-archive.github.io/ron-english-light-cult-2001-3000/items/lccc-2022.html","https://opensea.io/item/ethereum/0xbe85fbd182af91290be7293438ae67549638189f/2022","OK",""
"2023","2023","Light Cult Crypto Club #2023","RE-003833","2001-2100","","","","","","items/lccc-2023.html","https://ronenglish-archive.github.io/ron-english-light-cult-2001-3000/items/lccc-2023.html","https://opensea.io/item/ethereum/0xbe85fbd182af91290be7293438ae67549638189f/2023","MISSING SOURCE IMAGE","No source image found for token #2023"
"2024","2024","Light Cult Crypto Club #2024","RE-003834","2001-2100","D:\github\ron-english-nfts\light-cult-crypto-club\images\LCCC-2024.png","40870","images/2001-2100/LCCC-2024.png","LCCC-2024.png","D:\github\ron-english-light-cult-2001-3000\images\2001-2100\LCCC-2024.png","items/lccc-2024.html","https://ronenglish-archive.github.io/ron-english-light-cult-2001-3000/items/lccc-2024.html","https://opensea.io/item/ethereum/0xbe85fbd182af91290be7293438ae67549638189f/2024","OK",""
"2025","2025","Light Cult Crypto Club #2025","RE-003835","2001-2100","D:\github\ron-english-nfts\light-cult-crypto-club\images\LCCC-2025.png","28424","images/2001-2100/LCCC-2025.png","LCCC-2025.png","D:\github\ron-english-light-cult-2001-3000\images\2001-2100\LCCC-2025.png","items/lccc-2025.html","https://ronenglish-archive.github.io/ron-english-light-cult-2001-3000/items/lccc-2025.html","https://opensea.io/item/ethereum/0xbe85fbd182af91290be7293438ae67549638189f/2025","OK",""
"2026","2026","Light Cult Crypto Club #2026","RE-003836","2001-2100","D:\github\ron-english-nfts\light-cult-crypto-club\images\LCCC-2026.png","19969","images/2001-2100/LCCC-2026.png","LCCC-2026.png","D:\github\ron-english-light-cult-2001-3000\images\2001-2100\LCCC-2026.png","items/lccc-2026.html","https://ronenglish-archive.github.io/ron-english-light-cult-2001-3000/items/lccc-2026.html","https://opensea.io/item/ethereum/0xbe85fbd182af91290be7293438ae67549638189f/2026","OK",""
"2027","2027","Light Cult Crypto Club #2027","RE-003837","2001-2100","D:\github\ron-english-nfts\light-cult-crypto-club\images\LCCC-2027.png","31536","images/2001-2100/LCCC-2027.png","LCCC-2027.png","D:\github\ron-english-light-cult-2001-3000\images\2001-2100\LCCC-2027.png","items/lccc-2027.html","https://ronenglish-archive.github.io/ron-english-light-cult-2001-3000/items/lccc-2027.html","https://opensea.io/item/ethereum/0xbe85fbd182af91290be7293438ae67549638189f/2027","OK",""
"2028","2028","Light Cult Crypto Club #2028","RE-003838","2001-2100","D:\github\ron-english-nfts\light-cult-crypto-club\images\LCCC-2028.png","25524","images/2001-2100/LCCC-2028.png","LCCC-2028.png","D:\github\ron-english-light-cult-2001-3000\images\2001-2100\LCCC-2028.png","items/lccc-2028.html","https://ronenglish-archive.github.io/ron-english-light-cult-2001-3000/items/lccc-2028.html","https://opensea.io/item/ethereum/0xbe85fbd182af91290be7293438ae67549638189f/2028","OK",""
"2029","2029","Light Cult Crypto Club #2029","RE-003839","2001-2100","D:\github\ron-english-nfts\light-cult-crypto-club\images\LCCC-2029.png","11334","images/2001-2100/LCCC-2029.png","LCCC-2029.png","D:\github\ron-english-light-cult-2001-3000\images\2001-2100\LCCC-2029.png","items/lccc-2029.html","https://ronenglish-archive.github.io/ron-english-light-cult-2001-3000/items/lccc-2029.html","https://opensea.io/item/ethereum/0xbe85fbd182af91290be7293438ae67549638189f/2029","OK",""
"2030","2030","Light Cult Crypto Club #2030","RE-003840","2001-2100","","","","","","items/lccc-2030.html","https://ronenglish-archive.github.io/ron-english-light-cult-2001-3000/items/lccc-2030.html","https://opensea.io/item/ethereum/0xbe85fbd182af91290be7293438ae67549638189f/2030","MISSING SOURCE IMAGE","No source image found for token #2030"
"2031","2031","Light Cult Crypto Club #2031","RE-003841","2001-2100","D:\github\ron-english-nfts\light-cult-crypto-club\images\LCCC-2031.png","27444","images/2001-2100/LCCC-2031.png","LCCC-2031.png","D:\github\ron-english-light-cult-2001-3000\images\2001-2100\LCCC-2031.png","items/lccc-2031.html","https://ronenglish-archive.github.io/ron-english-light-cult-2001-3000/items/lccc-2031.html","https://opensea.io/item/ethereum/0xbe85fbd182af91290be7293438ae67549638189f/2031","OK",""
"2032","2032","Light Cult Crypto Club #2032","RE-003842","2001-2100","D:\github\ron-english-nfts\light-cult-crypto-club\images\LCCC-2032.png","26597","images/2001-2100/LCCC-2032.png","LCCC-2032.png","D:\github\ron-english-light-cult-2001-3000\images\2001-2100\LCCC-2032.png","items/lccc-2032.html","https://ronenglish-archive.github.io/ron-english-light-cult-2001-3000/items/lccc-2032.html","https://opensea.io/item/ethereum/0xbe85fbd182af91290be7293438ae67549638189f/2032","OK",""
"2033","2033","Light Cult Crypto Club #2033","RE-003843","2001-2100","D:\github\ron-english-nfts\light-cult-crypto-club\images\LCCC-2033.png","34549","images/2001-2100/LCCC-2033.png","LCCC-2033.png","D:\github\ron-english-light-cult-2001-3000\images\2001-2100\LCCC-2033.png","items/lccc-2033.html","https://ronenglish-archive.github.io/ron-english-light-cult-2001-3000/items/lccc-2033.html","https://opensea.io/item/ethereum/0xbe85fbd182af91290be7293438ae67549638189f/2033","OK",""
"2034","2034","Light Cult Crypto Club #2034","RE-003844","2001-2100","D:\github\ron-english-nfts\light-cult-crypto-club\images\LCCC-2034.png","13875","images/2001-2100/LCCC-2034.png","LCCC-2034.png","D:\github\ron-english-light-cult-2001-3000\images\2001-2100\LCCC-2034.png","items/lccc-2034.html","https://ronenglish-archive.github.io/ron-english-light-cult-2001-3000/items/lccc-2034.html","https://opensea.io/item/ethereum/0xbe85fbd182af91290be7293438ae67549638189f/2034","OK",""
"2035","2035","Light Cult Crypto Club #2035","RE-003845","2001-2100","D:\github\ron-english-nfts\light-cult-crypto-club\images\LCCC-2035.png","8053","images/2001-2100/LCCC-2035.png","LCCC-2035.png","D:\github\ron-english-light-cult-2001-3000\images\2001-2100\LCCC-2035.png","items/lccc-2035.html","https://ronenglish-archive.github.io/ron-english-light-cult-2001-3000/items/lccc-2035.html","https://opensea.io/item/ethereum/0xbe85fbd182af91290be7293438ae67549638189f/2035","OK",""
"2036","2036","Light Cult Crypto Club #2036","RE-003846","2001-2100","","","","","","items/lccc-2036.html","https://ronenglish-archive.github.io/ron-english-light-cult-2001-3000/items/lccc-2036.html","https://opensea.io/item/ethereum/0xbe85fbd182af91290be7293438ae67549638189f/2036","MISSING SOURCE IMAGE","No source image found for token #2036"
"2037","2037","Light Cult Crypto Club #2037","RE-003847","2001-2100","D:\github\ron-english-nfts\light-cult-crypto-club\images\LCCC-2037.png","16040","images/2001-2100/LCCC-2037.png","LCCC-2037.png","D:\github\ron-english-light-cult-2001-3000\images\2001-2100\LCCC-2037.png","items/lccc-2037.html","https://ronenglish-archive.github.io/ron-english-light-cult-2001-3000/items/lccc-2037.html","https://opensea.io/item/ethereum/0xbe85fbd182af91290be7293438ae67549638189f/2037","OK",""
"2038","2038","Light Cult Crypto Club #2038","RE-003848","2001-2100","D:\github\ron-english-nfts\light-cult-crypto-club\images\LCCC-2038.png","15456","images/2001-2100/LCCC-2038.png","LCCC-2038.png","D:\github\ron-english-light-cult-2001-3000\images\2001-2100\LCCC-2038.png","items/lccc-2038.html","https://ronenglish-archive.github.io/ron-english-light-cult-2001-3000/items/lccc-2038.html","https://opensea.io/item/ethereum/0xbe85fbd182af91290be7293438ae67549638189f/2038","OK",""
"2039","2039","Light Cult Crypto Club #2039","RE-003849","2001-2100","D:\github\ron-english-nfts\light-cult-crypto-club\images\LCCC-2039.png","12650","images/2001-2100/LCCC-2039.png","LCCC-2039.png","D:\github\ron-english-light-cult-2001-3000\images\2001-2100\LCCC-2039.png","items/lccc-2039.html","https://ronenglish-archive.github.io/ron-english-light-cult-2001-3000/items/lccc-2039.html","https://opensea.io/item/ethereum/0xbe85fbd182af91290be7293438ae67549638189f/2039","OK",""
"2040","2040","Light Cult Crypto Club #2040","RE-003850","2001-2100","D:\github\ron-english-nfts\light-cult-crypto-club\images\LCCC-2040.png","26283","images/2001-2100/LCCC-2040.png","LCCC-2040.png","D:\github\ron-english-light-cult-2001-3000\images\2001-2100\LCCC-2040.png","items/lccc-2040.html","https://ronenglish-archive.github.io/ron-english-light-cult-2001-3000/items/lccc-2040.html","https://opensea.io/item/ethereum/0xbe85fbd182af91290be7293438ae67549638189f/2040","OK",""
"2041","2041","Light Cult Crypto Club #2041","RE-003851","2001-2100","D:\github\ron-english-nfts\light-cult-crypto-club\images\LCCC-2041.png","39039","images/2001-2100/LCCC-2041.png","LCCC-2041.png","D:\github\ron-english-light-cult-2001-3000\images\2001-2100\LCCC-2041.png","items/lccc-2041.html","https://ronenglish-archive.github.io/ron-english-light-cult-2001-3000/items/lccc-2041.html","https://opensea.io/item/ethereum/0xbe85fbd182af91290be7293438ae67549638189f/2041","OK",""
"2042","2042","Light Cult Crypto Club #2042","RE-003852","2001-2100","D:\github\ron-english-nfts\light-cult-crypto-club\images\LCCC-2042.png","31121","images/2001-2100/LCCC-2042.png","LCCC-2042.png","D:\github\ron-english-light-cult-2001-3000\images\2001-2100\LCCC-2042.png","items/lccc-2042.html","https://ronenglish-archive.github.io/ron-english-light-cult-2001-3000/items/lccc-2042.html","https://opensea.io/item/ethereum/0xbe85fbd182af91290be7293438ae67549638189f/2042","OK",""
"2043","2043","Light Cult Crypto Club #2043","RE-003853","2001-2100","","","","","","items/lccc-2043.html","https://ronenglish-archive.github.io/ron-english-light-cult-2001-3000/items/lccc-2043.html","https://opensea.io/item/ethereum/0xbe85fbd182af91290be7293438ae67549638189f/2043","MISSING SOURCE IMAGE","No source image found for token #2043"
"2044","2044","Light Cult Crypto Club #2044","RE-003854","2001-2100","D:\github\ron-english-nfts\light-cult-crypto-club\images\LCCC-2044.png","21015","images/2001-2100/LCCC-2044.png","LCCC-2044.png","D:\github\ron-english-light-cult-2001-3000\images\2001-2100\LCCC-2044.png","items/lccc-2044.html","https://ronenglish-archive.github.io/ron-english-light-cult-2001-3000/items/lccc-2044.html","https://opensea.io/item/ethereum/0xbe85fbd182af91290be7293438ae67549638189f/2044","OK",""
"2045","2045","Light Cult Crypto Club #2045","RE-003855","2001-2100","","","","","","items/lccc-2045.html","https://ronenglish-archive.github.io/ron-english-light-cult-2001-3000/items/lccc-2045.html","https://opensea.io/item/ethereum/0xbe85fbd182af91290be7293438ae67549638189f/2045","MISSING SOURCE IMAGE","No source image found for token #2045"
"2046","2046","Light Cult Crypto Club #2046","RE-003856","2001-2100","D:\github\ron-english-nfts\light-cult-crypto-club\images\LCCC-2046.png","12687","images/2001-2100/LCCC-2046.png","LCCC-2046.png","D:\github\ron-english-light-cult-2001-3000\images\2001-2100\LCCC-2046.png","items/lccc-2046.html","https://ronenglish-archive.github.io/ron-english-light-cult-2001-3000/items/lccc-2046.html","https://opensea.io/item/ethereum/0xbe85fbd182af91290be7293438ae67549638189f/2046","OK",""
"2047","2047","Light Cult Crypto Club #2047","RE-003857","2001-2100","","","","","","items/lccc-2047.html","https://ronenglish-archive.github.io/ron-english-light-cult-2001-3000/items/lccc-2047.html","https://opensea.io/item/ethereum/0xbe85fbd182af91290be7293438ae67549638189f/2047","MISSING SOURCE IMAGE","No source image found for token #2047"
"2048","2048","Light Cult Crypto Club #2048","RE-003858","2001-2100","D:\github\ron-english-nfts\light-cult-crypto-club\images\LCCC-2048.png","6518","images/2001-2100/LCCC-2048.png","LCCC-2048.png","D:\github\ron-english-light-cult-2001-3000\images\2001-2100\LCCC-2048.png","items/lccc-2048.html","https://ronenglish-archive.github.io/ron-english-light-cult-2001-3000/items/lccc-2048.html","https://opensea.io/item/ethereum/0xbe85fbd182af91290be7293438ae67549638189f/2048","OK",""
"2049","2049","Light Cult Crypto Club #2049","RE-003859","2001-2100","D:\github\ron-english-nfts\light-cult-crypto-club\images\LCCC-2049.png","31688","images/2001-2100/LCCC-2049.png","LCCC-2049.png","D:\github\ron-english-light-cult-2001-3000\images\2001-2100\LCCC-2049.png","items/lccc-2049.html","https://ronenglish-archive.github.io/ron-english-light-cult-2001-3000/items/lccc-2049.html","https://opensea.io/item/ethereum/0xbe85fbd182af91290be7293438ae67549638189f/2049","OK",""
"2050","2050","Light Cult Crypto Club #2050","RE-003860","2001-2100","D:\github\ron-english-nfts\light-cult-crypto-club\images\LCCC-2050.png","12718","images/2001-2100/LCCC-2050.png","LCCC-2050.png","D:\github\ron-english-light-cult-2001-3000\images\2001-2100\LCCC-2050.png","items/lccc-2050.html","https://ronenglish-archive.github.io/ron-english-light-cult-2001-3000/items/lccc-2050.html","https://opensea.io/item/ethereum/0xbe85fbd182af91290be7293438ae67549638189f/2050","OK",""
"2051","2051","Light Cult Crypto Club #2051","RE-003861","2001-2100","D:\github\ron-english-nfts\light-cult-crypto-club\images\LCCC-2051.png","34813","images/2001-2100/LCCC-2051.png","LCCC-2051.png","D:\github\ron-english-light-cult-2001-3000\images\2001-2100\LCCC-2051.png","items/lccc-2051.html","https://ronenglish-archive.github.io/ron-english-light-cult-2001-3000/items/lccc-2051.html","https://opensea.io/item/ethereum/0xbe85fbd182af91290be7293438ae67549638189f/2051","OK",""
"2052","2052","Light Cult Crypto Club #2052","RE-003862","2001-2100","D:\github\ron-english-nfts\light-cult-crypto-club\images\LCCC-2052.png","8596","images/2001-2100/LCCC-2052.png","LCCC-2052.png","D:\github\ron-english-light-cult-2001-3000\images\2001-2100\LCCC-2052.png","items/lccc-2052.html","https://ronenglish-archive.github.io/ron-english-light-cult-2001-3000/items/lccc-2052.html","https://opensea.io/item/ethereum/0xbe85fbd182af91290be7293438ae67549638189f/2052","OK",""
"2053","2053","Light Cult Crypto Club #2053","RE-003863","2001-2100","D:\github\ron-english-nfts\light-cult-crypto-club\images\LCCC-2053.png","32702","images/2001-2100/LCCC-2053.png","LCCC-2053.png","D:\github\ron-english-light-cult-2001-3000\images\2001-2100\LCCC-2053.png","items/lccc-2053.html","https://ronenglish-archive.github.io/ron-english-light-cult-2001-3000/items/lccc-2053.html","https://opensea.io/item/ethereum/0xbe85fbd182af91290be7293438ae67549638189f/2053","OK",""
"2054","2054","Light Cult Crypto Club #2054","RE-003864","2001-2100","D:\github\ron-english-nfts\light-cult-crypto-club\images\LCCC-2054.png","12656","images/2001-2100/LCCC-2054.png","LCCC-2054.png","D:\github\ron-english-light-cult-2001-3000\images\2001-2100\LCCC-2054.png","items/lccc-2054.html","https://ronenglish-archive.github.io/ron-english-light-cult-2001-3000/items/lccc-2054.html","https://opensea.io/item/ethereum/0xbe85fbd182af91290be7293438ae67549638189f/2054","OK",""
"2055","2055","Light Cult Crypto Club #2055","RE-003865","2001-2100","D:\github\ron-english-nfts\light-cult-crypto-club\images\LCCC-2055.png","13069","images/2001-2100/LCCC-2055.png","LCCC-2055.png","D:\github\ron-english-light-cult-2001-3000\images\2001-2100\LCCC-2055.png","items/lccc-2055.html","https://ronenglish-archive.github.io/ron-english-light-cult-2001-3000/items/lccc-2055.html","https://opensea.io/item/ethereum/0xbe85fbd182af91290be7293438ae67549638189f/2055","OK",""
"2056","2056","Light Cult Crypto Club #2056","RE-003866","2001-2100","D:\github\ron-english-nfts\light-cult-crypto-club\images\LCCC-2056.png","38734","images/2001-2100/LCCC-2056.png","LCCC-2056.png","D:\github\ron-english-light-cult-2001-3000\images\2001-2100\LCCC-2056.png","items/lccc-2056.html","https://ronenglish-archive.github.io/ron-english-light-cult-2001-3000/items/lccc-2056.html","https://opensea.io/item/ethereum/0xbe85fbd182af91290be7293438ae67549638189f/2056","OK",""
"2057","2057","Light Cult Crypto Club #2057","RE-003867","2001-2100","D:\github\ron-english-nfts\light-cult-crypto-club\images\LCCC-2057.png","27567","images/2001-2100/LCCC-2057.png","LCCC-2057.png","D:\github\ron-english-light-cult-2001-3000\images\2001-2100\LCCC-2057.png","items/lccc-2057.html","https://ronenglish-archive.github.io/ron-english-light-cult-2001-3000/items/lccc-2057.html","https://opensea.io/item/ethereum/0xbe85fbd182af91290be7293438ae67549638189f/2057","OK",""
"2058","2058","Light Cult Crypto Club #2058","RE-003868","2001-2100","","","","","","items/lccc-2058.html","https://ronenglish-archive.github.io/ron-english-light-cult-2001-3000/items/lccc-2058.html","https://opensea.io/item/ethereum/0xbe85fbd182af91290be7293438ae67549638189f/2058","MISSING SOURCE IMAGE","No source image found for token #2058"
"2059","2059","Light Cult Crypto Club #2059","RE-003869","2001-2100","","","","","","items/lccc-2059.html","https://ronenglish-archive.github.io/ron-english-light-cult-2001-3000/items/lccc-2059.html","https://opensea.io/item/ethereum/0xbe85fbd182af91290be7293438ae67549638189f/2059","MISSING SOURCE IMAGE","No source image found for token #2059"
"2060","2060","Light Cult Crypto Club #2060","RE-003870","2001-2100","D:\github\ron-english-nfts\light-cult-crypto-club\images\LCCC-2060.png","11776","images/2001-2100/LCCC-2060.png","LCCC-2060.png","D:\github\ron-english-light-cult-2001-3000\images\2001-2100\LCCC-2060.png","items/lccc-2060.html","https://ronenglish-archive.github.io/ron-english-light-cult-2001-3000/items/lccc-2060.html","https://opensea.io/item/ethereum/0xbe85fbd182af91290be7293438ae67549638189f/2060","OK",""
"2061","2061","Light Cult Crypto Club #2061","RE-003871","2001-2100","D:\github\ron-english-nfts\light-cult-crypto-club\images\LCCC-2061.png","23959","images/2001-2100/LCCC-2061.png","LCCC-2061.png","D:\github\ron-english-light-cult-2001-3000\images\2001-2100\LCCC-2061.png","items/lccc-2061.html","https://ronenglish-archive.github.io/ron-english-light-cult-2001-3000/items/lccc-2061.html","https://opensea.io/item/ethereum/0xbe85fbd182af91290be7293438ae67549638189f/2061","OK",""
"2062","2062","Light Cult Crypto Club #2062","RE-003872","2001-2100","","","","","","items/lccc-2062.html","https://ronenglish-archive.github.io/ron-english-light-cult-2001-3000/items/lccc-2062.html","https://opensea.io/item/ethereum/0xbe85fbd182af91290be7293438ae67549638189f/2062","MISSING SOURCE IMAGE","No source image found for token #2062"
"2063","2063","Light Cult Crypto Club #2063","RE-003873","2001-2100","","","","","","items/lccc-2063.html","https://ronenglish-archive.github.io/ron-english-light-cult-2001-3000/items/lccc-2063.html","https://opensea.io/item/ethereum/0xbe85fbd182af91290be7293438ae67549638189f/2063","MISSING SOURCE IMAGE","No source image found for token #2063"
"2064","2064","Light Cult Crypto Club #2064","RE-003874","2001-2100","D:\github\ron-english-nfts\light-cult-crypto-club\images\LCCC-2064.png","26537","images/2001-2100/LCCC-2064.png","LCCC-2064.png","D:\github\ron-english-light-cult-2001-3000\images\2001-2100\LCCC-2064.png","items/lccc-2064.html","https://ronenglish-archive.github.io/ron-english-light-cult-2001-3000/items/lccc-2064.html","https://opensea.io/item/ethereum/0xbe85fbd182af91290be7293438ae67549638189f/2064","OK",""
"2065","2065","Light Cult Crypto Club #2065","RE-003875","2001-2100","D:\github\ron-english-nfts\light-cult-crypto-club\images\LCCC-2065.png","10252","images/2001-2100/LCCC-2065.png","LCCC-2065.png","D:\github\ron-english-light-cult-2001-3000\images\2001-2100\LCCC-2065.png","items/lccc-2065.html","https://ronenglish-archive.github.io/ron-english-light-cult-2001-3000/items/lccc-2065.html","https://opensea.io/item/ethereum/0xbe85fbd182af91290be7293438ae67549638189f/2065","OK",""
"2066","2066","Light Cult Crypto Club #2066","RE-003876","2001-2100","D:\github\ron-english-nfts\light-cult-crypto-club\images\LCCC-2066.png","12219","images/2001-2100/LCCC-2066.png","LCCC-2066.png","D:\github\ron-english-light-cult-2001-3000\images\2001-2100\LCCC-2066.png","items/lccc-2066.html","https://ronenglish-archive.github.io/ron-english-light-cult-2001-3000/items/lccc-2066.html","https://opensea.io/item/ethereum/0xbe85fbd182af91290be7293438ae67549638189f/2066","OK",""
"2067","2067","Light Cult Crypto Club #2067","RE-003877","2001-2100","D:\github\ron-english-nfts\light-cult-crypto-club\images\LCCC-2067.png","29183","images/2001-2100/LCCC-2067.png","LCCC-2067.png","D:\github\ron-english-light-cult-2001-3000\images\2001-2100\LCCC-2067.png","items/lccc-2067.html","https://ronenglish-archive.github.io/ron-english-light-cult-2001-3000/items/lccc-2067.html","https://opensea.io/item/ethereum/0xbe85fbd182af91290be7293438ae67549638189f/2067","OK",""
"2068","2068","Light Cult Crypto Club #2068","RE-003878","2001-2100","D:\github\ron-english-nfts\light-cult-crypto-club\images\LCCC-2068.png","9591","images/2001-2100/LCCC-2068.png","LCCC-2068.png","D:\github\ron-english-light-cult-2001-3000\images\2001-2100\LCCC-2068.png","items/lccc-2068.html","https://ronenglish-archive.github.io/ron-english-light-cult-2001-3000/items/lccc-2068.html","https://opensea.io/item/ethereum/0xbe85fbd182af91290be7293438ae67549638189f/2068","OK",""
"2069","2069","Light Cult Crypto Club #2069","RE-003879","2001-2100","D:\github\ron-english-nfts\light-cult-crypto-club\images\LCCC-2069.png","17837","images/2001-2100/LCCC-2069.png","LCCC-2069.png","D:\github\ron-english-light-cult-2001-3000\images\2001-2100\LCCC-2069.png","items/lccc-2069.html","https://ronenglish-archive.github.io/ron-english-light-cult-2001-3000/items/lccc-2069.html","https://opensea.io/item/ethereum/0xbe85fbd182af91290be7293438ae67549638189f/2069","OK",""
"2070","2070","Light Cult Crypto Club #2070","RE-003880","2001-2100","D:\github\ron-english-nfts\light-cult-crypto-club\images\LCCC-2070.png","28454","images/2001-2100/LCCC-2070.png","LCCC-2070.png","D:\github\ron-english-light-cult-2001-3000\images\2001-2100\LCCC-2070.png","items/lccc-2070.html","https://ronenglish-archive.github.io/ron-english-light-cult-2001-3000/items/lccc-2070.html","https://opensea.io/item/ethereum/0xbe85fbd182af91290be7293438ae67549638189f/2070","OK",""
"2071","2071","Light Cult Crypto Club #2071","RE-003881","2001-2100","D:\github\ron-english-nfts\light-cult-crypto-club\images\LCCC-2071.png","22417","images/2001-2100/LCCC-2071.png","LCCC-2071.png","D:\github\ron-english-light-cult-2001-3000\images\2001-2100\LCCC-2071.png","items/lccc-2071.html","https://ronenglish-archive.github.io/ron-english-light-cult-2001-3000/items/lccc-2071.html","https://opensea.io/item/ethereum/0xbe85fbd182af91290be7293438ae67549638189f/2071","OK",""
"2072","2072","Light Cult Crypto Club #2072","RE-003882","2001-2100","D:\github\ron-english-nfts\light-cult-crypto-club\images\LCCC-2072.png","31291","images/2001-2100/LCCC-2072.png","LCCC-2072.png","D:\github\ron-english-light-cult-2001-3000\images\2001-2100\LCCC-2072.png","items/lccc-2072.html","https://ronenglish-archive.github.io/ron-english-light-cult-2001-3000/items/lccc-2072.html","https://opensea.io/item/ethereum/0xbe85fbd182af91290be7293438ae67549638189f/2072","OK",""
"2073","2073","Light Cult Crypto Club #2073","RE-003883","2001-2100","D:\github\ron-english-nfts\light-cult-crypto-club\images\LCCC-2073.png","37134","images/2001-2100/LCCC-2073.png","LCCC-2073.png","D:\github\ron-english-light-cult-2001-3000\images\2001-2100\LCCC-2073.png","items/lccc-2073.html","https://ronenglish-archive.github.io/ron-english-light-cult-2001-3000/items/lccc-2073.html","https://opensea.io/item/ethereum/0xbe85fbd182af91290be7293438ae67549638189f/2073","OK",""
"2074","2074","Light Cult Crypto Club #2074","RE-003884","2001-2100","D:\github\ron-english-nfts\light-cult-crypto-club\images\LCCC-2074.png","20359","images/2001-2100/LCCC-2074.png","LCCC-2074.png","D:\github\ron-english-light-cult-2001-3000\images\2001-2100\LCCC-2074.png","items/lccc-2074.html","https://ronenglish-archive.github.io/ron-english-light-cult-2001-3000/items/lccc-2074.html","https://opensea.io/item/ethereum/0xbe85fbd182af91290be7293438ae67549638189f/2074","OK",""
"2075","2075","Light Cult Crypto Club #2075","RE-003885","2001-2100","D:\github\ron-english-nfts\light-cult-crypto-club\images\LCCC-2075.png","27987","images/2001-2100/LCCC-2075.png","LCCC-2075.png","D:\github\ron-english-light-cult-2001-3000\images\2001-2100\LCCC-2075.png","items/lccc-2075.html","https://ronenglish-archive.github.io/ron-english-light-cult-2001-3000/items/lccc-2075.html","https://opensea.io/item/ethereum/0xbe85fbd182af91290be7293438ae67549638189f/2075","OK",""
"2076","2076","Light Cult Crypto Club #2076","RE-003886","2001-2100","D:\github\ron-english-nfts\light-cult-crypto-club\images\LCCC-2076.png","25542","images/2001-2100/LCCC-2076.png","LCCC-2076.png","D:\github\ron-english-light-cult-2001-3000\images\2001-2100\LCCC-2076.png","items/lccc-2076.html","https://ronenglish-archive.github.io/ron-english-light-cult-2001-3000/items/lccc-2076.html","https://opensea.io/item/ethereum/0xbe85fbd182af91290be7293438ae67549638189f/2076","OK",""
"2077","2077","Light Cult Crypto Club #2077","RE-003887","2001-2100","D:\github\ron-english-nfts\light-cult-crypto-club\images\LCCC-2077.png","16755","images/2001-2100/LCCC-2077.png","LCCC-2077.png","D:\github\ron-english-light-cult-2001-3000\images\2001-2100\LCCC-2077.png","items/lccc-2077.html","https://ronenglish-archive.github.io/ron-english-light-cult-2001-3000/items/lccc-2077.html","https://opensea.io/item/ethereum/0xbe85fbd182af91290be7293438ae67549638189f/2077","OK",""
"2078","2078","Light Cult Crypto Club #2078","RE-003888","2001-2100","D:\github\ron-english-nfts\light-cult-crypto-club\images\LCCC-2078.png","5043","images/2001-2100/LCCC-2078.png","LCCC-2078.png","D:\github\ron-english-light-cult-2001-3000\images\2001-2100\LCCC-2078.png","items/lccc-2078.html","https://ronenglish-archive.github.io/ron-english-light-cult-2001-3000/items/lccc-2078.html","https://opensea.io/item/ethereum/0xbe85fbd182af91290be7293438ae67549638189f/2078","OK",""
"2079","2079","Light Cult Crypto Club #2079","RE-003889","2001-2100","D:\github\ron-english-nfts\light-cult-crypto-club\images\LCCC-2079.png","20553","images/2001-2100/LCCC-2079.png","LCCC-2079.png","D:\github\ron-english-light-cult-2001-3000\images\2001-2100\LCCC-2079.png","items/lccc-2079.html","https://ronenglish-archive.github.io/ron-english-light-cult-2001-3000/items/lccc-2079.html","https://opensea.io/item/ethereum/0xbe85fbd182af91290be7293438ae67549638189f/2079","OK",""
"2080","2080","Light Cult Crypto Club #2080","RE-003890","2001-2100","D:\github\ron-english-nfts\light-cult-crypto-club\images\LCCC-2080.png","9267","images/2001-2100/LCCC-2080.png","LCCC-2080.png","D:\github\ron-english-light-cult-2001-3000\images\2001-2100\LCCC-2080.png","items/lccc-2080.html","https://ronenglish-archive.github.io/ron-english-light-cult-2001-3000/items/lccc-2080.html","https://opensea.io/item/ethereum/0xbe85fbd182af91290be7293438ae67549638189f/2080","OK",""
"2081","2081","Light Cult Crypto Club #2081","RE-003891","2001-2100","","","","","","items/lccc-2081.html","https://ronenglish-archive.github.io/ron-english-light-cult-2001-3000/items/lccc-2081.html","https://opensea.io/item/ethereum/0xbe85fbd182af91290be7293438ae67549638189f/2081","MISSING SOURCE IMAGE","No source image found for token #2081"
"2082","2082","Light Cult Crypto Club #2082","RE-003892","2001-2100","D:\github\ron-english-nfts\light-cult-crypto-club\images\LCCC-2082.png","26617","images/2001-2100/LCCC-2082.png","LCCC-2082.png","D:\github\ron-english-light-cult-2001-3000\images\2001-2100\LCCC-2082.png","items/lccc-2082.html","https://ronenglish-archive.github.io/ron-english-light-cult-2001-3000/items/lccc-2082.html","https://opensea.io/item/ethereum/0xbe85fbd182af91290be7293438ae67549638189f/2082","OK",""
"2083","2083","Light Cult Crypto Club #2083","RE-003893","2001-2100","","","","","","items/lccc-2083.html","https://ronenglish-archive.github.io/ron-english-light-cult-2001-3000/items/lccc-2083.html","https://opensea.io/item/ethereum/0xbe85fbd182af91290be7293438ae67549638189f/2083","MISSING SOURCE IMAGE","No source image found for token #2083"
"2084","2084","Light Cult Crypto Club #2084","RE-003894","2001-2100","D:\github\ron-english-nfts\light-cult-crypto-club\images\LCCC-2084.png","14379","images/2001-2100/LCCC-2084.png","LCCC-2084.png","D:\github\ron-english-light-cult-2001-3000\images\2001-2100\LCCC-2084.png","items/lccc-2084.html","https://ronenglish-archive.github.io/ron-english-light-cult-2001-3000/items/lccc-2084.html","https://opensea.io/item/ethereum/0xbe85fbd182af91290be7293438ae67549638189f/2084","OK",""
"2085","2085","Light Cult Crypto Club #2085","RE-003895","2001-2100","D:\github\ron-english-nfts\light-cult-crypto-club\images\LCCC-2085.png","17692","images/2001-2100/LCCC-2085.png","LCCC-2085.png","D:\github\ron-english-light-cult-2001-3000\images\2001-2100\LCCC-2085.png","items/lccc-2085.html","https://ronenglish-archive.github.io/ron-english-light-cult-2001-3000/items/lccc-2085.html","https://opensea.io/item/ethereum/0xbe85fbd182af91290be7293438ae67549638189f/2085","OK",""
"2086","2086","Light Cult Crypto Club #2086","RE-003896","2001-2100","D:\github\ron-english-nfts\light-cult-crypto-club\images\LCCC-2086.png","28299","images/2001-2100/LCCC-2086.png","LCCC-2086.png","D:\github\ron-english-light-cult-2001-3000\images\2001-2100\LCCC-2086.png","items/lccc-2086.html","https://ronenglish-archive.github.io/ron-english-light-cult-2001-3000/items/lccc-2086.html","https://opensea.io/item/ethereum/0xbe85fbd182af91290be7293438ae67549638189f/2086","OK",""
"2087","2087","Light Cult Crypto Club #2087","RE-003897","2001-2100","D:\github\ron-english-nfts\light-cult-crypto-club\images\LCCC-2087.png","11643","images/2001-2100/LCCC-2087.png","LCCC-2087.png","D:\github\ron-english-light-cult-2001-3000\images\2001-2100\LCCC-2087.png","items/lccc-2087.html","https://ronenglish-archive.github.io/ron-english-light-cult-2001-3000/items/lccc-2087.html","https://opensea.io/item/ethereum/0xbe85fbd182af91290be7293438ae67549638189f/2087","OK",""
"2088","2088","Light Cult Crypto Club #2088","RE-003898","2001-2100","","","","","","items/lccc-2088.html","https://ronenglish-archive.github.io/ron-english-light-cult-2001-3000/items/lccc-2088.html","https://opensea.io/item/ethereum/0xbe85fbd182af91290be7293438ae67549638189f/2088","MISSING SOURCE IMAGE","No source image found for token #2088"
"2089","2089","Light Cult Crypto Club #2089","RE-003899","2001-2100","D:\github\ron-english-nfts\light-cult-crypto-club\images\LCCC-2089.png","36017","images/2001-2100/LCCC-2089.png","LCCC-2089.png","D:\github\ron-english-light-cult-2001-3000\images\2001-2100\LCCC-2089.png","items/lccc-2089.html","https://ronenglish-archive.github.io/ron-english-light-cult-2001-3000/items/lccc-2089.html","https://opensea.io/item/ethereum/0xbe85fbd182af91290be7293438ae67549638189f/2089","OK",""
"2090","2090","Light Cult Crypto Club #2090","RE-003900","2001-2100","D:\github\ron-english-nfts\light-cult-crypto-club\images\LCCC-2090.png","26771","images/2001-2100/LCCC-2090.png","LCCC-2090.png","D:\github\ron-english-light-cult-2001-3000\images\2001-2100\LCCC-2090.png","items/lccc-2090.html","https://ronenglish-archive.github.io/ron-english-light-cult-2001-3000/items/lccc-2090.html","https://opensea.io/item/ethereum/0xbe85fbd182af91290be7293438ae67549638189f/2090","OK",""
"2091","2091","Light Cult Crypto Club #2091","RE-003901","2001-2100","D:\github\ron-english-nfts\light-cult-crypto-club\images\LCCC-2091.png","37022","images/2001-2100/LCCC-2091.png","LCCC-2091.png","D:\github\ron-english-light-cult-2001-3000\images\2001-2100\LCCC-2091.png","items/lccc-2091.html","https://ronenglish-archive.github.io/ron-english-light-cult-2001-3000/items/lccc-2091.html","https://opensea.io/item/ethereum/0xbe85fbd182af91290be7293438ae67549638189f/2091","OK",""
"2092","2092","Light Cult Crypto Club #2092","RE-003902","2001-2100","D:\github\ron-english-nfts\light-cult-crypto-club\images\LCCC-2092.png","14866","images/2001-2100/LCCC-2092.png","LCCC-2092.png","D:\github\ron-english-light-cult-2001-3000\images\2001-2100\LCCC-2092.png","items/lccc-2092.html","https://ronenglish-archive.github.io/ron-english-light-cult-2001-3000/items/lccc-2092.html","https://opensea.io/item/ethereum/0xbe85fbd182af91290be7293438ae67549638189f/2092","OK",""
"2093","2093","Light Cult Crypto Club #2093","RE-003903","2001-2100","D:\github\ron-english-nfts\light-cult-crypto-club\images\LCCC-2093.png","26892","images/2001-2100/LCCC-2093.png","LCCC-2093.png","D:\github\ron-english-light-cult-2001-3000\images\2001-2100\LCCC-2093.png","items/lccc-2093.html","https://ronenglish-archive.github.io/ron-english-light-cult-2001-3000/items/lccc-2093.html","https://opensea.io/item/ethereum/0xbe85fbd182af91290be7293438ae67549638189f/2093","OK",""
"2094","2094","Light Cult Crypto Club #2094","RE-003904","2001-2100","D:\github\ron-english-nfts\light-cult-crypto-club\images\LCCC-2094.png","19032","images/2001-2100/LCCC-2094.png","LCCC-2094.png","D:\github\ron-english-light-cult-2001-3000\images\2001-2100\LCCC-2094.png","items/lccc-2094.html","https://ronenglish-archive.github.io/ron-english-light-cult-2001-3000/items/lccc-2094.html","https://opensea.io/item/ethereum/0xbe85fbd182af91290be7293438ae67549638189f/2094","OK",""
"2095","2095","Light Cult Crypto Club #2095","RE-003905","2001-2100","D:\github\ron-english-nfts\light-cult-crypto-club\images\LCCC-2095.png","6848","images/2001-2100/LCCC-2095.png","LCCC-2095.png","D:\github\ron-english-light-cult-2001-3000\images\2001-2100\LCCC-2095.png","items/lccc-2095.html","https://ronenglish-archive.github.io/ron-english-light-cult-2001-3000/items/lccc-2095.html","https://opensea.io/item/ethereum/0xbe85fbd182af91290be7293438ae67549638189f/2095","OK",""
"2096","2096","Light Cult Crypto Club #2096","RE-003906","2001-2100","","","","","","items/lccc-2096.html","https://ronenglish-archive.github.io/ron-english-light-cult-2001-3000/items/lccc-2096.html","https://opensea.io/item/ethereum/0xbe85fbd182af91290be7293438ae67549638189f/2096","MISSING SOURCE IMAGE","No source image found for token #2096"
"2097","2097","Light Cult Crypto Club #2097","RE-003907","2001-2100","D:\github\ron-english-nfts\light-cult-crypto-club\images\LCCC-2097.png","17307","images/2001-2100/LCCC-2097.png","LCCC-2097.png","D:\github\ron-english-light-cult-2001-3000\images\2001-2100\LCCC-2097.png","items/lccc-2097.html","https://ronenglish-archive.github.io/ron-english-light-cult-2001-3000/items/lccc-2097.html","https://opensea.io/item/ethereum/0xbe85fbd182af91290be7293438ae67549638189f/2097","OK",""
"2098","2098","Light Cult Crypto Club #2098","RE-003908","2001-2100","D:\github\ron-english-nfts\light-cult-crypto-club\images\LCCC-2098.png","31960","images/2001-2100/LCCC-2098.png","LCCC-2098.png","D:\github\ron-english-light-cult-2001-3000\images\2001-2100\LCCC-2098.png","items/lccc-2098.html","https://ronenglish-archive.github.io/ron-english-light-cult-2001-3000/items/lccc-2098.html","https://opensea.io/item/ethereum/0xbe85fbd182af91290be7293438ae67549638189f/2098","OK",""
"2099","2099","Light Cult Crypto Club #2099","RE-003909","2001-2100","D:\github\ron-english-nfts\light-cult-crypto-club\images\LCCC-2099.png","29486","images/2001-2100/LCCC-2099.png","LCCC-2099.png","D:\github\ron-english-light-cult-2001-3000\images\2001-2100\LCCC-2099.png","items/lccc-2099.html","https://ronenglish-archive.github.io/ron-english-light-cult-2001-3000/items/lccc-2099.html","https://opensea.io/item/ethereum/0xbe85fbd182af91290be7293438ae67549638189f/2099","OK",""
"2100","2100","Light Cult Crypto Club #2100","RE-003910","2001-2100","D:\github\ron-english-nfts\light-cult-crypto-club\images\LCCC-2100.png","11212","images/2001-2100/LCCC-2100.png","LCCC-2100.png","D:\github\ron-english-light-cult-2001-3000\images\2001-2100\LCCC-2100.png","items/lccc-2100.html","https://ronenglish-archive.github.io/ron-english-light-cult-2001-3000/items/lccc-2100.html","https://opensea.io/item/ethereum/0xbe85fbd182af91290be7293438ae67549638189f/2100","OK",""
"2101","2101","Light Cult Crypto Club #2101","RE-003911","2101-2200","D:\github\ron-english-nfts\light-cult-crypto-club\images\LCCC-2101.png","31020","images/2101-2200/LCCC-2101.png","LCCC-2101.png","D:\github\ron-english-light-cult-2001-3000\images\2101-2200\LCCC-2101.png","items/lccc-2101.html","https://ronenglish-archive.github.io/ron-english-light-cult-2001-3000/items/lccc-2101.html","https://opensea.io/item/ethereum/0xbe85fbd182af91290be7293438ae67549638189f/2101","OK",""
"2102","2102","Light Cult Crypto Club #2102","RE-003912","2101-2200","D:\github\ron-english-nfts\light-cult-crypto-club\images\LCCC-2102.png","16839","images/2101-2200/LCCC-2102.png","LCCC-2102.png","D:\github\ron-english-light-cult-2001-3000\images\2101-2200\LCCC-2102.png","items/lccc-2102.html","https://ronenglish-archive.github.io/ron-english-light-cult-2001-3000/items/lccc-2102.html","https://opensea.io/item/ethereum/0xbe85fbd182af91290be7293438ae67549638189f/2102","OK",""
"2103","2103","Light Cult Crypto Club #2103","RE-003913","2101-2200","D:\github\ron-english-nfts\light-cult-crypto-club\images\LCCC-2103.png","12010","images/2101-2200/LCCC-2103.png","LCCC-2103.png","D:\github\ron-english-light-cult-2001-3000\images\2101-2200\LCCC-2103.png","items/lccc-2103.html","https://ronenglish-archive.github.io/ron-english-light-cult-2001-3000/items/lccc-2103.html","https://opensea.io/item/ethereum/0xbe85fbd182af91290be7293438ae67549638189f/2103","OK",""
"2104","2104","Light Cult Crypto Club #2104","RE-003914","2101-2200","D:\github\ron-english-nfts\light-cult-crypto-club\images\LCCC-2104.png","19767","images/2101-2200/LCCC-2104.png","LCCC-2104.png","D:\github\ron-english-light-cult-2001-3000\images\2101-2200\LCCC-2104.png","items/lccc-2104.html","https://ronenglish-archive.github.io/ron-english-light-cult-2001-3000/items/lccc-2104.html","https://opensea.io/item/ethereum/0xbe85fbd182af91290be7293438ae67549638189f/2104","OK",""
"2105","2105","Light Cult Crypto Club #2105","RE-003915","2101-2200","D:\github\ron-english-nfts\light-cult-crypto-club\images\LCCC-2105.png","25543","images/2101-2200/LCCC-2105.png","LCCC-2105.png","D:\github\ron-english-light-cult-2001-3000\images\2101-2200\LCCC-2105.png","items/lccc-2105.html","https://ronenglish-archive.github.io/ron-english-light-cult-2001-3000/items/lccc-2105.html","https://opensea.io/item/ethereum/0xbe85fbd182af91290be7293438ae67549638189f/2105","OK",""
"2106","2106","Light Cult Crypto Club #2106","RE-003916","2101-2200","D:\github\ron-english-nfts\light-cult-crypto-club\images\LCCC-2106.png","29893","images/2101-2200/LCCC-2106.png","LCCC-2106.png","D:\github\ron-english-light-cult-2001-3000\images\2101-2200\LCCC-2106.png","items/lccc-2106.html","https://ronenglish-archive.github.io/ron-english-light-cult-2001-3000/items/lccc-2106.html","https://opensea.io/item/ethereum/0xbe85fbd182af91290be7293438ae67549638189f/2106","OK",""
"2107","2107","Light Cult Crypto Club #2107","RE-003917","2101-2200","D:\github\ron-english-nfts\light-cult-crypto-club\images\LCCC-2107.png","8206","images/2101-2200/LCCC-2107.png","LCCC-2107.png","D:\github\ron-english-light-cult-2001-3000\images\2101-2200\LCCC-2107.png","items/lccc-2107.html","https://ronenglish-archive.github.io/ron-english-light-cult-2001-3000/items/lccc-2107.html","https://opensea.io/item/ethereum/0xbe85fbd182af91290be7293438ae67549638189f/2107","OK",""
"2108","2108","Light Cult Crypto Club #2108","RE-003918","2101-2200","D:\github\ron-english-nfts\light-cult-crypto-club\images\LCCC-2108.png","9519","images/2101-2200/LCCC-2108.png","LCCC-2108.png","D:\github\ron-english-light-cult-2001-3000\images\2101-2200\LCCC-2108.png","items/lccc-2108.html","https://ronenglish-archive.github.io/ron-english-light-cult-2001-3000/items/lccc-2108.html","https://opensea.io/item/ethereum/0xbe85fbd182af91290be7293438ae67549638189f/2108","OK",""
"2109","2109","Light Cult Crypto Club #2109","RE-003919","2101-2200","D:\github\ron-english-nfts\light-cult-crypto-club\images\LCCC-2109.png","15969","images/2101-2200/LCCC-2109.png","LCCC-2109.png","D:\github\ron-english-light-cult-2001-3000\images\2101-2200\LCCC-2109.png","items/lccc-2109.html","https://ronenglish-archive.github.io/ron-english-light-cult-2001-3000/items/lccc-2109.html","https://opensea.io/item/ethereum/0xbe85fbd182af91290be7293438ae67549638189f/2109","OK",""
"2110","2110","Light Cult Crypto Club #2110","RE-003920","2101-2200","D:\github\ron-english-nfts\light-cult-crypto-club\images\LCCC-2110.png","16305","images/2101-2200/LCCC-2110.png","LCCC-2110.png","D:\github\ron-english-light-cult-2001-3000\images\2101-2200\LCCC-2110.png","items/lccc-2110.html","https://ronenglish-archive.github.io/ron-english-light-cult-2001-3000/items/lccc-2110.html","https://opensea.io/item/ethereum/0xbe85fbd182af91290be7293438ae67549638189f/2110","OK",""
"2111","2111","Light Cult Crypto Club #2111","RE-003921","2101-2200","D:\github\ron-english-nfts\light-cult-crypto-club\images\LCCC-2111.png","32795","images/2101-2200/LCCC-2111.png","LCCC-2111.png","D:\github\ron-english-light-cult-2001-3000\images\2101-2200\LCCC-2111.png","items/lccc-2111.html","https://ronenglish-archive.github.io/ron-english-light-cult-2001-3000/items/lccc-2111.html","https://opensea.io/item/ethereum/0xbe85fbd182af91290be7293438ae67549638189f/2111","OK",""
"2112","2112","Light Cult Crypto Club #2112","RE-003922","2101-2200","D:\github\ron-english-nfts\light-cult-crypto-club\images\LCCC-2112.png","36858","images/2101-2200/LCCC-2112.png","LCCC-2112.png","D:\github\ron-english-light-cult-2001-3000\images\2101-2200\LCCC-2112.png","items/lccc-2112.html","https://ronenglish-archive.github.io/ron-english-light-cult-2001-3000/items/lccc-2112.html","https://opensea.io/item/ethereum/0xbe85fbd182af91290be7293438ae67549638189f/2112","OK",""
"2113","2113","Light Cult Crypto Club #2113","RE-003923","2101-2200","D:\github\ron-english-nfts\light-cult-crypto-club\images\LCCC-2113.png","34114","images/2101-2200/LCCC-2113.png","LCCC-2113.png","D:\github\ron-english-light-cult-2001-3000\images\2101-2200\LCCC-2113.png","items/lccc-2113.html","https://ronenglish-archive.github.io/ron-english-light-cult-2001-3000/items/lccc-2113.html","https://opensea.io/item/ethereum/0xbe85fbd182af91290be7293438ae67549638189f/2113","OK",""
"2114","2114","Light Cult Crypto Club #2114","RE-003924","2101-2200","D:\github\ron-english-nfts\light-cult-crypto-club\images\LCCC-2114.png","31784","images/2101-2200/LCCC-2114.png","LCCC-2114.png","D:\github\ron-english-light-cult-2001-3000\images\2101-2200\LCCC-2114.png","items/lccc-2114.html","https://ronenglish-archive.github.io/ron-english-light-cult-2001-3000/items/lccc-2114.html","https://opensea.io/item/ethereum/0xbe85fbd182af91290be7293438ae67549638189f/2114","OK",""
"2115","2115","Light Cult Crypto Club #2115","RE-003925","2101-2200","D:\github\ron-english-nfts\light-cult-crypto-club\images\LCCC-2115.png","6066","images/2101-2200/LCCC-2115.png","LCCC-2115.png","D:\github\ron-english-light-cult-2001-3000\images\2101-2200\LCCC-2115.png","items/lccc-2115.html","https://ronenglish-archive.github.io/ron-english-light-cult-2001-3000/items/lccc-2115.html","https://opensea.io/item/ethereum/0xbe85fbd182af91290be7293438ae67549638189f/2115","OK",""
"2116","2116","Light Cult Crypto Club #2116","RE-003926","2101-2200","","","","","","items/lccc-2116.html","https://ronenglish-archive.github.io/ron-english-light-cult-2001-3000/items/lccc-2116.html","https://opensea.io/item/ethereum/0xbe85fbd182af91290be7293438ae67549638189f/2116","MISSING SOURCE IMAGE","No source image found for token #2116"
"2117","2117","Light Cult Crypto Club #2117","RE-003927","2101-2200","","","","","","items/lccc-2117.html","https://ronenglish-archive.github.io/ron-english-light-cult-2001-3000/items/lccc-2117.html","https://opensea.io/item/ethereum/0xbe85fbd182af91290be7293438ae67549638189f/2117","MISSING SOURCE IMAGE","No source image found for token #2117"
"2118","2118","Light Cult Crypto Club #2118","RE-003928","2101-2200","D:\github\ron-english-nfts\light-cult-crypto-club\images\LCCC-2118.png","33135","images/2101-2200/LCCC-2118.png","LCCC-2118.png","D:\github\ron-english-light-cult-2001-3000\images\2101-2200\LCCC-2118.png","items/lccc-2118.html","https://ronenglish-archive.github.io/ron-english-light-cult-2001-3000/items/lccc-2118.html","https://opensea.io/item/ethereum/0xbe85fbd182af91290be7293438ae67549638189f/2118","OK",""
"2119","2119","Light Cult Crypto Club #2119","RE-003929","2101-2200","D:\github\ron-english-nfts\light-cult-crypto-club\images\LCCC-2119.png","16287","images/2101-2200/LCCC-2119.png","LCCC-2119.png","D:\github\ron-english-light-cult-2001-3000\images\2101-2200\LCCC-2119.png","items/lccc-2119.html","https://ronenglish-archive.github.io/ron-english-light-cult-2001-3000/items/lccc-2119.html","https://opensea.io/item/ethereum/0xbe85fbd182af91290be7293438ae67549638189f/2119","OK",""
"2120","2120","Light Cult Crypto Club #2120","RE-003930","2101-2200","D:\github\ron-english-nfts\light-cult-crypto-club\images\LCCC-2120.png","35376","images/2101-2200/LCCC-2120.png","LCCC-2120.png","D:\github\ron-english-light-cult-2001-3000\images\2101-2200\LCCC-2120.png","items/lccc-2120.html","https://ronenglish-archive.github.io/ron-english-light-cult-2001-3000/items/lccc-2120.html","https://opensea.io/item/ethereum/0xbe85fbd182af91290be7293438ae67549638189f/2120","OK",""
"2121","2121","Light Cult Crypto Club #2121","RE-003931","2101-2200","D:\github\ron-english-nfts\light-cult-crypto-club\images\LCCC-2121.png","14589","images/2101-2200/LCCC-2121.png","LCCC-2121.png","D:\github\ron-english-light-cult-2001-3000\images\2101-2200\LCCC-2121.png","items/lccc-2121.html","https://ronenglish-archive.github.io/ron-english-light-cult-2001-3000/items/lccc-2121.html","https://opensea.io/item/ethereum/0xbe85fbd182af91290be7293438ae67549638189f/2121","OK",""
"2122","2122","Light Cult Crypto Club #2122","RE-003932","2101-2200","","","","","","items/lccc-2122.html","https://ronenglish-archive.github.io/ron-english-light-cult-2001-3000/items/lccc-2122.html","https://opensea.io/item/ethereum/0xbe85fbd182af91290be7293438ae67549638189f/2122","MISSING SOURCE IMAGE","No source image found for token #2122"
"2123","2123","Light Cult Crypto Club #2123","RE-003933","2101-2200","D:\github\ron-english-nfts\light-cult-crypto-club\images\LCCC-2123.png","8747","images/2101-2200/LCCC-2123.png","LCCC-2123.png","D:\github\ron-english-light-cult-2001-3000\images\2101-2200\LCCC-2123.png","items/lccc-2123.html","https://ronenglish-archive.github.io/ron-english-light-cult-2001-3000/items/lccc-2123.html","https://opensea.io/item/ethereum/0xbe85fbd182af91290be7293438ae67549638189f/2123","OK",""
"2124","2124","Light Cult Crypto Club #2124","RE-003934","2101-2200","D:\github\ron-english-nfts\light-cult-crypto-club\images\LCCC-2124.png","13102","images/2101-2200/LCCC-2124.png","LCCC-2124.png","D:\github\ron-english-light-cult-2001-3000\images\2101-2200\LCCC-2124.png","items/lccc-2124.html","https://ronenglish-archive.github.io/ron-english-light-cult-2001-3000/items/lccc-2124.html","https://opensea.io/item/ethereum/0xbe85fbd182af91290be7293438ae67549638189f/2124","OK",""
"2125","2125","Light Cult Crypto Club #2125","RE-003935","2101-2200","D:\github\ron-english-nfts\light-cult-crypto-club\images\LCCC-2125.png","47301","images/2101-2200/LCCC-2125.png","LCCC-2125.png","D:\github\ron-english-light-cult-2001-3000\images\2101-2200\LCCC-2125.png","items/lccc-2125.html","https://ronenglish-archive.github.io/ron-english-light-cult-2001-3000/items/lccc-2125.html","https://opensea.io/item/ethereum/0xbe85fbd182af91290be7293438ae67549638189f/2125","OK",""
"2126","2126","Light Cult Crypto Club #2126","RE-003936","2101-2200","","","","","","items/lccc-2126.html","https://ronenglish-archive.github.io/ron-english-light-cult-2001-3000/items/lccc-2126.html","https://opensea.io/item/ethereum/0xbe85fbd182af91290be7293438ae67549638189f/2126","MISSING SOURCE IMAGE","No source image found for token #2126"
"2127","2127","Light Cult Crypto Club #2127","RE-003937","2101-2200","D:\github\ron-english-nfts\light-cult-crypto-club\images\LCCC-2127.png","9139","images/2101-2200/LCCC-2127.png","LCCC-2127.png","D:\github\ron-english-light-cult-2001-3000\images\2101-2200\LCCC-2127.png","items/lccc-2127.html","https://ronenglish-archive.github.io/ron-english-light-cult-2001-3000/items/lccc-2127.html","https://opensea.io/item/ethereum/0xbe85fbd182af91290be7293438ae67549638189f/2127","OK",""
"2128","2128","Light Cult Crypto Club #2128","RE-003938","2101-2200","D:\github\ron-english-nfts\light-cult-crypto-club\images\LCCC-2128.png","18698","images/2101-2200/LCCC-2128.png","LCCC-2128.png","D:\github\ron-english-light-cult-2001-3000\images\2101-2200\LCCC-2128.png","items/lccc-2128.html","https://ronenglish-archive.github.io/ron-english-light-cult-2001-3000/items/lccc-2128.html","https://opensea.io/item/ethereum/0xbe85fbd182af91290be7293438ae67549638189f/2128","OK",""
"2129","2129","Light Cult Crypto Club #2129","RE-003939","2101-2200","D:\github\ron-english-nfts\light-cult-crypto-club\images\LCCC-2129.png","15196","images/2101-2200/LCCC-2129.png","LCCC-2129.png","D:\github\ron-english-light-cult-2001-3000\images\2101-2200\LCCC-2129.png","items/lccc-2129.html","https://ronenglish-archive.github.io/ron-english-light-cult-2001-3000/items/lccc-2129.html","https://opensea.io/item/ethereum/0xbe85fbd182af91290be7293438ae67549638189f/2129","OK",""
"2130","2130","Light Cult Crypto Club #2130","RE-003940","2101-2200","D:\github\ron-english-nfts\light-cult-crypto-club\images\LCCC-2130.png","36140","images/2101-2200/LCCC-2130.png","LCCC-2130.png","D:\github\ron-english-light-cult-2001-3000\images\2101-2200\LCCC-2130.png","items/lccc-2130.html","https://ronenglish-archive.github.io/ron-english-light-cult-2001-3000/items/lccc-2130.html","https://opensea.io/item/ethereum/0xbe85fbd182af91290be7293438ae67549638189f/2130","OK",""
"2131","2131","Light Cult Crypto Club #2131","RE-003941","2101-2200","D:\github\ron-english-nfts\light-cult-crypto-club\images\LCCC-2131.png","7840","images/2101-2200/LCCC-2131.png","LCCC-2131.png","D:\github\ron-english-light-cult-2001-3000\images\2101-2200\LCCC-2131.png","items/lccc-2131.html","https://ronenglish-archive.github.io/ron-english-light-cult-2001-3000/items/lccc-2131.html","https://opensea.io/item/ethereum/0xbe85fbd182af91290be7293438ae67549638189f/2131","OK",""
"2132","2132","Light Cult Crypto Club #2132","RE-003942","2101-2200","D:\github\ron-english-nfts\light-cult-crypto-club\images\LCCC-2132.png","6952","images/2101-2200/LCCC-2132.png","LCCC-2132.png","D:\github\ron-english-light-cult-2001-3000\images\2101-2200\LCCC-2132.png","items/lccc-2132.html","https://ronenglish-archive.github.io/ron-english-light-cult-2001-3000/items/lccc-2132.html","https://opensea.io/item/ethereum/0xbe85fbd182af91290be7293438ae67549638189f/2132","OK",""
"2133","2133","Light Cult Crypto Club #2133","RE-003943","2101-2200","D:\github\ron-english-nfts\light-cult-crypto-club\images\LCCC-2133.png","32006","images/2101-2200/LCCC-2133.png","LCCC-2133.png","D:\github\ron-english-light-cult-2001-3000\images\2101-2200\LCCC-2133.png","items/lccc-2133.html","https://ronenglish-archive.github.io/ron-english-light-cult-2001-3000/items/lccc-2133.html","https://opensea.io/item/ethereum/0xbe85fbd182af91290be7293438ae67549638189f/2133","OK",""
"2134","2134","Light Cult Crypto Club #2134","RE-003944","2101-2200","D:\github\ron-english-nfts\light-cult-crypto-club\images\LCCC-2134.png","26187","images/2101-2200/LCCC-2134.png","LCCC-2134.png","D:\github\ron-english-light-cult-2001-3000\images\2101-2200\LCCC-2134.png","items/lccc-2134.html","https://ronenglish-archive.github.io/ron-english-light-cult-2001-3000/items/lccc-2134.html","https://opensea.io/item/ethereum/0xbe85fbd182af91290be7293438ae67549638189f/2134","OK",""
"2135","2135","Light Cult Crypto Club #2135","RE-003945","2101-2200","D:\github\ron-english-nfts\light-cult-crypto-club\images\LCCC-2135.png","14172","images/2101-2200/LCCC-2135.png","LCCC-2135.png","D:\github\ron-english-light-cult-2001-3000\images\2101-2200\LCCC-2135.png","items/lccc-2135.html","https://ronenglish-archive.github.io/ron-english-light-cult-2001-3000/items/lccc-2135.html","https://opensea.io/item/ethereum/0xbe85fbd182af91290be7293438ae67549638189f/2135","OK",""
"2136","2136","Light Cult Crypto Club #2136","RE-003946","2101-2200","D:\github\ron-english-nfts\light-cult-crypto-club\images\LCCC-2136.png","33489","images/2101-2200/LCCC-2136.png","LCCC-2136.png","D:\github\ron-english-light-cult-2001-3000\images\2101-2200\LCCC-2136.png","items/lccc-2136.html","https://ronenglish-archive.github.io/ron-english-light-cult-2001-3000/items/lccc-2136.html","https://opensea.io/item/ethereum/0xbe85fbd182af91290be7293438ae67549638189f/2136","OK",""
"2137","2137","Light Cult Crypto Club #2137","RE-003947","2101-2200","D:\github\ron-english-nfts\light-cult-crypto-club\images\LCCC-2137.png","8969","images/2101-2200/LCCC-2137.png","LCCC-2137.png","D:\github\ron-english-light-cult-2001-3000\images\2101-2200\LCCC-2137.png","items/lccc-2137.html","https://ronenglish-archive.github.io/ron-english-light-cult-2001-3000/items/lccc-2137.html","https://opensea.io/item/ethereum/0xbe85fbd182af91290be7293438ae67549638189f/2137","OK",""
"2138","2138","Light Cult Crypto Club #2138","RE-003948","2101-2200","D:\github\ron-english-nfts\light-cult-crypto-club\images\LCCC-2138.png","22975","images/2101-2200/LCCC-2138.png","LCCC-2138.png","D:\github\ron-english-light-cult-2001-3000\images\2101-2200\LCCC-2138.png","items/lccc-2138.html","https://ronenglish-archive.github.io/ron-english-light-cult-2001-3000/items/lccc-2138.html","https://opensea.io/item/ethereum/0xbe85fbd182af91290be7293438ae67549638189f/2138","OK",""
"2139","2139","Light Cult Crypto Club #2139","RE-003949","2101-2200","D:\github\ron-english-nfts\light-cult-crypto-club\images\LCCC-2139.png","32349","images/2101-2200/LCCC-2139.png","LCCC-2139.png","D:\github\ron-english-light-cult-2001-3000\images\2101-2200\LCCC-2139.png","items/lccc-2139.html","https://ronenglish-archive.github.io/ron-english-light-cult-2001-3000/items/lccc-2139.html","https://opensea.io/item/ethereum/0xbe85fbd182af91290be7293438ae67549638189f/2139","OK",""
"2140","2140","Light Cult Crypto Club #2140","RE-003950","2101-2200","D:\github\ron-english-nfts\light-cult-crypto-club\images\LCCC-2140.png","15623","images/2101-2200/LCCC-2140.png","LCCC-2140.png","D:\github\ron-english-light-cult-2001-3000\images\2101-2200\LCCC-2140.png","items/lccc-2140.html","https://ronenglish-archive.github.io/ron-english-light-cult-2001-3000/items/lccc-2140.html","https://opensea.io/item/ethereum/0xbe85fbd182af91290be7293438ae67549638189f/2140","OK",""
"2141","2141","Light Cult Crypto Club #2141","RE-003951","2101-2200","D:\github\ron-english-nfts\light-cult-crypto-club\images\LCCC-2141.png","37050","images/2101-2200/LCCC-2141.png","LCCC-2141.png","D:\github\ron-english-light-cult-2001-3000\images\2101-2200\LCCC-2141.png","items/lccc-2141.html","https://ronenglish-archive.github.io/ron-english-light-cult-2001-3000/items/lccc-2141.html","https://opensea.io/item/ethereum/0xbe85fbd182af91290be7293438ae67549638189f/2141","OK",""
"2142","2142","Light Cult Crypto Club #2142","RE-003952","2101-2200","D:\github\ron-english-nfts\light-cult-crypto-club\images\LCCC-2142.png","14673","images/2101-2200/LCCC-2142.png","LCCC-2142.png","D:\github\ron-english-light-cult-2001-3000\images\2101-2200\LCCC-2142.png","items/lccc-2142.html","https://ronenglish-archive.github.io/ron-english-light-cult-2001-3000/items/lccc-2142.html","https://opensea.io/item/ethereum/0xbe85fbd182af91290be7293438ae67549638189f/2142","OK",""
"2143","2143","Light Cult Crypto Club #2143","RE-003953","2101-2200","D:\github\ron-english-nfts\light-cult-crypto-club\images\LCCC-2143.png","17711","images/2101-2200/LCCC-2143.png","LCCC-2143.png","D:\github\ron-english-light-cult-2001-3000\images\2101-2200\LCCC-2143.png","items/lccc-2143.html","https://ronenglish-archive.github.io/ron-english-light-cult-2001-3000/items/lccc-2143.html","https://opensea.io/item/ethereum/0xbe85fbd182af91290be7293438ae67549638189f/2143","OK",""
"2144","2144","Light Cult Crypto Club #2144","RE-003954","2101-2200","D:\github\ron-english-nfts\light-cult-crypto-club\images\LCCC-2144.png","26400","images/2101-2200/LCCC-2144.png","LCCC-2144.png","D:\github\ron-english-light-cult-2001-3000\images\2101-2200\LCCC-2144.png","items/lccc-2144.html","https://ronenglish-archive.github.io/ron-english-light-cult-2001-3000/items/lccc-2144.html","https://opensea.io/item/ethereum/0xbe85fbd182af91290be7293438ae67549638189f/2144","OK",""
"2145","2145","Light Cult Crypto Club #2145","RE-003955","2101-2200","D:\github\ron-english-nfts\light-cult-crypto-club\images\LCCC-2145.png","20424","images/2101-2200/LCCC-2145.png","LCCC-2145.png","D:\github\ron-english-light-cult-2001-3000\images\2101-2200\LCCC-2145.png","items/lccc-2145.html","https://ronenglish-archive.github.io/ron-english-light-cult-2001-3000/items/lccc-2145.html","https://opensea.io/item/ethereum/0xbe85fbd182af91290be7293438ae67549638189f/2145","OK",""
"2146","2146","Light Cult Crypto Club #2146","RE-003956","2101-2200","D:\github\ron-english-nfts\light-cult-crypto-club\images\LCCC-2146.png","29396","images/2101-2200/LCCC-2146.png","LCCC-2146.png","D:\github\ron-english-light-cult-2001-3000\images\2101-2200\LCCC-2146.png","items/lccc-2146.html","https://ronenglish-archive.github.io/ron-english-light-cult-2001-3000/items/lccc-2146.html","https://opensea.io/item/ethereum/0xbe85fbd182af91290be7293438ae67549638189f/2146","OK",""
"2147","2147","Light Cult Crypto Club #2147","RE-003957","2101-2200","D:\github\ron-english-nfts\light-cult-crypto-club\images\LCCC-2147.png","9589","images/2101-2200/LCCC-2147.png","LCCC-2147.png","D:\github\ron-english-light-cult-2001-3000\images\2101-2200\LCCC-2147.png","items/lccc-2147.html","https://ronenglish-archive.github.io/ron-english-light-cult-2001-3000/items/lccc-2147.html","https://opensea.io/item/ethereum/0xbe85fbd182af91290be7293438ae67549638189f/2147","OK",""
"2148","2148","Light Cult Crypto Club #2148","RE-003958","2101-2200","D:\github\ron-english-nfts\light-cult-crypto-club\images\LCCC-2148.png","33564","images/2101-2200/LCCC-2148.png","LCCC-2148.png","D:\github\ron-english-light-cult-2001-3000\images\2101-2200\LCCC-2148.png","items/lccc-2148.html","https://ronenglish-archive.github.io/ron-english-light-cult-2001-3000/items/lccc-2148.html","https://opensea.io/item/ethereum/0xbe85fbd182af91290be7293438ae67549638189f/2148","OK",""
"2149","2149","Light Cult Crypto Club #2149","RE-003959","2101-2200","D:\github\ron-english-nfts\light-cult-crypto-club\images\LCCC-2149.png","17011","images/2101-2200/LCCC-2149.png","LCCC-2149.png","D:\github\ron-english-light-cult-2001-3000\images\2101-2200\LCCC-2149.png","items/lccc-2149.html","https://ronenglish-archive.github.io/ron-english-light-cult-2001-3000/items/lccc-2149.html","https://opensea.io/item/ethereum/0xbe85fbd182af91290be7293438ae67549638189f/2149","OK",""
"2150","2150","Light Cult Crypto Club #2150","RE-003960","2101-2200","","","","","","items/lccc-2150.html","https://ronenglish-archive.github.io/ron-english-light-cult-2001-3000/items/lccc-2150.html","https://opensea.io/item/ethereum/0xbe85fbd182af91290be7293438ae67549638189f/2150","MISSING SOURCE IMAGE","No source image found for token #2150"
"2151","2151","Light Cult Crypto Club #2151","RE-003961","2101-2200","D:\github\ron-english-nfts\light-cult-crypto-club\images\LCCC-2151.png","4825","images/2101-2200/LCCC-2151.png","LCCC-2151.png","D:\github\ron-english-light-cult-2001-3000\images\2101-2200\LCCC-2151.png","items/lccc-2151.html","https://ronenglish-archive.github.io/ron-english-light-cult-2001-3000/items/lccc-2151.html","https://opensea.io/item/ethereum/0xbe85fbd182af91290be7293438ae67549638189f/2151","OK",""
"2152","2152","Light Cult Crypto Club #2152","RE-003962","2101-2200","D:\github\ron-english-nfts\light-cult-crypto-club\images\LCCC-2152.png","18428","images/2101-2200/LCCC-2152.png","LCCC-2152.png","D:\github\ron-english-light-cult-2001-3000\images\2101-2200\LCCC-2152.png","items/lccc-2152.html","https://ronenglish-archive.github.io/ron-english-light-cult-2001-3000/items/lccc-2152.html","https://opensea.io/item/ethereum/0xbe85fbd182af91290be7293438ae67549638189f/2152","OK",""
"2153","2153","Light Cult Crypto Club #2153","RE-003963","2101-2200","D:\github\ron-english-nfts\light-cult-crypto-club\images\LCCC-2153.png","14300","images/2101-2200/LCCC-2153.png","LCCC-2153.png","D:\github\ron-english-light-cult-2001-3000\images\2101-2200\LCCC-2153.png","items/lccc-2153.html","https://ronenglish-archive.github.io/ron-english-light-cult-2001-3000/items/lccc-2153.html","https://opensea.io/item/ethereum/0xbe85fbd182af91290be7293438ae67549638189f/2153","OK",""
"2154","2154","Light Cult Crypto Club #2154","RE-003964","2101-2200","D:\github\ron-english-nfts\light-cult-crypto-club\images\LCCC-2154.png","10593","images/2101-2200/LCCC-2154.png","LCCC-2154.png","D:\github\ron-english-light-cult-2001-3000\images\2101-2200\LCCC-2154.png","items/lccc-2154.html","https://ronenglish-archive.github.io/ron-english-light-cult-2001-3000/items/lccc-2154.html","https://opensea.io/item/ethereum/0xbe85fbd182af91290be7293438ae67549638189f/2154","OK",""
"2155","2155","Light Cult Crypto Club #2155","RE-003965","2101-2200","D:\github\ron-english-nfts\light-cult-crypto-club\images\LCCC-2155.png","12945","images/2101-2200/LCCC-2155.png","LCCC-2155.png","D:\github\ron-english-light-cult-2001-3000\images\2101-2200\LCCC-2155.png","items/lccc-2155.html","https://ronenglish-archive.github.io/ron-english-light-cult-2001-3000/items/lccc-2155.html","https://opensea.io/item/ethereum/0xbe85fbd182af91290be7293438ae67549638189f/2155","OK",""
"2156","2156","Light Cult Crypto Club #2156","RE-003966","2101-2200","D:\github\ron-english-nfts\light-cult-crypto-club\images\LCCC-2156.png","12367","images/2101-2200/LCCC-2156.png","LCCC-2156.png","D:\github\ron-english-light-cult-2001-3000\images\2101-2200\LCCC-2156.png","items/lccc-2156.html","https://ronenglish-archive.github.io/ron-english-light-cult-2001-3000/items/lccc-2156.html","https://opensea.io/item/ethereum/0xbe85fbd182af91290be7293438ae67549638189f/2156","OK",""
"2157","2157","Light Cult Crypto Club #2157","RE-003967","2101-2200","","","","","","items/lccc-2157.html","https://ronenglish-archive.github.io/ron-english-light-cult-2001-3000/items/lccc-2157.html","https://opensea.io/item/ethereum/0xbe85fbd182af91290be7293438ae67549638189f/2157","MISSING SOURCE IMAGE","No source image found for token #2157"
"2158","2158","Light Cult Crypto Club #2158","RE-003968","2101-2200","D:\github\ron-english-nfts\light-cult-crypto-club\images\LCCC-2158.png","27875","images/2101-2200/LCCC-2158.png","LCCC-2158.png","D:\github\ron-english-light-cult-2001-3000\images\2101-2200\LCCC-2158.png","items/lccc-2158.html","https://ronenglish-archive.github.io/ron-english-light-cult-2001-3000/items/lccc-2158.html","https://opensea.io/item/ethereum/0xbe85fbd182af91290be7293438ae67549638189f/2158","OK",""
"2159","2159","Light Cult Crypto Club #2159","RE-003969","2101-2200","D:\github\ron-english-nfts\light-cult-crypto-club\images\LCCC-2159.png","16364","images/2101-2200/LCCC-2159.png","LCCC-2159.png","D:\github\ron-english-light-cult-2001-3000\images\2101-2200\LCCC-2159.png","items/lccc-2159.html","https://ronenglish-archive.github.io/ron-english-light-cult-2001-3000/items/lccc-2159.html","https://opensea.io/item/ethereum/0xbe85fbd182af91290be7293438ae67549638189f/2159","OK",""
"2160","2160","Light Cult Crypto Club #2160","RE-003970","2101-2200","D:\github\ron-english-nfts\light-cult-crypto-club\images\LCCC-2160.png","4580","images/2101-2200/LCCC-2160.png","LCCC-2160.png","D:\github\ron-english-light-cult-2001-3000\images\2101-2200\LCCC-2160.png","items/lccc-2160.html","https://ronenglish-archive.github.io/ron-english-light-cult-2001-3000/items/lccc-2160.html","https://opensea.io/item/ethereum/0xbe85fbd182af91290be7293438ae67549638189f/2160","OK",""
"2161","2161","Light Cult Crypto Club #2161","RE-003971","2101-2200","D:\github\ron-english-nfts\light-cult-crypto-club\images\LCCC-2161.png","28187","images/2101-2200/LCCC-2161.png","LCCC-2161.png","D:\github\ron-english-light-cult-2001-3000\images\2101-2200\LCCC-2161.png","items/lccc-2161.html","https://ronenglish-archive.github.io/ron-english-light-cult-2001-3000/items/lccc-2161.html","https://opensea.io/item/ethereum/0xbe85fbd182af91290be7293438ae67549638189f/2161","OK",""
"2162","2162","Light Cult Crypto Club #2162","RE-003972","2101-2200","","","","","","items/lccc-2162.html","https://ronenglish-archive.github.io/ron-english-light-cult-2001-3000/items/lccc-2162.html","https://opensea.io/item/ethereum/0xbe85fbd182af91290be7293438ae67549638189f/2162","MISSING SOURCE IMAGE","No source image found for token #2162"
"2163","2163","Light Cult Crypto Club #2163","RE-003973","2101-2200","","","","","","items/lccc-2163.html","https://ronenglish-archive.github.io/ron-english-light-cult-2001-3000/items/lccc-2163.html","https://opensea.io/item/ethereum/0xbe85fbd182af91290be7293438ae67549638189f/2163","MISSING SOURCE IMAGE","No source image found for token #2163"
"2164","2164","Light Cult Crypto Club #2164","RE-003974","2101-2200","D:\github\ron-english-nfts\light-cult-crypto-club\images\LCCC-2164.png","6981","images/2101-2200/LCCC-2164.png","LCCC-2164.png","D:\github\ron-english-light-cult-2001-3000\images\2101-2200\LCCC-2164.png","items/lccc-2164.html","https://ronenglish-archive.github.io/ron-english-light-cult-2001-3000/items/lccc-2164.html","https://opensea.io/item/ethereum/0xbe85fbd182af91290be7293438ae67549638189f/2164","OK",""
"2165","2165","Light Cult Crypto Club #2165","RE-003975","2101-2200","D:\github\ron-english-nfts\light-cult-crypto-club\images\LCCC-2165.png","41970","images/2101-2200/LCCC-2165.png","LCCC-2165.png","D:\github\ron-english-light-cult-2001-3000\images\2101-2200\LCCC-2165.png","items/lccc-2165.html","https://ronenglish-archive.github.io/ron-english-light-cult-2001-3000/items/lccc-2165.html","https://opensea.io/item/ethereum/0xbe85fbd182af91290be7293438ae67549638189f/2165","OK",""
"2166","2166","Light Cult Crypto Club #2166","RE-003976","2101-2200","D:\github\ron-english-nfts\light-cult-crypto-club\images\LCCC-2166.png","10750","images/2101-2200/LCCC-2166.png","LCCC-2166.png","D:\github\ron-english-light-cult-2001-3000\images\2101-2200\LCCC-2166.png","items/lccc-2166.html","https://ronenglish-archive.github.io/ron-english-light-cult-2001-3000/items/lccc-2166.html","https://opensea.io/item/ethereum/0xbe85fbd182af91290be7293438ae67549638189f/2166","OK",""
"2167","2167","Light Cult Crypto Club #2167","RE-003977","2101-2200","D:\github\ron-english-nfts\light-cult-crypto-club\images\LCCC-2167.png","14769","images/2101-2200/LCCC-2167.png","LCCC-2167.png","D:\github\ron-english-light-cult-2001-3000\images\2101-2200\LCCC-2167.png","items/lccc-2167.html","https://ronenglish-archive.github.io/ron-english-light-cult-2001-3000/items/lccc-2167.html","https://opensea.io/item/ethereum/0xbe85fbd182af91290be7293438ae67549638189f/2167","OK",""
"2168","2168","Light Cult Crypto Club #2168","RE-003978","2101-2200","D:\github\ron-english-nfts\light-cult-crypto-club\images\LCCC-2168.png","24566","images/2101-2200/LCCC-2168.png","LCCC-2168.png","D:\github\ron-english-light-cult-2001-3000\images\2101-2200\LCCC-2168.png","items/lccc-2168.html","https://ronenglish-archive.github.io/ron-english-light-cult-2001-3000/items/lccc-2168.html","https://opensea.io/item/ethereum/0xbe85fbd182af91290be7293438ae67549638189f/2168","OK",""
"2169","2169","Light Cult Crypto Club #2169","RE-003979","2101-2200","D:\github\ron-english-nfts\light-cult-crypto-club\images\LCCC-2169.png","30526","images/2101-2200/LCCC-2169.png","LCCC-2169.png","D:\github\ron-english-light-cult-2001-3000\images\2101-2200\LCCC-2169.png","items/lccc-2169.html","https://ronenglish-archive.github.io/ron-english-light-cult-2001-3000/items/lccc-2169.html","https://opensea.io/item/ethereum/0xbe85fbd182af91290be7293438ae67549638189f/2169","OK",""
"2170","2170","Light Cult Crypto Club #2170","RE-003980","2101-2200","D:\github\ron-english-nfts\light-cult-crypto-club\images\LCCC-2170.png","18221","images/2101-2200/LCCC-2170.png","LCCC-2170.png","D:\github\ron-english-light-cult-2001-3000\images\2101-2200\LCCC-2170.png","items/lccc-2170.html","https://ronenglish-archive.github.io/ron-english-light-cult-2001-3000/items/lccc-2170.html","https://opensea.io/item/ethereum/0xbe85fbd182af91290be7293438ae67549638189f/2170","OK",""
"2171","2171","Light Cult Crypto Club #2171","RE-003981","2101-2200","D:\github\ron-english-nfts\light-cult-crypto-club\images\LCCC-2171.png","25958","images/2101-2200/LCCC-2171.png","LCCC-2171.png","D:\github\ron-english-light-cult-2001-3000\images\2101-2200\LCCC-2171.png","items/lccc-2171.html","https://ronenglish-archive.github.io/ron-english-light-cult-2001-3000/items/lccc-2171.html","https://opensea.io/item/ethereum/0xbe85fbd182af91290be7293438ae67549638189f/2171","OK",""
"2172","2172","Light Cult Crypto Club #2172","RE-003982","2101-2200","D:\github\ron-english-nfts\light-cult-crypto-club\images\LCCC-2172.png","19080","images/2101-2200/LCCC-2172.png","LCCC-2172.png","D:\github\ron-english-light-cult-2001-3000\images\2101-2200\LCCC-2172.png","items/lccc-2172.html","https://ronenglish-archive.github.io/ron-english-light-cult-2001-3000/items/lccc-2172.html","https://opensea.io/item/ethereum/0xbe85fbd182af91290be7293438ae67549638189f/2172","OK",""
"2173","2173","Light Cult Crypto Club #2173","RE-003983","2101-2200","D:\github\ron-english-nfts\light-cult-crypto-club\images\LCCC-2173.png","22945","images/2101-2200/LCCC-2173.png","LCCC-2173.png","D:\github\ron-english-light-cult-2001-3000\images\2101-2200\LCCC-2173.png","items/lccc-2173.html","https://ronenglish-archive.github.io/ron-english-light-cult-2001-3000/items/lccc-2173.html","https://opensea.io/item/ethereum/0xbe85fbd182af91290be7293438ae67549638189f/2173","OK",""
"2174","2174","Light Cult Crypto Club #2174","RE-003984","2101-2200","D:\github\ron-english-nfts\light-cult-crypto-club\images\LCCC-2174.png","22454","images/2101-2200/LCCC-2174.png","LCCC-2174.png","D:\github\ron-english-light-cult-2001-3000\images\2101-2200\LCCC-2174.png","items/lccc-2174.html","https://ronenglish-archive.github.io/ron-english-light-cult-2001-3000/items/lccc-2174.html","https://opensea.io/item/ethereum/0xbe85fbd182af91290be7293438ae67549638189f/2174","OK",""
"2175","2175","Light Cult Crypto Club #2175","RE-003985","2101-2200","D:\github\ron-english-nfts\light-cult-crypto-club\images\LCCC-2175.png","14133","images/2101-2200/LCCC-2175.png","LCCC-2175.png","D:\github\ron-english-light-cult-2001-3000\images\2101-2200\LCCC-2175.png","items/lccc-2175.html","https://ronenglish-archive.github.io/ron-english-light-cult-2001-3000/items/lccc-2175.html","https://opensea.io/item/ethereum/0xbe85fbd182af91290be7293438ae67549638189f/2175","OK",""
"2176","2176","Light Cult Crypto Club #2176","RE-003986","2101-2200","D:\github\ron-english-nfts\light-cult-crypto-club\images\LCCC-2176.png","27588","images/2101-2200/LCCC-2176.png","LCCC-2176.png","D:\github\ron-english-light-cult-2001-3000\images\2101-2200\LCCC-2176.png","items/lccc-2176.html","https://ronenglish-archive.github.io/ron-english-light-cult-2001-3000/items/lccc-2176.html","https://opensea.io/item/ethereum/0xbe85fbd182af91290be7293438ae67549638189f/2176","OK",""
"2177","2177","Light Cult Crypto Club #2177","RE-003987","2101-2200","D:\github\ron-english-nfts\light-cult-crypto-club\images\LCCC-2177.png","9664","images/2101-2200/LCCC-2177.png","LCCC-2177.png","D:\github\ron-english-light-cult-2001-3000\images\2101-2200\LCCC-2177.png","items/lccc-2177.html","https://ronenglish-archive.github.io/ron-english-light-cult-2001-3000/items/lccc-2177.html","https://opensea.io/item/ethereum/0xbe85fbd182af91290be7293438ae67549638189f/2177","OK",""
"2178","2178","Light Cult Crypto Club #2178","RE-003988","2101-2200","D:\github\ron-english-nfts\light-cult-crypto-club\images\LCCC-2178.png","33087","images/2101-2200/LCCC-2178.png","LCCC-2178.png","D:\github\ron-english-light-cult-2001-3000\images\2101-2200\LCCC-2178.png","items/lccc-2178.html","https://ronenglish-archive.github.io/ron-english-light-cult-2001-3000/items/lccc-2178.html","https://opensea.io/item/ethereum/0xbe85fbd182af91290be7293438ae67549638189f/2178","OK",""
"2179","2179","Light Cult Crypto Club #2179","RE-003989","2101-2200","","","","","","items/lccc-2179.html","https://ronenglish-archive.github.io/ron-english-light-cult-2001-3000/items/lccc-2179.html","https://opensea.io/item/ethereum/0xbe85fbd182af91290be7293438ae67549638189f/2179","MISSING SOURCE IMAGE","No source image found for token #2179"
"2180","2180","Light Cult Crypto Club #2180","RE-003990","2101-2200","D:\github\ron-english-nfts\light-cult-crypto-club\images\LCCC-2180.png","31847","images/2101-2200/LCCC-2180.png","LCCC-2180.png","D:\github\ron-english-light-cult-2001-3000\images\2101-2200\LCCC-2180.png","items/lccc-2180.html","https://ronenglish-archive.github.io/ron-english-light-cult-2001-3000/items/lccc-2180.html","https://opensea.io/item/ethereum/0xbe85fbd182af91290be7293438ae67549638189f/2180","OK",""
"2181","2181","Light Cult Crypto Club #2181","RE-003991","2101-2200","D:\github\ron-english-nfts\light-cult-crypto-club\images\LCCC-2181.png","25292","images/2101-2200/LCCC-2181.png","LCCC-2181.png","D:\github\ron-english-light-cult-2001-3000\images\2101-2200\LCCC-2181.png","items/lccc-2181.html","https://ronenglish-archive.github.io/ron-english-light-cult-2001-3000/items/lccc-2181.html","https://opensea.io/item/ethereum/0xbe85fbd182af91290be7293438ae67549638189f/2181","OK",""
"2182","2182","Light Cult Crypto Club #2182","RE-003992","2101-2200","D:\github\ron-english-nfts\light-cult-crypto-club\images\LCCC-2182.png","24654","images/2101-2200/LCCC-2182.png","LCCC-2182.png","D:\github\ron-english-light-cult-2001-3000\images\2101-2200\LCCC-2182.png","items/lccc-2182.html","https://ronenglish-archive.github.io/ron-english-light-cult-2001-3000/items/lccc-2182.html","https://opensea.io/item/ethereum/0xbe85fbd182af91290be7293438ae67549638189f/2182","OK",""
"2183","2183","Light Cult Crypto Club #2183","RE-003993","2101-2200","D:\github\ron-english-nfts\light-cult-crypto-club\images\LCCC-2183.png","18409","images/2101-2200/LCCC-2183.png","LCCC-2183.png","D:\github\ron-english-light-cult-2001-3000\images\2101-2200\LCCC-2183.png","items/lccc-2183.html","https://ronenglish-archive.github.io/ron-english-light-cult-2001-3000/items/lccc-2183.html","https://opensea.io/item/ethereum/0xbe85fbd182af91290be7293438ae67549638189f/2183","OK",""
"2184","2184","Light Cult Crypto Club #2184","RE-003994","2101-2200","D:\github\ron-english-nfts\light-cult-crypto-club\images\LCCC-2184.png","21044","images/2101-2200/LCCC-2184.png","LCCC-2184.png","D:\github\ron-english-light-cult-2001-3000\images\2101-2200\LCCC-2184.png","items/lccc-2184.html","https://ronenglish-archive.github.io/ron-english-light-cult-2001-3000/items/lccc-2184.html","https://opensea.io/item/ethereum/0xbe85fbd182af91290be7293438ae67549638189f/2184","OK",""
"2185","2185","Light Cult Crypto Club #2185","RE-003995","2101-2200","D:\github\ron-english-nfts\light-cult-crypto-club\images\LCCC-2185.png","11212","images/2101-2200/LCCC-2185.png","LCCC-2185.png","D:\github\ron-english-light-cult-2001-3000\images\2101-2200\LCCC-2185.png","items/lccc-2185.html","https://ronenglish-archive.github.io/ron-english-light-cult-2001-3000/items/lccc-2185.html","https://opensea.io/item/ethereum/0xbe85fbd182af91290be7293438ae67549638189f/2185","OK",""
"2186","2186","Light Cult Crypto Club #2186","RE-003996","2101-2200","D:\github\ron-english-nfts\light-cult-crypto-club\images\LCCC-2186.png","22532","images/2101-2200/LCCC-2186.png","LCCC-2186.png","D:\github\ron-english-light-cult-2001-3000\images\2101-2200\LCCC-2186.png","items/lccc-2186.html","https://ronenglish-archive.github.io/ron-english-light-cult-2001-3000/items/lccc-2186.html","https://opensea.io/item/ethereum/0xbe85fbd182af91290be7293438ae67549638189f/2186","OK",""
"2187","2187","Light Cult Crypto Club #2187","RE-003997","2101-2200","D:\github\ron-english-nfts\light-cult-crypto-club\images\LCCC-2187.png","36523","images/2101-2200/LCCC-2187.png","LCCC-2187.png","D:\github\ron-english-light-cult-2001-3000\images\2101-2200\LCCC-2187.png","items/lccc-2187.html","https://ronenglish-archive.github.io/ron-english-light-cult-2001-3000/items/lccc-2187.html","https://opensea.io/item/ethereum/0xbe85fbd182af91290be7293438ae67549638189f/2187","OK",""
"2188","2188","Light Cult Crypto Club #2188","RE-003998","2101-2200","D:\github\ron-english-nfts\light-cult-crypto-club\images\LCCC-2188.png","24629","images/2101-2200/LCCC-2188.png","LCCC-2188.png","D:\github\ron-english-light-cult-2001-3000\images\2101-2200\LCCC-2188.png","items/lccc-2188.html","https://ronenglish-archive.github.io/ron-english-light-cult-2001-3000/items/lccc-2188.html","https://opensea.io/item/ethereum/0xbe85fbd182af91290be7293438ae67549638189f/2188","OK",""
"2189","2189","Light Cult Crypto Club #2189","RE-003999","2101-2200","D:\github\ron-english-nfts\light-cult-crypto-club\images\LCCC-2189.png","5375","images/2101-2200/LCCC-2189.png","LCCC-2189.png","D:\github\ron-english-light-cult-2001-3000\images\2101-2200\LCCC-2189.png","items/lccc-2189.html","https://ronenglish-archive.github.io/ron-english-light-cult-2001-3000/items/lccc-2189.html","https://opensea.io/item/ethereum/0xbe85fbd182af91290be7293438ae67549638189f/2189","OK",""
"2190","2190","Light Cult Crypto Club #2190","RE-004000","2101-2200","D:\github\ron-english-nfts\light-cult-crypto-club\images\LCCC-2190.png","15773","images/2101-2200/LCCC-2190.png","LCCC-2190.png","D:\github\ron-english-light-cult-2001-3000\images\2101-2200\LCCC-2190.png","items/lccc-2190.html","https://ronenglish-archive.github.io/ron-english-light-cult-2001-3000/items/lccc-2190.html","https://opensea.io/item/ethereum/0xbe85fbd182af91290be7293438ae67549638189f/2190","OK",""
"2191","2191","Light Cult Crypto Club #2191","RE-004001","2101-2200","D:\github\ron-english-nfts\light-cult-crypto-club\images\LCCC-2191.png","21298","images/2101-2200/LCCC-2191.png","LCCC-2191.png","D:\github\ron-english-light-cult-2001-3000\images\2101-2200\LCCC-2191.png","items/lccc-2191.html","https://ronenglish-archive.github.io/ron-english-light-cult-2001-3000/items/lccc-2191.html","https://opensea.io/item/ethereum/0xbe85fbd182af91290be7293438ae67549638189f/2191","OK",""
"2192","2192","Light Cult Crypto Club #2192","RE-004002","2101-2200","D:\github\ron-english-nfts\light-cult-crypto-club\images\LCCC-2192.png","19692","images/2101-2200/LCCC-2192.png","LCCC-2192.png","D:\github\ron-english-light-cult-2001-3000\images\2101-2200\LCCC-2192.png","items/lccc-2192.html","https://ronenglish-archive.github.io/ron-english-light-cult-2001-3000/items/lccc-2192.html","https://opensea.io/item/ethereum/0xbe85fbd182af91290be7293438ae67549638189f/2192","OK",""
"2193","2193","Light Cult Crypto Club #2193","RE-004003","2101-2200","D:\github\ron-english-nfts\light-cult-crypto-club\images\LCCC-2193.png","27714","images/2101-2200/LCCC-2193.png","LCCC-2193.png","D:\github\ron-english-light-cult-2001-3000\images\2101-2200\LCCC-2193.png","items/lccc-2193.html","https://ronenglish-archive.github.io/ron-english-light-cult-2001-3000/items/lccc-2193.html","https://opensea.io/item/ethereum/0xbe85fbd182af91290be7293438ae67549638189f/2193","OK",""
"2194","2194","Light Cult Crypto Club #2194","RE-004004","2101-2200","D:\github\ron-english-nfts\light-cult-crypto-club\images\LCCC-2194.png","8693","images/2101-2200/LCCC-2194.png","LCCC-2194.png","D:\github\ron-english-light-cult-2001-3000\images\2101-2200\LCCC-2194.png","items/lccc-2194.html","https://ronenglish-archive.github.io/ron-english-light-cult-2001-3000/items/lccc-2194.html","https://opensea.io/item/ethereum/0xbe85fbd182af91290be7293438ae67549638189f/2194","OK",""
"2195","2195","Light Cult Crypto Club #2195","RE-004005","2101-2200","D:\github\ron-english-nfts\light-cult-crypto-club\images\LCCC-2195.png","5193","images/2101-2200/LCCC-2195.png","LCCC-2195.png","D:\github\ron-english-light-cult-2001-3000\images\2101-2200\LCCC-2195.png","items/lccc-2195.html","https://ronenglish-archive.github.io/ron-english-light-cult-2001-3000/items/lccc-2195.html","https://opensea.io/item/ethereum/0xbe85fbd182af91290be7293438ae67549638189f/2195","OK",""
"2196","2196","Light Cult Crypto Club #2196","RE-004006","2101-2200","D:\github\ron-english-nfts\light-cult-crypto-club\images\LCCC-2196.png","18620","images/2101-2200/LCCC-2196.png","LCCC-2196.png","D:\github\ron-english-light-cult-2001-3000\images\2101-2200\LCCC-2196.png","items/lccc-2196.html","https://ronenglish-archive.github.io/ron-english-light-cult-2001-3000/items/lccc-2196.html","https://opensea.io/item/ethereum/0xbe85fbd182af91290be7293438ae67549638189f/2196","OK",""
"2197","2197","Light Cult Crypto Club #2197","RE-004007","2101-2200","","","","","","items/lccc-2197.html","https://ronenglish-archive.github.io/ron-english-light-cult-2001-3000/items/lccc-2197.html","https://opensea.io/item/ethereum/0xbe85fbd182af91290be7293438ae67549638189f/2197","MISSING SOURCE IMAGE","No source image found for token #2197"
"2198","2198","Light Cult Crypto Club #2198","RE-004008","2101-2200","D:\github\ron-english-nfts\light-cult-crypto-club\images\LCCC-2198.png","7384","images/2101-2200/LCCC-2198.png","LCCC-2198.png","D:\github\ron-english-light-cult-2001-3000\images\2101-2200\LCCC-2198.png","items/lccc-2198.html","https://ronenglish-archive.github.io/ron-english-light-cult-2001-3000/items/lccc-2198.html","https://opensea.io/item/ethereum/0xbe85fbd182af91290be7293438ae67549638189f/2198","OK",""
"2199","2199","Light Cult Crypto Club #2199","RE-004009","2101-2200","D:\github\ron-english-nfts\light-cult-crypto-club\images\LCCC-2199.png","8842","images/2101-2200/LCCC-2199.png","LCCC-2199.png","D:\github\ron-english-light-cult-2001-3000\images\2101-2200\LCCC-2199.png","items/lccc-2199.html","https://ronenglish-archive.github.io/ron-english-light-cult-2001-3000/items/lccc-2199.html","https://opensea.io/item/ethereum/0xbe85fbd182af91290be7293438ae67549638189f/2199","OK",""
"2200","2200","Light Cult Crypto Club #2200","RE-004010","2101-2200","D:\github\ron-english-nfts\light-cult-crypto-club\images\LCCC-2200.png","29649","images/2101-2200/LCCC-2200.png","LCCC-2200.png","D:\github\ron-english-light-cult-2001-3000\images\2101-2200\LCCC-2200.png","items/lccc-2200.html","https://ronenglish-archive.github.io/ron-english-light-cult-2001-3000/items/lccc-2200.html","https://opensea.io/item/ethereum/0xbe85fbd182af91290be7293438ae67549638189f/2200","OK",""
"2201","2201","Light Cult Crypto Club #2201","RE-004011","2201-2300","D:\github\ron-english-nfts\light-cult-crypto-club\images\LCCC-2201.png","27735","images/2201-2300/LCCC-2201.png","LCCC-2201.png","D:\github\ron-english-light-cult-2001-3000\images\2201-2300\LCCC-2201.png","items/lccc-2201.html","https://ronenglish-archive.github.io/ron-english-light-cult-2001-3000/items/lccc-2201.html","https://opensea.io/item/ethereum/0xbe85fbd182af91290be7293438ae67549638189f/2201","OK",""
"2202","2202","Light Cult Crypto Club #2202","RE-004012","2201-2300","D:\github\ron-english-nfts\light-cult-crypto-club\images\LCCC-2202.png","9186","images/2201-2300/LCCC-2202.png","LCCC-2202.png","D:\github\ron-english-light-cult-2001-3000\images\2201-2300\LCCC-2202.png","items/lccc-2202.html","https://ronenglish-archive.github.io/ron-english-light-cult-2001-3000/items/lccc-2202.html","https://opensea.io/item/ethereum/0xbe85fbd182af91290be7293438ae67549638189f/2202","OK",""
"2203","2203","Light Cult Crypto Club #2203","RE-004013","2201-2300","D:\github\ron-english-nfts\light-cult-crypto-club\images\LCCC-2203.png","21834","images/2201-2300/LCCC-2203.png","LCCC-2203.png","D:\github\ron-english-light-cult-2001-3000\images\2201-2300\LCCC-2203.png","items/lccc-2203.html","https://ronenglish-archive.github.io/ron-english-light-cult-2001-3000/items/lccc-2203.html","https://opensea.io/item/ethereum/0xbe85fbd182af91290be7293438ae67549638189f/2203","OK",""
"2204","2204","Light Cult Crypto Club #2204","RE-004014","2201-2300","D:\github\ron-english-nfts\light-cult-crypto-club\images\LCCC-2204.png","33588","images/2201-2300/LCCC-2204.png","LCCC-2204.png","D:\github\ron-english-light-cult-2001-3000\images\2201-2300\LCCC-2204.png","items/lccc-2204.html","https://ronenglish-archive.github.io/ron-english-light-cult-2001-3000/items/lccc-2204.html","https://opensea.io/item/ethereum/0xbe85fbd182af91290be7293438ae67549638189f/2204","OK",""
"2205","2205","Light Cult Crypto Club #2205","RE-004015","2201-2300","D:\github\ron-english-nfts\light-cult-crypto-club\images\LCCC-2205.png","15203","images/2201-2300/LCCC-2205.png","LCCC-2205.png","D:\github\ron-english-light-cult-2001-3000\images\2201-2300\LCCC-2205.png","items/lccc-2205.html","https://ronenglish-archive.github.io/ron-english-light-cult-2001-3000/items/lccc-2205.html","https://opensea.io/item/ethereum/0xbe85fbd182af91290be7293438ae67549638189f/2205","OK",""
"2206","2206","Light Cult Crypto Club #2206","RE-004016","2201-2300","D:\github\ron-english-nfts\light-cult-crypto-club\images\LCCC-2206.png","22411","images/2201-2300/LCCC-2206.png","LCCC-2206.png","D:\github\ron-english-light-cult-2001-3000\images\2201-2300\LCCC-2206.png","items/lccc-2206.html","https://ronenglish-archive.github.io/ron-english-light-cult-2001-3000/items/lccc-2206.html","https://opensea.io/item/ethereum/0xbe85fbd182af91290be7293438ae67549638189f/2206","OK",""
"2207","2207","Light Cult Crypto Club #2207","RE-004017","2201-2300","D:\github\ron-english-nfts\light-cult-crypto-club\images\LCCC-2207.png","28454","images/2201-2300/LCCC-2207.png","LCCC-2207.png","D:\github\ron-english-light-cult-2001-3000\images\2201-2300\LCCC-2207.png","items/lccc-2207.html","https://ronenglish-archive.github.io/ron-english-light-cult-2001-3000/items/lccc-2207.html","https://opensea.io/item/ethereum/0xbe85fbd182af91290be7293438ae67549638189f/2207","OK",""
"2208","2208","Light Cult Crypto Club #2208","RE-004018","2201-2300","D:\github\ron-english-nfts\light-cult-crypto-club\images\LCCC-2208.png","6932","images/2201-2300/LCCC-2208.png","LCCC-2208.png","D:\github\ron-english-light-cult-2001-3000\images\2201-2300\LCCC-2208.png","items/lccc-2208.html","https://ronenglish-archive.github.io/ron-english-light-cult-2001-3000/items/lccc-2208.html","https://opensea.io/item/ethereum/0xbe85fbd182af91290be7293438ae67549638189f/2208","OK",""
"2209","2209","Light Cult Crypto Club #2209","RE-004019","2201-2300","D:\github\ron-english-nfts\light-cult-crypto-club\images\LCCC-2209.png","15587","images/2201-2300/LCCC-2209.png","LCCC-2209.png","D:\github\ron-english-light-cult-2001-3000\images\2201-2300\LCCC-2209.png","items/lccc-2209.html","https://ronenglish-archive.github.io/ron-english-light-cult-2001-3000/items/lccc-2209.html","https://opensea.io/item/ethereum/0xbe85fbd182af91290be7293438ae67549638189f/2209","OK",""
"2210","2210","Light Cult Crypto Club #2210","RE-004020","2201-2300","D:\github\ron-english-nfts\light-cult-crypto-club\images\LCCC-2210.png","14208","images/2201-2300/LCCC-2210.png","LCCC-2210.png","D:\github\ron-english-light-cult-2001-3000\images\2201-2300\LCCC-2210.png","items/lccc-2210.html","https://ronenglish-archive.github.io/ron-english-light-cult-2001-3000/items/lccc-2210.html","https://opensea.io/item/ethereum/0xbe85fbd182af91290be7293438ae67549638189f/2210","OK",""
"2211","2211","Light Cult Crypto Club #2211","RE-004021","2201-2300","","","","","","items/lccc-2211.html","https://ronenglish-archive.github.io/ron-english-light-cult-2001-3000/items/lccc-2211.html","https://opensea.io/item/ethereum/0xbe85fbd182af91290be7293438ae67549638189f/2211","MISSING SOURCE IMAGE","No source image found for token #2211"
"2212","2212","Light Cult Crypto Club #2212","RE-004022","2201-2300","D:\github\ron-english-nfts\light-cult-crypto-club\images\LCCC-2212.png","22083","images/2201-2300/LCCC-2212.png","LCCC-2212.png","D:\github\ron-english-light-cult-2001-3000\images\2201-2300\LCCC-2212.png","items/lccc-2212.html","https://ronenglish-archive.github.io/ron-english-light-cult-2001-3000/items/lccc-2212.html","https://opensea.io/item/ethereum/0xbe85fbd182af91290be7293438ae67549638189f/2212","OK",""
"2213","2213","Light Cult Crypto Club #2213","RE-004023","2201-2300","D:\github\ron-english-nfts\light-cult-crypto-club\images\LCCC-2213.png","17719","images/2201-2300/LCCC-2213.png","LCCC-2213.png","D:\github\ron-english-light-cult-2001-3000\images\2201-2300\LCCC-2213.png","items/lccc-2213.html","https://ronenglish-archive.github.io/ron-english-light-cult-2001-3000/items/lccc-2213.html","https://opensea.io/item/ethereum/0xbe85fbd182af91290be7293438ae67549638189f/2213","OK",""
"2214","2214","Light Cult Crypto Club #2214","RE-004024","2201-2300","D:\github\ron-english-nfts\light-cult-crypto-club\images\LCCC-2214.png","9990","images/2201-2300/LCCC-2214.png","LCCC-2214.png","D:\github\ron-english-light-cult-2001-3000\images\2201-2300\LCCC-2214.png","items/lccc-2214.html","https://ronenglish-archive.github.io/ron-english-light-cult-2001-3000/items/lccc-2214.html","https://opensea.io/item/ethereum/0xbe85fbd182af91290be7293438ae67549638189f/2214","OK",""
"2215","2215","Light Cult Crypto Club #2215","RE-004025","2201-2300","D:\github\ron-english-nfts\light-cult-crypto-club\images\LCCC-2215.png","28564","images/2201-2300/LCCC-2215.png","LCCC-2215.png","D:\github\ron-english-light-cult-2001-3000\images\2201-2300\LCCC-2215.png","items/lccc-2215.html","https://ronenglish-archive.github.io/ron-english-light-cult-2001-3000/items/lccc-2215.html","https://opensea.io/item/ethereum/0xbe85fbd182af91290be7293438ae67549638189f/2215","OK",""
"2216","2216","Light Cult Crypto Club #2216","RE-004026","2201-2300","D:\github\ron-english-nfts\light-cult-crypto-club\images\LCCC-2216.png","6703","images/2201-2300/LCCC-2216.png","LCCC-2216.png","D:\github\ron-english-light-cult-2001-3000\images\2201-2300\LCCC-2216.png","items/lccc-2216.html","https://ronenglish-archive.github.io/ron-english-light-cult-2001-3000/items/lccc-2216.html","https://opensea.io/item/ethereum/0xbe85fbd182af91290be7293438ae67549638189f/2216","OK",""
"2217","2217","Light Cult Crypto Club #2217","RE-004027","2201-2300","D:\github\ron-english-nfts\light-cult-crypto-club\images\LCCC-2217.png","12863","images/2201-2300/LCCC-2217.png","LCCC-2217.png","D:\github\ron-english-light-cult-2001-3000\images\2201-2300\LCCC-2217.png","items/lccc-2217.html","https://ronenglish-archive.github.io/ron-english-light-cult-2001-3000/items/lccc-2217.html","https://opensea.io/item/ethereum/0xbe85fbd182af91290be7293438ae67549638189f/2217","OK",""
"2218","2218","Light Cult Crypto Club #2218","RE-004028","2201-2300","D:\github\ron-english-nfts\light-cult-crypto-club\images\LCCC-2218.png","8105","images/2201-2300/LCCC-2218.png","LCCC-2218.png","D:\github\ron-english-light-cult-2001-3000\images\2201-2300\LCCC-2218.png","items/lccc-2218.html","https://ronenglish-archive.github.io/ron-english-light-cult-2001-3000/items/lccc-2218.html","https://opensea.io/item/ethereum/0xbe85fbd182af91290be7293438ae67549638189f/2218","OK",""
"2219","2219","Light Cult Crypto Club #2219","RE-004029","2201-2300","","","","","","items/lccc-2219.html","https://ronenglish-archive.github.io/ron-english-light-cult-2001-3000/items/lccc-2219.html","https://opensea.io/item/ethereum/0xbe85fbd182af91290be7293438ae67549638189f/2219","MISSING SOURCE IMAGE","No source image found for token #2219"
"2220","2220","Light Cult Crypto Club #2220","RE-004030","2201-2300","D:\github\ron-english-nfts\light-cult-crypto-club\images\LCCC-2220.png","30927","images/2201-2300/LCCC-2220.png","LCCC-2220.png","D:\github\ron-english-light-cult-2001-3000\images\2201-2300\LCCC-2220.png","items/lccc-2220.html","https://ronenglish-archive.github.io/ron-english-light-cult-2001-3000/items/lccc-2220.html","https://opensea.io/item/ethereum/0xbe85fbd182af91290be7293438ae67549638189f/2220","OK",""
"2221","2221","Light Cult Crypto Club #2221","RE-004031","2201-2300","D:\github\ron-english-nfts\light-cult-crypto-club\images\LCCC-2221.png","29042","images/2201-2300/LCCC-2221.png","LCCC-2221.png","D:\github\ron-english-light-cult-2001-3000\images\2201-2300\LCCC-2221.png","items/lccc-2221.html","https://ronenglish-archive.github.io/ron-english-light-cult-2001-3000/items/lccc-2221.html","https://opensea.io/item/ethereum/0xbe85fbd182af91290be7293438ae67549638189f/2221","OK",""
"2222","2222","Light Cult Crypto Club #2222","RE-004032","2201-2300","D:\github\ron-english-nfts\light-cult-crypto-club\images\LCCC-2222.png","30019","images/2201-2300/LCCC-2222.png","LCCC-2222.png","D:\github\ron-english-light-cult-2001-3000\images\2201-2300\LCCC-2222.png","items/lccc-2222.html","https://ronenglish-archive.github.io/ron-english-light-cult-2001-3000/items/lccc-2222.html","https://opensea.io/item/ethereum/0xbe85fbd182af91290be7293438ae67549638189f/2222","OK",""
"2223","2223","Light Cult Crypto Club #2223","RE-004033","2201-2300","D:\github\ron-english-nfts\light-cult-crypto-club\images\LCCC-2223.png","28666","images/2201-2300/LCCC-2223.png","LCCC-2223.png","D:\github\ron-english-light-cult-2001-3000\images\2201-2300\LCCC-2223.png","items/lccc-2223.html","https://ronenglish-archive.github.io/ron-english-light-cult-2001-3000/items/lccc-2223.html","https://opensea.io/item/ethereum/0xbe85fbd182af91290be7293438ae67549638189f/2223","OK",""
"2224","2224","Light Cult Crypto Club #2224","RE-004034","2201-2300","D:\github\ron-english-nfts\light-cult-crypto-club\images\LCCC-2224.png","15301","images/2201-2300/LCCC-2224.png","LCCC-2224.png","D:\github\ron-english-light-cult-2001-3000\images\2201-2300\LCCC-2224.png","items/lccc-2224.html","https://ronenglish-archive.github.io/ron-english-light-cult-2001-3000/items/lccc-2224.html","https://opensea.io/item/ethereum/0xbe85fbd182af91290be7293438ae67549638189f/2224","OK",""
"2225","2225","Light Cult Crypto Club #2225","RE-004035","2201-2300","","","","","","items/lccc-2225.html","https://ronenglish-archive.github.io/ron-english-light-cult-2001-3000/items/lccc-2225.html","https://opensea.io/item/ethereum/0xbe85fbd182af91290be7293438ae67549638189f/2225","MISSING SOURCE IMAGE","No source image found for token #2225"
"2226","2226","Light Cult Crypto Club #2226","RE-004036","2201-2300","D:\github\ron-english-nfts\light-cult-crypto-club\images\LCCC-2226.png","18665","images/2201-2300/LCCC-2226.png","LCCC-2226.png","D:\github\ron-english-light-cult-2001-3000\images\2201-2300\LCCC-2226.png","items/lccc-2226.html","https://ronenglish-archive.github.io/ron-english-light-cult-2001-3000/items/lccc-2226.html","https://opensea.io/item/ethereum/0xbe85fbd182af91290be7293438ae67549638189f/2226","OK",""
"2227","2227","Light Cult Crypto Club #2227","RE-004037","2201-2300","D:\github\ron-english-nfts\light-cult-crypto-club\images\LCCC-2227.png","8606","images/2201-2300/LCCC-2227.png","LCCC-2227.png","D:\github\ron-english-light-cult-2001-3000\images\2201-2300\LCCC-2227.png","items/lccc-2227.html","https://ronenglish-archive.github.io/ron-english-light-cult-2001-3000/items/lccc-2227.html","https://opensea.io/item/ethereum/0xbe85fbd182af91290be7293438ae67549638189f/2227","OK",""
"2228","2228","Light Cult Crypto Club #2228","RE-004038","2201-2300","D:\github\ron-english-nfts\light-cult-crypto-club\images\LCCC-2228.png","22596","images/2201-2300/LCCC-2228.png","LCCC-2228.png","D:\github\ron-english-light-cult-2001-3000\images\2201-2300\LCCC-2228.png","items/lccc-2228.html","https://ronenglish-archive.github.io/ron-english-light-cult-2001-3000/items/lccc-2228.html","https://opensea.io/item/ethereum/0xbe85fbd182af91290be7293438ae67549638189f/2228","OK",""
"2229","2229","Light Cult Crypto Club #2229","RE-004039","2201-2300","D:\github\ron-english-nfts\light-cult-crypto-club\images\LCCC-2229.png","15137","images/2201-2300/LCCC-2229.png","LCCC-2229.png","D:\github\ron-english-light-cult-2001-3000\images\2201-2300\LCCC-2229.png","items/lccc-2229.html","https://ronenglish-archive.github.io/ron-english-light-cult-2001-3000/items/lccc-2229.html","https://opensea.io/item/ethereum/0xbe85fbd182af91290be7293438ae67549638189f/2229","OK",""
"2230","2230","Light Cult Crypto Club #2230","RE-004040","2201-2300","D:\github\ron-english-nfts\light-cult-crypto-club\images\LCCC-2230.png","39809","images/2201-2300/LCCC-2230.png","LCCC-2230.png","D:\github\ron-english-light-cult-2001-3000\images\2201-2300\LCCC-2230.png","items/lccc-2230.html","https://ronenglish-archive.github.io/ron-english-light-cult-2001-3000/items/lccc-2230.html","https://opensea.io/item/ethereum/0xbe85fbd182af91290be7293438ae67549638189f/2230","OK",""
"2231","2231","Light Cult Crypto Club #2231","RE-004041","2201-2300","D:\github\ron-english-nfts\light-cult-crypto-club\images\LCCC-2231.png","5439","images/2201-2300/LCCC-2231.png","LCCC-2231.png","D:\github\ron-english-light-cult-2001-3000\images\2201-2300\LCCC-2231.png","items/lccc-2231.html","https://ronenglish-archive.github.io/ron-english-light-cult-2001-3000/items/lccc-2231.html","https://opensea.io/item/ethereum/0xbe85fbd182af91290be7293438ae67549638189f/2231","OK",""
"2232","2232","Light Cult Crypto Club #2232","RE-004042","2201-2300","D:\github\ron-english-nfts\light-cult-crypto-club\images\LCCC-2232.png","29399","images/2201-2300/LCCC-2232.png","LCCC-2232.png","D:\github\ron-english-light-cult-2001-3000\images\2201-2300\LCCC-2232.png","items/lccc-2232.html","https://ronenglish-archive.github.io/ron-english-light-cult-2001-3000/items/lccc-2232.html","https://opensea.io/item/ethereum/0xbe85fbd182af91290be7293438ae67549638189f/2232","OK",""
"2233","2233","Light Cult Crypto Club #2233","RE-004043","2201-2300","D:\github\ron-english-nfts\light-cult-crypto-club\images\LCCC-2233.png","35038","images/2201-2300/LCCC-2233.png","LCCC-2233.png","D:\github\ron-english-light-cult-2001-3000\images\2201-2300\LCCC-2233.png","items/lccc-2233.html","https://ronenglish-archive.github.io/ron-english-light-cult-2001-3000/items/lccc-2233.html","https://opensea.io/item/ethereum/0xbe85fbd182af91290be7293438ae67549638189f/2233","OK",""
"2234","2234","Light Cult Crypto Club #2234","RE-004044","2201-2300","D:\github\ron-english-nfts\light-cult-crypto-club\images\LCCC-2234.png","11872","images/2201-2300/LCCC-2234.png","LCCC-2234.png","D:\github\ron-english-light-cult-2001-3000\images\2201-2300\LCCC-2234.png","items/lccc-2234.html","https://ronenglish-archive.github.io/ron-english-light-cult-2001-3000/items/lccc-2234.html","https://opensea.io/item/ethereum/0xbe85fbd182af91290be7293438ae67549638189f/2234","OK",""
"2235","2235","Light Cult Crypto Club #2235","RE-004045","2201-2300","D:\github\ron-english-nfts\light-cult-crypto-club\images\LCCC-2235.png","6653","images/2201-2300/LCCC-2235.png","LCCC-2235.png","D:\github\ron-english-light-cult-2001-3000\images\2201-2300\LCCC-2235.png","items/lccc-2235.html","https://ronenglish-archive.github.io/ron-english-light-cult-2001-3000/items/lccc-2235.html","https://opensea.io/item/ethereum/0xbe85fbd182af91290be7293438ae67549638189f/2235","OK",""
"2236","2236","Light Cult Crypto Club #2236","RE-004046","2201-2300","D:\github\ron-english-nfts\light-cult-crypto-club\images\LCCC-2236.png","28152","images/2201-2300/LCCC-2236.png","LCCC-2236.png","D:\github\ron-english-light-cult-2001-3000\images\2201-2300\LCCC-2236.png","items/lccc-2236.html","https://ronenglish-archive.github.io/ron-english-light-cult-2001-3000/items/lccc-2236.html","https://opensea.io/item/ethereum/0xbe85fbd182af91290be7293438ae67549638189f/2236","OK",""
"2237","2237","Light Cult Crypto Club #2237","RE-004047","2201-2300","D:\github\ron-english-nfts\light-cult-crypto-club\images\LCCC-2237.png","25901","images/2201-2300/LCCC-2237.png","LCCC-2237.png","D:\github\ron-english-light-cult-2001-3000\images\2201-2300\LCCC-2237.png","items/lccc-2237.html","https://ronenglish-archive.github.io/ron-english-light-cult-2001-3000/items/lccc-2237.html","https://opensea.io/item/ethereum/0xbe85fbd182af91290be7293438ae67549638189f/2237","OK",""
"2238","2238","Light Cult Crypto Club #2238","RE-004048","2201-2300","D:\github\ron-english-nfts\light-cult-crypto-club\images\LCCC-2238.png","29234","images/2201-2300/LCCC-2238.png","LCCC-2238.png","D:\github\ron-english-light-cult-2001-3000\images\2201-2300\LCCC-2238.png","items/lccc-2238.html","https://ronenglish-archive.github.io/ron-english-light-cult-2001-3000/items/lccc-2238.html","https://opensea.io/item/ethereum/0xbe85fbd182af91290be7293438ae67549638189f/2238","OK",""
"2239","2239","Light Cult Crypto Club #2239","RE-004049","2201-2300","D:\github\ron-english-nfts\light-cult-crypto-club\images\LCCC-2239.png","12416","images/2201-2300/LCCC-2239.png","LCCC-2239.png","D:\github\ron-english-light-cult-2001-3000\images\2201-2300\LCCC-2239.png","items/lccc-2239.html","https://ronenglish-archive.github.io/ron-english-light-cult-2001-3000/items/lccc-2239.html","https://opensea.io/item/ethereum/0xbe85fbd182af91290be7293438ae67549638189f/2239","OK",""
"2240","2240","Light Cult Crypto Club #2240","RE-004050","2201-2300","D:\github\ron-english-nfts\light-cult-crypto-club\images\LCCC-2240.png","36391","images/2201-2300/LCCC-2240.png","LCCC-2240.png","D:\github\ron-english-light-cult-2001-3000\images\2201-2300\LCCC-2240.png","items/lccc-2240.html","https://ronenglish-archive.github.io/ron-english-light-cult-2001-3000/items/lccc-2240.html","https://opensea.io/item/ethereum/0xbe85fbd182af91290be7293438ae67549638189f/2240","OK",""
"2241","2241","Light Cult Crypto Club #2241","RE-004051","2201-2300","D:\github\ron-english-nfts\light-cult-crypto-club\images\LCCC-2241.png","29271","images/2201-2300/LCCC-2241.png","LCCC-2241.png","D:\github\ron-english-light-cult-2001-3000\images\2201-2300\LCCC-2241.png","items/lccc-2241.html","https://ronenglish-archive.github.io/ron-english-light-cult-2001-3000/items/lccc-2241.html","https://opensea.io/item/ethereum/0xbe85fbd182af91290be7293438ae67549638189f/2241","OK",""
"2242","2242","Light Cult Crypto Club #2242","RE-004052","2201-2300","","","","","","items/lccc-2242.html","https://ronenglish-archive.github.io/ron-english-light-cult-2001-3000/items/lccc-2242.html","https://opensea.io/item/ethereum/0xbe85fbd182af91290be7293438ae67549638189f/2242","MISSING SOURCE IMAGE","No source image found for token #2242"
"2243","2243","Light Cult Crypto Club #2243","RE-004053","2201-2300","D:\github\ron-english-nfts\light-cult-crypto-club\images\LCCC-2243.png","27441","images/2201-2300/LCCC-2243.png","LCCC-2243.png","D:\github\ron-english-light-cult-2001-3000\images\2201-2300\LCCC-2243.png","items/lccc-2243.html","https://ronenglish-archive.github.io/ron-english-light-cult-2001-3000/items/lccc-2243.html","https://opensea.io/item/ethereum/0xbe85fbd182af91290be7293438ae67549638189f/2243","OK",""
"2244","2244","Light Cult Crypto Club #2244","RE-004054","2201-2300","D:\github\ron-english-nfts\light-cult-crypto-club\images\LCCC-2244.png","19555","images/2201-2300/LCCC-2244.png","LCCC-2244.png","D:\github\ron-english-light-cult-2001-3000\images\2201-2300\LCCC-2244.png","items/lccc-2244.html","https://ronenglish-archive.github.io/ron-english-light-cult-2001-3000/items/lccc-2244.html","https://opensea.io/item/ethereum/0xbe85fbd182af91290be7293438ae67549638189f/2244","OK",""
"2245","2245","Light Cult Crypto Club #2245","RE-004055","2201-2300","D:\github\ron-english-nfts\light-cult-crypto-club\images\LCCC-2245.png","12474","images/2201-2300/LCCC-2245.png","LCCC-2245.png","D:\github\ron-english-light-cult-2001-3000\images\2201-2300\LCCC-2245.png","items/lccc-2245.html","https://ronenglish-archive.github.io/ron-english-light-cult-2001-3000/items/lccc-2245.html","https://opensea.io/item/ethereum/0xbe85fbd182af91290be7293438ae67549638189f/2245","OK",""
"2246","2246","Light Cult Crypto Club #2246","RE-004056","2201-2300","D:\github\ron-english-nfts\light-cult-crypto-club\images\LCCC-2246.png","30483","images/2201-2300/LCCC-2246.png","LCCC-2246.png","D:\github\ron-english-light-cult-2001-3000\images\2201-2300\LCCC-2246.png","items/lccc-2246.html","https://ronenglish-archive.github.io/ron-english-light-cult-2001-3000/items/lccc-2246.html","https://opensea.io/item/ethereum/0xbe85fbd182af91290be7293438ae67549638189f/2246","OK",""
"2247","2247","Light Cult Crypto Club #2247","RE-004057","2201-2300","D:\github\ron-english-nfts\light-cult-crypto-club\images\LCCC-2247.png","31516","images/2201-2300/LCCC-2247.png","LCCC-2247.png","D:\github\ron-english-light-cult-2001-3000\images\2201-2300\LCCC-2247.png","items/lccc-2247.html","https://ronenglish-archive.github.io/ron-english-light-cult-2001-3000/items/lccc-2247.html","https://opensea.io/item/ethereum/0xbe85fbd182af91290be7293438ae67549638189f/2247","OK",""
"2248","2248","Light Cult Crypto Club #2248","RE-004058","2201-2300","D:\github\ron-english-nfts\light-cult-crypto-club\images\LCCC-2248.png","7261","images/2201-2300/LCCC-2248.png","LCCC-2248.png","D:\github\ron-english-light-cult-2001-3000\images\2201-2300\LCCC-2248.png","items/lccc-2248.html","https://ronenglish-archive.github.io/ron-english-light-cult-2001-3000/items/lccc-2248.html","https://opensea.io/item/ethereum/0xbe85fbd182af91290be7293438ae67549638189f/2248","OK",""
"2249","2249","Light Cult Crypto Club #2249","RE-004059","2201-2300","D:\github\ron-english-nfts\light-cult-crypto-club\images\LCCC-2249.png","25994","images/2201-2300/LCCC-2249.png","LCCC-2249.png","D:\github\ron-english-light-cult-2001-3000\images\2201-2300\LCCC-2249.png","items/lccc-2249.html","https://ronenglish-archive.github.io/ron-english-light-cult-2001-3000/items/lccc-2249.html","https://opensea.io/item/ethereum/0xbe85fbd182af91290be7293438ae67549638189f/2249","OK",""
"2250","2250","Light Cult Crypto Club #2250","RE-004060","2201-2300","D:\github\ron-english-nfts\light-cult-crypto-club\images\LCCC-2250.png","36062","images/2201-2300/LCCC-2250.png","LCCC-2250.png","D:\github\ron-english-light-cult-2001-3000\images\2201-2300\LCCC-2250.png","items/lccc-2250.html","https://ronenglish-archive.github.io/ron-english-light-cult-2001-3000/items/lccc-2250.html","https://opensea.io/item/ethereum/0xbe85fbd182af91290be7293438ae67549638189f/2250","OK",""
"2251","2251","Light Cult Crypto Club #2251","RE-004061","2201-2300","D:\github\ron-english-nfts\light-cult-crypto-club\images\LCCC-2251.png","25372","images/2201-2300/LCCC-2251.png","LCCC-2251.png","D:\github\ron-english-light-cult-2001-3000\images\2201-2300\LCCC-2251.png","items/lccc-2251.html","https://ronenglish-archive.github.io/ron-english-light-cult-2001-3000/items/lccc-2251.html","https://opensea.io/item/ethereum/0xbe85fbd182af91290be7293438ae67549638189f/2251","OK",""
"2252","2252","Light Cult Crypto Club #2252","RE-004062","2201-2300","D:\github\ron-english-nfts\light-cult-crypto-club\images\LCCC-2252.png","19758","images/2201-2300/LCCC-2252.png","LCCC-2252.png","D:\github\ron-english-light-cult-2001-3000\images\2201-2300\LCCC-2252.png","items/lccc-2252.html","https://ronenglish-archive.github.io/ron-english-light-cult-2001-3000/items/lccc-2252.html","https://opensea.io/item/ethereum/0xbe85fbd182af91290be7293438ae67549638189f/2252","OK",""
"2253","2253","Light Cult Crypto Club #2253","RE-004063","2201-2300","D:\github\ron-english-nfts\light-cult-crypto-club\images\LCCC-2253.png","31574","images/2201-2300/LCCC-2253.png","LCCC-2253.png","D:\github\ron-english-light-cult-2001-3000\images\2201-2300\LCCC-2253.png","items/lccc-2253.html","https://ronenglish-archive.github.io/ron-english-light-cult-2001-3000/items/lccc-2253.html","https://opensea.io/item/ethereum/0xbe85fbd182af91290be7293438ae67549638189f/2253","OK",""
"2254","2254","Light Cult Crypto Club #2254","RE-004064","2201-2300","D:\github\ron-english-nfts\light-cult-crypto-club\images\LCCC-2254.png","32023","images/2201-2300/LCCC-2254.png","LCCC-2254.png","D:\github\ron-english-light-cult-2001-3000\images\2201-2300\LCCC-2254.png","items/lccc-2254.html","https://ronenglish-archive.github.io/ron-english-light-cult-2001-3000/items/lccc-2254.html","https://opensea.io/item/ethereum/0xbe85fbd182af91290be7293438ae67549638189f/2254","OK",""
"2255","2255","Light Cult Crypto Club #2255","RE-004065","2201-2300","D:\github\ron-english-nfts\light-cult-crypto-club\images\LCCC-2255.png","26292","images/2201-2300/LCCC-2255.png","LCCC-2255.png","D:\github\ron-english-light-cult-2001-3000\images\2201-2300\LCCC-2255.png","items/lccc-2255.html","https://ronenglish-archive.github.io/ron-english-light-cult-2001-3000/items/lccc-2255.html","https://opensea.io/item/ethereum/0xbe85fbd182af91290be7293438ae67549638189f/2255","OK",""
"2256","2256","Light Cult Crypto Club #2256","RE-004066","2201-2300","D:\github\ron-english-nfts\light-cult-crypto-club\images\LCCC-2256.png","31454","images/2201-2300/LCCC-2256.png","LCCC-2256.png","D:\github\ron-english-light-cult-2001-3000\images\2201-2300\LCCC-2256.png","items/lccc-2256.html","https://ronenglish-archive.github.io/ron-english-light-cult-2001-3000/items/lccc-2256.html","https://opensea.io/item/ethereum/0xbe85fbd182af91290be7293438ae67549638189f/2256","OK",""
"2257","2257","Light Cult Crypto Club #2257","RE-004067","2201-2300","D:\github\ron-english-nfts\light-cult-crypto-club\images\LCCC-2257.png","10782","images/2201-2300/LCCC-2257.png","LCCC-2257.png","D:\github\ron-english-light-cult-2001-3000\images\2201-2300\LCCC-2257.png","items/lccc-2257.html","https://ronenglish-archive.github.io/ron-english-light-cult-2001-3000/items/lccc-2257.html","https://opensea.io/item/ethereum/0xbe85fbd182af91290be7293438ae67549638189f/2257","OK",""
"2258","2258","Light Cult Crypto Club #2258","RE-004068","2201-2300","D:\github\ron-english-nfts\light-cult-crypto-club\images\LCCC-2258.png","27759","images/2201-2300/LCCC-2258.png","LCCC-2258.png","D:\github\ron-english-light-cult-2001-3000\images\2201-2300\LCCC-2258.png","items/lccc-2258.html","https://ronenglish-archive.github.io/ron-english-light-cult-2001-3000/items/lccc-2258.html","https://opensea.io/item/ethereum/0xbe85fbd182af91290be7293438ae67549638189f/2258","OK",""
"2259","2259","Light Cult Crypto Club #2259","RE-004069","2201-2300","D:\github\ron-english-nfts\light-cult-crypto-club\images\LCCC-2259.png","33143","images/2201-2300/LCCC-2259.png","LCCC-2259.png","D:\github\ron-english-light-cult-2001-3000\images\2201-2300\LCCC-2259.png","items/lccc-2259.html","https://ronenglish-archive.github.io/ron-english-light-cult-2001-3000/items/lccc-2259.html","https://opensea.io/item/ethereum/0xbe85fbd182af91290be7293438ae67549638189f/2259","OK",""
"2260","2260","Light Cult Crypto Club #2260","RE-004070","2201-2300","D:\github\ron-english-nfts\light-cult-crypto-club\images\LCCC-2260.png","17493","images/2201-2300/LCCC-2260.png","LCCC-2260.png","D:\github\ron-english-light-cult-2001-3000\images\2201-2300\LCCC-2260.png","items/lccc-2260.html","https://ronenglish-archive.github.io/ron-english-light-cult-2001-3000/items/lccc-2260.html","https://opensea.io/item/ethereum/0xbe85fbd182af91290be7293438ae67549638189f/2260","OK",""
"2261","2261","Light Cult Crypto Club #2261","RE-004071","2201-2300","D:\github\ron-english-nfts\light-cult-crypto-club\images\LCCC-2261.png","6527","images/2201-2300/LCCC-2261.png","LCCC-2261.png","D:\github\ron-english-light-cult-2001-3000\images\2201-2300\LCCC-2261.png","items/lccc-2261.html","https://ronenglish-archive.github.io/ron-english-light-cult-2001-3000/items/lccc-2261.html","https://opensea.io/item/ethereum/0xbe85fbd182af91290be7293438ae67549638189f/2261","OK",""
"2262","2262","Light Cult Crypto Club #2262","RE-004072","2201-2300","D:\github\ron-english-nfts\light-cult-crypto-club\images\LCCC-2262.png","31165","images/2201-2300/LCCC-2262.png","LCCC-2262.png","D:\github\ron-english-light-cult-2001-3000\images\2201-2300\LCCC-2262.png","items/lccc-2262.html","https://ronenglish-archive.github.io/ron-english-light-cult-2001-3000/items/lccc-2262.html","https://opensea.io/item/ethereum/0xbe85fbd182af91290be7293438ae67549638189f/2262","OK",""
"2263","2263","Light Cult Crypto Club #2263","RE-004073","2201-2300","D:\github\ron-english-nfts\light-cult-crypto-club\images\LCCC-2263.png","26282","images/2201-2300/LCCC-2263.png","LCCC-2263.png","D:\github\ron-english-light-cult-2001-3000\images\2201-2300\LCCC-2263.png","items/lccc-2263.html","https://ronenglish-archive.github.io/ron-english-light-cult-2001-3000/items/lccc-2263.html","https://opensea.io/item/ethereum/0xbe85fbd182af91290be7293438ae67549638189f/2263","OK",""
"2264","2264","Light Cult Crypto Club #2264","RE-004074","2201-2300","D:\github\ron-english-nfts\light-cult-crypto-club\images\LCCC-2264.png","5373","images/2201-2300/LCCC-2264.png","LCCC-2264.png","D:\github\ron-english-light-cult-2001-3000\images\2201-2300\LCCC-2264.png","items/lccc-2264.html","https://ronenglish-archive.github.io/ron-english-light-cult-2001-3000/items/lccc-2264.html","https://opensea.io/item/ethereum/0xbe85fbd182af91290be7293438ae67549638189f/2264","OK",""
"2265","2265","Light Cult Crypto Club #2265","RE-004075","2201-2300","D:\github\ron-english-nfts\light-cult-crypto-club\images\LCCC-2265.png","6717","images/2201-2300/LCCC-2265.png","LCCC-2265.png","D:\github\ron-english-light-cult-2001-3000\images\2201-2300\LCCC-2265.png","items/lccc-2265.html","https://ronenglish-archive.github.io/ron-english-light-cult-2001-3000/items/lccc-2265.html","https://opensea.io/item/ethereum/0xbe85fbd182af91290be7293438ae67549638189f/2265","OK",""
"2266","2266","Light Cult Crypto Club #2266","RE-004076","2201-2300","D:\github\ron-english-nfts\light-cult-crypto-club\images\LCCC-2266.png","32034","images/2201-2300/LCCC-2266.png","LCCC-2266.png","D:\github\ron-english-light-cult-2001-3000\images\2201-2300\LCCC-2266.png","items/lccc-2266.html","https://ronenglish-archive.github.io/ron-english-light-cult-2001-3000/items/lccc-2266.html","https://opensea.io/item/ethereum/0xbe85fbd182af91290be7293438ae67549638189f/2266","OK",""
"2267","2267","Light Cult Crypto Club #2267","RE-004077","2201-2300","","","","","","items/lccc-2267.html","https://ronenglish-archive.github.io/ron-english-light-cult-2001-3000/items/lccc-2267.html","https://opensea.io/item/ethereum/0xbe85fbd182af91290be7293438ae67549638189f/2267","MISSING SOURCE IMAGE","No source image found for token #2267"
"2268","2268","Light Cult Crypto Club #2268","RE-004078","2201-2300","D:\github\ron-english-nfts\light-cult-crypto-club\images\LCCC-2268.png","26806","images/2201-2300/LCCC-2268.png","LCCC-2268.png","D:\github\ron-english-light-cult-2001-3000\images\2201-2300\LCCC-2268.png","items/lccc-2268.html","https://ronenglish-archive.github.io/ron-english-light-cult-2001-3000/items/lccc-2268.html","https://opensea.io/item/ethereum/0xbe85fbd182af91290be7293438ae67549638189f/2268","OK",""
"2269","2269","Light Cult Crypto Club #2269","RE-004079","2201-2300","D:\github\ron-english-nfts\light-cult-crypto-club\images\LCCC-2269.png","44452","images/2201-2300/LCCC-2269.png","LCCC-2269.png","D:\github\ron-english-light-cult-2001-3000\images\2201-2300\LCCC-2269.png","items/lccc-2269.html","https://ronenglish-archive.github.io/ron-english-light-cult-2001-3000/items/lccc-2269.html","https://opensea.io/item/ethereum/0xbe85fbd182af91290be7293438ae67549638189f/2269","OK",""
"2270","2270","Light Cult Crypto Club #2270","RE-004080","2201-2300","","","","","","items/lccc-2270.html","https://ronenglish-archive.github.io/ron-english-light-cult-2001-3000/items/lccc-2270.html","https://opensea.io/item/ethereum/0xbe85fbd182af91290be7293438ae67549638189f/2270","MISSING SOURCE IMAGE","No source image found for token #2270"
"2271","2271","Light Cult Crypto Club #2271","RE-004081","2201-2300","D:\github\ron-english-nfts\light-cult-crypto-club\images\LCCC-2271.png","12399","images/2201-2300/LCCC-2271.png","LCCC-2271.png","D:\github\ron-english-light-cult-2001-3000\images\2201-2300\LCCC-2271.png","items/lccc-2271.html","https://ronenglish-archive.github.io/ron-english-light-cult-2001-3000/items/lccc-2271.html","https://opensea.io/item/ethereum/0xbe85fbd182af91290be7293438ae67549638189f/2271","OK",""
"2272","2272","Light Cult Crypto Club #2272","RE-004082","2201-2300","","","","","","items/lccc-2272.html","https://ronenglish-archive.github.io/ron-english-light-cult-2001-3000/items/lccc-2272.html","https://opensea.io/item/ethereum/0xbe85fbd182af91290be7293438ae67549638189f/2272","MISSING SOURCE IMAGE","No source image found for token #2272"
"2273","2273","Light Cult Crypto Club #2273","RE-004083","2201-2300","D:\github\ron-english-nfts\light-cult-crypto-club\images\LCCC-2273.png","19341","images/2201-2300/LCCC-2273.png","LCCC-2273.png","D:\github\ron-english-light-cult-2001-3000\images\2201-2300\LCCC-2273.png","items/lccc-2273.html","https://ronenglish-archive.github.io/ron-english-light-cult-2001-3000/items/lccc-2273.html","https://opensea.io/item/ethereum/0xbe85fbd182af91290be7293438ae67549638189f/2273","OK",""
"2274","2274","Light Cult Crypto Club #2274","RE-004084","2201-2300","D:\github\ron-english-nfts\light-cult-crypto-club\images\LCCC-2274.png","30096","images/2201-2300/LCCC-2274.png","LCCC-2274.png","D:\github\ron-english-light-cult-2001-3000\images\2201-2300\LCCC-2274.png","items/lccc-2274.html","https://ronenglish-archive.github.io/ron-english-light-cult-2001-3000/items/lccc-2274.html","https://opensea.io/item/ethereum/0xbe85fbd182af91290be7293438ae67549638189f/2274","OK",""
"2275","2275","Light Cult Crypto Club #2275","RE-004085","2201-2300","D:\github\ron-english-nfts\light-cult-crypto-club\images\LCCC-2275.png","30031","images/2201-2300/LCCC-2275.png","LCCC-2275.png","D:\github\ron-english-light-cult-2001-3000\images\2201-2300\LCCC-2275.png","items/lccc-2275.html","https://ronenglish-archive.github.io/ron-english-light-cult-2001-3000/items/lccc-2275.html","https://opensea.io/item/ethereum/0xbe85fbd182af91290be7293438ae67549638189f/2275","OK",""
"2276","2276","Light Cult Crypto Club #2276","RE-004086","2201-2300","D:\github\ron-english-nfts\light-cult-crypto-club\images\LCCC-2276.png","22292","images/2201-2300/LCCC-2276.png","LCCC-2276.png","D:\github\ron-english-light-cult-2001-3000\images\2201-2300\LCCC-2276.png","items/lccc-2276.html","https://ronenglish-archive.github.io/ron-english-light-cult-2001-3000/items/lccc-2276.html","https://opensea.io/item/ethereum/0xbe85fbd182af91290be7293438ae67549638189f/2276","OK",""
"2277","2277","Light Cult Crypto Club #2277","RE-004087","2201-2300","D:\github\ron-english-nfts\light-cult-crypto-club\images\LCCC-2277.png","49430","images/2201-2300/LCCC-2277.png","LCCC-2277.png","D:\github\ron-english-light-cult-2001-3000\images\2201-2300\LCCC-2277.png","items/lccc-2277.html","https://ronenglish-archive.github.io/ron-english-light-cult-2001-3000/items/lccc-2277.html","https://opensea.io/item/ethereum/0xbe85fbd182af91290be7293438ae67549638189f/2277","OK",""
"2278","2278","Light Cult Crypto Club #2278","RE-004088","2201-2300","D:\github\ron-english-nfts\light-cult-crypto-club\images\LCCC-2278.png","9443","images/2201-2300/LCCC-2278.png","LCCC-2278.png","D:\github\ron-english-light-cult-2001-3000\images\2201-2300\LCCC-2278.png","items/lccc-2278.html","https://ronenglish-archive.github.io/ron-english-light-cult-2001-3000/items/lccc-2278.html","https://opensea.io/item/ethereum/0xbe85fbd182af91290be7293438ae67549638189f/2278","OK",""
"2279","2279","Light Cult Crypto Club #2279","RE-004089","2201-2300","D:\github\ron-english-nfts\light-cult-crypto-club\images\LCCC-2279.png","8798","images/2201-2300/LCCC-2279.png","LCCC-2279.png","D:\github\ron-english-light-cult-2001-3000\images\2201-2300\LCCC-2279.png","items/lccc-2279.html","https://ronenglish-archive.github.io/ron-english-light-cult-2001-3000/items/lccc-2279.html","https://opensea.io/item/ethereum/0xbe85fbd182af91290be7293438ae67549638189f/2279","OK",""
"2280","2280","Light Cult Crypto Club #2280","RE-004090","2201-2300","D:\github\ron-english-nfts\light-cult-crypto-club\images\LCCC-2280.png","14516","images/2201-2300/LCCC-2280.png","LCCC-2280.png","D:\github\ron-english-light-cult-2001-3000\images\2201-2300\LCCC-2280.png","items/lccc-2280.html","https://ronenglish-archive.github.io/ron-english-light-cult-2001-3000/items/lccc-2280.html","https://opensea.io/item/ethereum/0xbe85fbd182af91290be7293438ae67549638189f/2280","OK",""
"2281","2281","Light Cult Crypto Club #2281","RE-004091","2201-2300","D:\github\ron-english-nfts\light-cult-crypto-club\images\LCCC-2281.png","14679","images/2201-2300/LCCC-2281.png","LCCC-2281.png","D:\github\ron-english-light-cult-2001-3000\images\2201-2300\LCCC-2281.png","items/lccc-2281.html","https://ronenglish-archive.github.io/ron-english-light-cult-2001-3000/items/lccc-2281.html","https://opensea.io/item/ethereum/0xbe85fbd182af91290be7293438ae67549638189f/2281","OK",""
"2282","2282","Light Cult Crypto Club #2282","RE-004092","2201-2300","D:\github\ron-english-nfts\light-cult-crypto-club\images\LCCC-2282.png","11219","images/2201-2300/LCCC-2282.png","LCCC-2282.png","D:\github\ron-english-light-cult-2001-3000\images\2201-2300\LCCC-2282.png","items/lccc-2282.html","https://ronenglish-archive.github.io/ron-english-light-cult-2001-3000/items/lccc-2282.html","https://opensea.io/item/ethereum/0xbe85fbd182af91290be7293438ae67549638189f/2282","OK",""
"2283","2283","Light Cult Crypto Club #2283","RE-004093","2201-2300","","","","","","items/lccc-2283.html","https://ronenglish-archive.github.io/ron-english-light-cult-2001-3000/items/lccc-2283.html","https://opensea.io/item/ethereum/0xbe85fbd182af91290be7293438ae67549638189f/2283","MISSING SOURCE IMAGE","No source image found for token #2283"
"2284","2284","Light Cult Crypto Club #2284","RE-004094","2201-2300","D:\github\ron-english-nfts\light-cult-crypto-club\images\LCCC-2284.png","17687","images/2201-2300/LCCC-2284.png","LCCC-2284.png","D:\github\ron-english-light-cult-2001-3000\images\2201-2300\LCCC-2284.png","items/lccc-2284.html","https://ronenglish-archive.github.io/ron-english-light-cult-2001-3000/items/lccc-2284.html","https://opensea.io/item/ethereum/0xbe85fbd182af91290be7293438ae67549638189f/2284","OK",""
"2285","2285","Light Cult Crypto Club #2285","RE-004095","2201-2300","","","","","","items/lccc-2285.html","https://ronenglish-archive.github.io/ron-english-light-cult-2001-3000/items/lccc-2285.html","https://opensea.io/item/ethereum/0xbe85fbd182af91290be7293438ae67549638189f/2285","MISSING SOURCE IMAGE","No source image found for token #2285"
"2286","2286","Light Cult Crypto Club #2286","RE-004096","2201-2300","","","","","","items/lccc-2286.html","https://ronenglish-archive.github.io/ron-english-light-cult-2001-3000/items/lccc-2286.html","https://opensea.io/item/ethereum/0xbe85fbd182af91290be7293438ae67549638189f/2286","MISSING SOURCE IMAGE","No source image found for token #2286"
"2287","2287","Light Cult Crypto Club #2287","RE-004097","2201-2300","D:\github\ron-english-nfts\light-cult-crypto-club\images\LCCC-2287.png","11071","images/2201-2300/LCCC-2287.png","LCCC-2287.png","D:\github\ron-english-light-cult-2001-3000\images\2201-2300\LCCC-2287.png","items/lccc-2287.html","https://ronenglish-archive.github.io/ron-english-light-cult-2001-3000/items/lccc-2287.html","https://opensea.io/item/ethereum/0xbe85fbd182af91290be7293438ae67549638189f/2287","OK",""
"2288","2288","Light Cult Crypto Club #2288","RE-004098","2201-2300","D:\github\ron-english-nfts\light-cult-crypto-club\images\LCCC-2288.png","12421","images/2201-2300/LCCC-2288.png","LCCC-2288.png","D:\github\ron-english-light-cult-2001-3000\images\2201-2300\LCCC-2288.png","items/lccc-2288.html","https://ronenglish-archive.github.io/ron-english-light-cult-2001-3000/items/lccc-2288.html","https://opensea.io/item/ethereum/0xbe85fbd182af91290be7293438ae67549638189f/2288","OK",""
"2289","2289","Light Cult Crypto Club #2289","RE-004099","2201-2300","D:\github\ron-english-nfts\light-cult-crypto-club\images\LCCC-2289.png","33309","images/2201-2300/LCCC-2289.png","LCCC-2289.png","D:\github\ron-english-light-cult-2001-3000\images\2201-2300\LCCC-2289.png","items/lccc-2289.html","https://ronenglish-archive.github.io/ron-english-light-cult-2001-3000/items/lccc-2289.html","https://opensea.io/item/ethereum/0xbe85fbd182af91290be7293438ae67549638189f/2289","OK",""
"2290","2290","Light Cult Crypto Club #2290","RE-004100","2201-2300","D:\github\ron-english-nfts\light-cult-crypto-club\images\LCCC-2290.png","24303","images/2201-2300/LCCC-2290.png","LCCC-2290.png","D:\github\ron-english-light-cult-2001-3000\images\2201-2300\LCCC-2290.png","items/lccc-2290.html","https://ronenglish-archive.github.io/ron-english-light-cult-2001-3000/items/lccc-2290.html","https://opensea.io/item/ethereum/0xbe85fbd182af91290be7293438ae67549638189f/2290","OK",""
"2291","2291","Light Cult Crypto Club #2291","RE-004101","2201-2300","D:\github\ron-english-nfts\light-cult-crypto-club\images\LCCC-2291.png","7947","images/2201-2300/LCCC-2291.png","LCCC-2291.png","D:\github\ron-english-light-cult-2001-3000\images\2201-2300\LCCC-2291.png","items/lccc-2291.html","https://ronenglish-archive.github.io/ron-english-light-cult-2001-3000/items/lccc-2291.html","https://opensea.io/item/ethereum/0xbe85fbd182af91290be7293438ae67549638189f/2291","OK",""
"2292","2292","Light Cult Crypto Club #2292","RE-004102","2201-2300","D:\github\ron-english-nfts\light-cult-crypto-club\images\LCCC-2292.png","15580","images/2201-2300/LCCC-2292.png","LCCC-2292.png","D:\github\ron-english-light-cult-2001-3000\images\2201-2300\LCCC-2292.png","items/lccc-2292.html","https://ronenglish-archive.github.io/ron-english-light-cult-2001-3000/items/lccc-2292.html","https://opensea.io/item/ethereum/0xbe85fbd182af91290be7293438ae67549638189f/2292","OK",""
"2293","2293","Light Cult Crypto Club #2293","RE-004103","2201-2300","D:\github\ron-english-nfts\light-cult-crypto-club\images\LCCC-2293.png","15491","images/2201-2300/LCCC-2293.png","LCCC-2293.png","D:\github\ron-english-light-cult-2001-3000\images\2201-2300\LCCC-2293.png","items/lccc-2293.html","https://ronenglish-archive.github.io/ron-english-light-cult-2001-3000/items/lccc-2293.html","https://opensea.io/item/ethereum/0xbe85fbd182af91290be7293438ae67549638189f/2293","OK",""
"2294","2294","Light Cult Crypto Club #2294","RE-004104","2201-2300","","","","","","items/lccc-2294.html","https://ronenglish-archive.github.io/ron-english-light-cult-2001-3000/items/lccc-2294.html","https://opensea.io/item/ethereum/0xbe85fbd182af91290be7293438ae67549638189f/2294","MISSING SOURCE IMAGE","No source image found for token #2294"
"2295","2295","Light Cult Crypto Club #2295","RE-004105","2201-2300","D:\github\ron-english-nfts\light-cult-crypto-club\images\LCCC-2295.png","11676","images/2201-2300/LCCC-2295.png","LCCC-2295.png","D:\github\ron-english-light-cult-2001-3000\images\2201-2300\LCCC-2295.png","items/lccc-2295.html","https://ronenglish-archive.github.io/ron-english-light-cult-2001-3000/items/lccc-2295.html","https://opensea.io/item/ethereum/0xbe85fbd182af91290be7293438ae67549638189f/2295","OK",""
"2296","2296","Light Cult Crypto Club #2296","RE-004106","2201-2300","","","","","","items/lccc-2296.html","https://ronenglish-archive.github.io/ron-english-light-cult-2001-3000/items/lccc-2296.html","https://opensea.io/item/ethereum/0xbe85fbd182af91290be7293438ae67549638189f/2296","MISSING SOURCE IMAGE","No source image found for token #2296"
"2297","2297","Light Cult Crypto Club #2297","RE-004107","2201-2300","D:\github\ron-english-nfts\light-cult-crypto-club\images\LCCC-2297.png","6367","images/2201-2300/LCCC-2297.png","LCCC-2297.png","D:\github\ron-english-light-cult-2001-3000\images\2201-2300\LCCC-2297.png","items/lccc-2297.html","https://ronenglish-archive.github.io/ron-english-light-cult-2001-3000/items/lccc-2297.html","https://opensea.io/item/ethereum/0xbe85fbd182af91290be7293438ae67549638189f/2297","OK",""
"2298","2298","Light Cult Crypto Club #2298","RE-004108","2201-2300","D:\github\ron-english-nfts\light-cult-crypto-club\images\LCCC-2298.png","20597","images/2201-2300/LCCC-2298.png","LCCC-2298.png","D:\github\ron-english-light-cult-2001-3000\images\2201-2300\LCCC-2298.png","items/lccc-2298.html","https://ronenglish-archive.github.io/ron-english-light-cult-2001-3000/items/lccc-2298.html","https://opensea.io/item/ethereum/0xbe85fbd182af91290be7293438ae67549638189f/2298","OK",""
"2299","2299","Light Cult Crypto Club #2299","RE-004109","2201-2300","D:\github\ron-english-nfts\light-cult-crypto-club\images\LCCC-2299.png","23841","images/2201-2300/LCCC-2299.png","LCCC-2299.png","D:\github\ron-english-light-cult-2001-3000\images\2201-2300\LCCC-2299.png","items/lccc-2299.html","https://ronenglish-archive.github.io/ron-english-light-cult-2001-3000/items/lccc-2299.html","https://opensea.io/item/ethereum/0xbe85fbd182af91290be7293438ae67549638189f/2299","OK",""
"2300","2300","Light Cult Crypto Club #2300","RE-004110","2201-2300","D:\github\ron-english-nfts\light-cult-crypto-club\images\LCCC-2300.png","19852","images/2201-2300/LCCC-2300.png","LCCC-2300.png","D:\github\ron-english-light-cult-2001-3000\images\2201-2300\LCCC-2300.png","items/lccc-2300.html","https://ronenglish-archive.github.io/ron-english-light-cult-2001-3000/items/lccc-2300.html","https://opensea.io/item/ethereum/0xbe85fbd182af91290be7293438ae67549638189f/2300","OK",""
"2301","2301","Light Cult Crypto Club #2301","RE-004111","2301-2400","D:\github\ron-english-nfts\light-cult-crypto-club\images\LCCC-2301.png","10904","images/2301-2400/LCCC-2301.png","LCCC-2301.png","D:\github\ron-english-light-cult-2001-3000\images\2301-2400\LCCC-2301.png","items/lccc-2301.html","https://ronenglish-archive.github.io/ron-english-light-cult-2001-3000/items/lccc-2301.html","https://opensea.io/item/ethereum/0xbe85fbd182af91290be7293438ae67549638189f/2301","OK",""
"2302","2302","Light Cult Crypto Club #2302","RE-004112","2301-2400","D:\github\ron-english-nfts\light-cult-crypto-club\images\LCCC-2302.png","19556","images/2301-2400/LCCC-2302.png","LCCC-2302.png","D:\github\ron-english-light-cult-2001-3000\images\2301-2400\LCCC-2302.png","items/lccc-2302.html","https://ronenglish-archive.github.io/ron-english-light-cult-2001-3000/items/lccc-2302.html","https://opensea.io/item/ethereum/0xbe85fbd182af91290be7293438ae67549638189f/2302","OK",""
"2303","2303","Light Cult Crypto Club #2303","RE-004113","2301-2400","D:\github\ron-english-nfts\light-cult-crypto-club\images\LCCC-2303.png","8179","images/2301-2400/LCCC-2303.png","LCCC-2303.png","D:\github\ron-english-light-cult-2001-3000\images\2301-2400\LCCC-2303.png","items/lccc-2303.html","https://ronenglish-archive.github.io/ron-english-light-cult-2001-3000/items/lccc-2303.html","https://opensea.io/item/ethereum/0xbe85fbd182af91290be7293438ae67549638189f/2303","OK",""
"2304","2304","Light Cult Crypto Club #2304","RE-004114","2301-2400","D:\github\ron-english-nfts\light-cult-crypto-club\images\LCCC-2304.png","13755","images/2301-2400/LCCC-2304.png","LCCC-2304.png","D:\github\ron-english-light-cult-2001-3000\images\2301-2400\LCCC-2304.png","items/lccc-2304.html","https://ronenglish-archive.github.io/ron-english-light-cult-2001-3000/items/lccc-2304.html","https://opensea.io/item/ethereum/0xbe85fbd182af91290be7293438ae67549638189f/2304","OK",""
"2305","2305","Light Cult Crypto Club #2305","RE-004115","2301-2400","D:\github\ron-english-nfts\light-cult-crypto-club\images\LCCC-2305.png","21845","images/2301-2400/LCCC-2305.png","LCCC-2305.png","D:\github\ron-english-light-cult-2001-3000\images\2301-2400\LCCC-2305.png","items/lccc-2305.html","https://ronenglish-archive.github.io/ron-english-light-cult-2001-3000/items/lccc-2305.html","https://opensea.io/item/ethereum/0xbe85fbd182af91290be7293438ae67549638189f/2305","OK",""
"2306","2306","Light Cult Crypto Club #2306","RE-004116","2301-2400","D:\github\ron-english-nfts\light-cult-crypto-club\images\LCCC-2306.png","32802","images/2301-2400/LCCC-2306.png","LCCC-2306.png","D:\github\ron-english-light-cult-2001-3000\images\2301-2400\LCCC-2306.png","items/lccc-2306.html","https://ronenglish-archive.github.io/ron-english-light-cult-2001-3000/items/lccc-2306.html","https://opensea.io/item/ethereum/0xbe85fbd182af91290be7293438ae67549638189f/2306","OK",""
"2307","2307","Light Cult Crypto Club #2307","RE-004117","2301-2400","D:\github\ron-english-nfts\light-cult-crypto-club\images\LCCC-2307.png","16499","images/2301-2400/LCCC-2307.png","LCCC-2307.png","D:\github\ron-english-light-cult-2001-3000\images\2301-2400\LCCC-2307.png","items/lccc-2307.html","https://ronenglish-archive.github.io/ron-english-light-cult-2001-3000/items/lccc-2307.html","https://opensea.io/item/ethereum/0xbe85fbd182af91290be7293438ae67549638189f/2307","OK",""
"2308","2308","Light Cult Crypto Club #2308","RE-004118","2301-2400","D:\github\ron-english-nfts\light-cult-crypto-club\images\LCCC-2308.png","12164","images/2301-2400/LCCC-2308.png","LCCC-2308.png","D:\github\ron-english-light-cult-2001-3000\images\2301-2400\LCCC-2308.png","items/lccc-2308.html","https://ronenglish-archive.github.io/ron-english-light-cult-2001-3000/items/lccc-2308.html","https://opensea.io/item/ethereum/0xbe85fbd182af91290be7293438ae67549638189f/2308","OK",""
"2309","2309","Light Cult Crypto Club #2309","RE-004119","2301-2400","D:\github\ron-english-nfts\light-cult-crypto-club\images\LCCC-2309.png","13165","images/2301-2400/LCCC-2309.png","LCCC-2309.png","D:\github\ron-english-light-cult-2001-3000\images\2301-2400\LCCC-2309.png","items/lccc-2309.html","https://ronenglish-archive.github.io/ron-english-light-cult-2001-3000/items/lccc-2309.html","https://opensea.io/item/ethereum/0xbe85fbd182af91290be7293438ae67549638189f/2309","OK",""
"2310","2310","Light Cult Crypto Club #2310","RE-004120","2301-2400","D:\github\ron-english-nfts\light-cult-crypto-club\images\LCCC-2310.png","17436","images/2301-2400/LCCC-2310.png","LCCC-2310.png","D:\github\ron-english-light-cult-2001-3000\images\2301-2400\LCCC-2310.png","items/lccc-2310.html","https://ronenglish-archive.github.io/ron-english-light-cult-2001-3000/items/lccc-2310.html","https://opensea.io/item/ethereum/0xbe85fbd182af91290be7293438ae67549638189f/2310","OK",""
"2311","2311","Light Cult Crypto Club #2311","RE-004121","2301-2400","D:\github\ron-english-nfts\light-cult-crypto-club\images\LCCC-2311.png","35522","images/2301-2400/LCCC-2311.png","LCCC-2311.png","D:\github\ron-english-light-cult-2001-3000\images\2301-2400\LCCC-2311.png","items/lccc-2311.html","https://ronenglish-archive.github.io/ron-english-light-cult-2001-3000/items/lccc-2311.html","https://opensea.io/item/ethereum/0xbe85fbd182af91290be7293438ae67549638189f/2311","OK",""
"2312","2312","Light Cult Crypto Club #2312","RE-004122","2301-2400","D:\github\ron-english-nfts\light-cult-crypto-club\images\LCCC-2312.png","26230","images/2301-2400/LCCC-2312.png","LCCC-2312.png","D:\github\ron-english-light-cult-2001-3000\images\2301-2400\LCCC-2312.png","items/lccc-2312.html","https://ronenglish-archive.github.io/ron-english-light-cult-2001-3000/items/lccc-2312.html","https://opensea.io/item/ethereum/0xbe85fbd182af91290be7293438ae67549638189f/2312","OK",""
"2313","2313","Light Cult Crypto Club #2313","RE-004123","2301-2400","D:\github\ron-english-nfts\light-cult-crypto-club\images\LCCC-2313.png","11279","images/2301-2400/LCCC-2313.png","LCCC-2313.png","D:\github\ron-english-light-cult-2001-3000\images\2301-2400\LCCC-2313.png","items/lccc-2313.html","https://ronenglish-archive.github.io/ron-english-light-cult-2001-3000/items/lccc-2313.html","https://opensea.io/item/ethereum/0xbe85fbd182af91290be7293438ae67549638189f/2313","OK",""
"2314","2314","Light Cult Crypto Club #2314","RE-004124","2301-2400","D:\github\ron-english-nfts\light-cult-crypto-club\images\LCCC-2314.png","33538","images/2301-2400/LCCC-2314.png","LCCC-2314.png","D:\github\ron-english-light-cult-2001-3000\images\2301-2400\LCCC-2314.png","items/lccc-2314.html","https://ronenglish-archive.github.io/ron-english-light-cult-2001-3000/items/lccc-2314.html","https://opensea.io/item/ethereum/0xbe85fbd182af91290be7293438ae67549638189f/2314","OK",""
"2315","2315","Light Cult Crypto Club #2315","RE-004125","2301-2400","","","","","","items/lccc-2315.html","https://ronenglish-archive.github.io/ron-english-light-cult-2001-3000/items/lccc-2315.html","https://opensea.io/item/ethereum/0xbe85fbd182af91290be7293438ae67549638189f/2315","MISSING SOURCE IMAGE","No source image found for token #2315"
"2316","2316","Light Cult Crypto Club #2316","RE-004126","2301-2400","D:\github\ron-english-nfts\light-cult-crypto-club\images\LCCC-2316.png","33682","images/2301-2400/LCCC-2316.png","LCCC-2316.png","D:\github\ron-english-light-cult-2001-3000\images\2301-2400\LCCC-2316.png","items/lccc-2316.html","https://ronenglish-archive.github.io/ron-english-light-cult-2001-3000/items/lccc-2316.html","https://opensea.io/item/ethereum/0xbe85fbd182af91290be7293438ae67549638189f/2316","OK",""
"2317","2317","Light Cult Crypto Club #2317","RE-004127","2301-2400","D:\github\ron-english-nfts\light-cult-crypto-club\images\LCCC-2317.png","56665","images/2301-2400/LCCC-2317.png","LCCC-2317.png","D:\github\ron-english-light-cult-2001-3000\images\2301-2400\LCCC-2317.png","items/lccc-2317.html","https://ronenglish-archive.github.io/ron-english-light-cult-2001-3000/items/lccc-2317.html","https://opensea.io/item/ethereum/0xbe85fbd182af91290be7293438ae67549638189f/2317","OK",""
"2318","2318","Light Cult Crypto Club #2318","RE-004128","2301-2400","D:\github\ron-english-nfts\light-cult-crypto-club\images\LCCC-2318.png","34715","images/2301-2400/LCCC-2318.png","LCCC-2318.png","D:\github\ron-english-light-cult-2001-3000\images\2301-2400\LCCC-2318.png","items/lccc-2318.html","https://ronenglish-archive.github.io/ron-english-light-cult-2001-3000/items/lccc-2318.html","https://opensea.io/item/ethereum/0xbe85fbd182af91290be7293438ae67549638189f/2318","OK",""
"2319","2319","Light Cult Crypto Club #2319","RE-004129","2301-2400","D:\github\ron-english-nfts\light-cult-crypto-club\images\LCCC-2319.png","8008","images/2301-2400/LCCC-2319.png","LCCC-2319.png","D:\github\ron-english-light-cult-2001-3000\images\2301-2400\LCCC-2319.png","items/lccc-2319.html","https://ronenglish-archive.github.io/ron-english-light-cult-2001-3000/items/lccc-2319.html","https://opensea.io/item/ethereum/0xbe85fbd182af91290be7293438ae67549638189f/2319","OK",""
"2320","2320","Light Cult Crypto Club #2320","RE-004130","2301-2400","D:\github\ron-english-nfts\light-cult-crypto-club\images\LCCC-2320.png","35407","images/2301-2400/LCCC-2320.png","LCCC-2320.png","D:\github\ron-english-light-cult-2001-3000\images\2301-2400\LCCC-2320.png","items/lccc-2320.html","https://ronenglish-archive.github.io/ron-english-light-cult-2001-3000/items/lccc-2320.html","https://opensea.io/item/ethereum/0xbe85fbd182af91290be7293438ae67549638189f/2320","OK",""
"2321","2321","Light Cult Crypto Club #2321","RE-004131","2301-2400","D:\github\ron-english-nfts\light-cult-crypto-club\images\LCCC-2321.png","8531","images/2301-2400/LCCC-2321.png","LCCC-2321.png","D:\github\ron-english-light-cult-2001-3000\images\2301-2400\LCCC-2321.png","items/lccc-2321.html","https://ronenglish-archive.github.io/ron-english-light-cult-2001-3000/items/lccc-2321.html","https://opensea.io/item/ethereum/0xbe85fbd182af91290be7293438ae67549638189f/2321","OK",""
"2322","2322","Light Cult Crypto Club #2322","RE-004132","2301-2400","D:\github\ron-english-nfts\light-cult-crypto-club\images\LCCC-2322.png","6551","images/2301-2400/LCCC-2322.png","LCCC-2322.png","D:\github\ron-english-light-cult-2001-3000\images\2301-2400\LCCC-2322.png","items/lccc-2322.html","https://ronenglish-archive.github.io/ron-english-light-cult-2001-3000/items/lccc-2322.html","https://opensea.io/item/ethereum/0xbe85fbd182af91290be7293438ae67549638189f/2322","OK",""
"2323","2323","Light Cult Crypto Club #2323","RE-004133","2301-2400","D:\github\ron-english-nfts\light-cult-crypto-club\images\LCCC-2323.png","24607","images/2301-2400/LCCC-2323.png","LCCC-2323.png","D:\github\ron-english-light-cult-2001-3000\images\2301-2400\LCCC-2323.png","items/lccc-2323.html","https://ronenglish-archive.github.io/ron-english-light-cult-2001-3000/items/lccc-2323.html","https://opensea.io/item/ethereum/0xbe85fbd182af91290be7293438ae67549638189f/2323","OK",""
"2324","2324","Light Cult Crypto Club #2324","RE-004134","2301-2400","","","","","","items/lccc-2324.html","https://ronenglish-archive.github.io/ron-english-light-cult-2001-3000/items/lccc-2324.html","https://opensea.io/item/ethereum/0xbe85fbd182af91290be7293438ae67549638189f/2324","MISSING SOURCE IMAGE","No source image found for token #2324"
"2325","2325","Light Cult Crypto Club #2325","RE-004135","2301-2400","D:\github\ron-english-nfts\light-cult-crypto-club\images\LCCC-2325.png","32320","images/2301-2400/LCCC-2325.png","LCCC-2325.png","D:\github\ron-english-light-cult-2001-3000\images\2301-2400\LCCC-2325.png","items/lccc-2325.html","https://ronenglish-archive.github.io/ron-english-light-cult-2001-3000/items/lccc-2325.html","https://opensea.io/item/ethereum/0xbe85fbd182af91290be7293438ae67549638189f/2325","OK",""
"2326","2326","Light Cult Crypto Club #2326","RE-004136","2301-2400","D:\github\ron-english-nfts\light-cult-crypto-club\images\LCCC-2326.png","9788","images/2301-2400/LCCC-2326.png","LCCC-2326.png","D:\github\ron-english-light-cult-2001-3000\images\2301-2400\LCCC-2326.png","items/lccc-2326.html","https://ronenglish-archive.github.io/ron-english-light-cult-2001-3000/items/lccc-2326.html","https://opensea.io/item/ethereum/0xbe85fbd182af91290be7293438ae67549638189f/2326","OK",""
"2327","2327","Light Cult Crypto Club #2327","RE-004137","2301-2400","D:\github\ron-english-nfts\light-cult-crypto-club\images\LCCC-2327.png","31717","images/2301-2400/LCCC-2327.png","LCCC-2327.png","D:\github\ron-english-light-cult-2001-3000\images\2301-2400\LCCC-2327.png","items/lccc-2327.html","https://ronenglish-archive.github.io/ron-english-light-cult-2001-3000/items/lccc-2327.html","https://opensea.io/item/ethereum/0xbe85fbd182af91290be7293438ae67549638189f/2327","OK",""
"2328","2328","Light Cult Crypto Club #2328","RE-004138","2301-2400","D:\github\ron-english-nfts\light-cult-crypto-club\images\LCCC-2328.png","15784","images/2301-2400/LCCC-2328.png","LCCC-2328.png","D:\github\ron-english-light-cult-2001-3000\images\2301-2400\LCCC-2328.png","items/lccc-2328.html","https://ronenglish-archive.github.io/ron-english-light-cult-2001-3000/items/lccc-2328.html","https://opensea.io/item/ethereum/0xbe85fbd182af91290be7293438ae67549638189f/2328","OK",""
"2329","2329","Light Cult Crypto Club #2329","RE-004139","2301-2400","D:\github\ron-english-nfts\light-cult-crypto-club\images\LCCC-2329.png","28216","images/2301-2400/LCCC-2329.png","LCCC-2329.png","D:\github\ron-english-light-cult-2001-3000\images\2301-2400\LCCC-2329.png","items/lccc-2329.html","https://ronenglish-archive.github.io/ron-english-light-cult-2001-3000/items/lccc-2329.html","https://opensea.io/item/ethereum/0xbe85fbd182af91290be7293438ae67549638189f/2329","OK",""
"2330","2330","Light Cult Crypto Club #2330","RE-004140","2301-2400","D:\github\ron-english-nfts\light-cult-crypto-club\images\LCCC-2330.png","23519","images/2301-2400/LCCC-2330.png","LCCC-2330.png","D:\github\ron-english-light-cult-2001-3000\images\2301-2400\LCCC-2330.png","items/lccc-2330.html","https://ronenglish-archive.github.io/ron-english-light-cult-2001-3000/items/lccc-2330.html","https://opensea.io/item/ethereum/0xbe85fbd182af91290be7293438ae67549638189f/2330","OK",""
"2331","2331","Light Cult Crypto Club #2331","RE-004141","2301-2400","D:\github\ron-english-nfts\light-cult-crypto-club\images\LCCC-2331.png","26738","images/2301-2400/LCCC-2331.png","LCCC-2331.png","D:\github\ron-english-light-cult-2001-3000\images\2301-2400\LCCC-2331.png","items/lccc-2331.html","https://ronenglish-archive.github.io/ron-english-light-cult-2001-3000/items/lccc-2331.html","https://opensea.io/item/ethereum/0xbe85fbd182af91290be7293438ae67549638189f/2331","OK",""
"2332","2332","Light Cult Crypto Club #2332","RE-004142","2301-2400","D:\github\ron-english-nfts\light-cult-crypto-club\images\LCCC-2332.png","9545","images/2301-2400/LCCC-2332.png","LCCC-2332.png","D:\github\ron-english-light-cult-2001-3000\images\2301-2400\LCCC-2332.png","items/lccc-2332.html","https://ronenglish-archive.github.io/ron-english-light-cult-2001-3000/items/lccc-2332.html","https://opensea.io/item/ethereum/0xbe85fbd182af91290be7293438ae67549638189f/2332","OK",""
"2333","2333","Light Cult Crypto Club #2333","RE-004143","2301-2400","D:\github\ron-english-nfts\light-cult-crypto-club\images\LCCC-2333.png","26401","images/2301-2400/LCCC-2333.png","LCCC-2333.png","D:\github\ron-english-light-cult-2001-3000\images\2301-2400\LCCC-2333.png","items/lccc-2333.html","https://ronenglish-archive.github.io/ron-english-light-cult-2001-3000/items/lccc-2333.html","https://opensea.io/item/ethereum/0xbe85fbd182af91290be7293438ae67549638189f/2333","OK",""
"2334","2334","Light Cult Crypto Club #2334","RE-004144","2301-2400","D:\github\ron-english-nfts\light-cult-crypto-club\images\LCCC-2334.png","21773","images/2301-2400/LCCC-2334.png","LCCC-2334.png","D:\github\ron-english-light-cult-2001-3000\images\2301-2400\LCCC-2334.png","items/lccc-2334.html","https://ronenglish-archive.github.io/ron-english-light-cult-2001-3000/items/lccc-2334.html","https://opensea.io/item/ethereum/0xbe85fbd182af91290be7293438ae67549638189f/2334","OK",""
"2335","2335","Light Cult Crypto Club #2335","RE-004145","2301-2400","D:\github\ron-english-nfts\light-cult-crypto-club\images\LCCC-2335.png","17190","images/2301-2400/LCCC-2335.png","LCCC-2335.png","D:\github\ron-english-light-cult-2001-3000\images\2301-2400\LCCC-2335.png","items/lccc-2335.html","https://ronenglish-archive.github.io/ron-english-light-cult-2001-3000/items/lccc-2335.html","https://opensea.io/item/ethereum/0xbe85fbd182af91290be7293438ae67549638189f/2335","OK",""
"2336","2336","Light Cult Crypto Club #2336","RE-004146","2301-2400","D:\github\ron-english-nfts\light-cult-crypto-club\images\LCCC-2336.png","13690","images/2301-2400/LCCC-2336.png","LCCC-2336.png","D:\github\ron-english-light-cult-2001-3000\images\2301-2400\LCCC-2336.png","items/lccc-2336.html","https://ronenglish-archive.github.io/ron-english-light-cult-2001-3000/items/lccc-2336.html","https://opensea.io/item/ethereum/0xbe85fbd182af91290be7293438ae67549638189f/2336","OK",""
"2337","2337","Light Cult Crypto Club #2337","RE-004147","2301-2400","","","","","","items/lccc-2337.html","https://ronenglish-archive.github.io/ron-english-light-cult-2001-3000/items/lccc-2337.html","https://opensea.io/item/ethereum/0xbe85fbd182af91290be7293438ae67549638189f/2337","MISSING SOURCE IMAGE","No source image found for token #2337"
"2338","2338","Light Cult Crypto Club #2338","RE-004148","2301-2400","","","","","","items/lccc-2338.html","https://ronenglish-archive.github.io/ron-english-light-cult-2001-3000/items/lccc-2338.html","https://opensea.io/item/ethereum/0xbe85fbd182af91290be7293438ae67549638189f/2338","MISSING SOURCE IMAGE","No source image found for token #2338"
"2339","2339","Light Cult Crypto Club #2339","RE-004149","2301-2400","D:\github\ron-english-nfts\light-cult-crypto-club\images\LCCC-2339.png","21784","images/2301-2400/LCCC-2339.png","LCCC-2339.png","D:\github\ron-english-light-cult-2001-3000\images\2301-2400\LCCC-2339.png","items/lccc-2339.html","https://ronenglish-archive.github.io/ron-english-light-cult-2001-3000/items/lccc-2339.html","https://opensea.io/item/ethereum/0xbe85fbd182af91290be7293438ae67549638189f/2339","OK",""
"2340","2340","Light Cult Crypto Club #2340","RE-004150","2301-2400","D:\github\ron-english-nfts\light-cult-crypto-club\images\LCCC-2340.png","27092","images/2301-2400/LCCC-2340.png","LCCC-2340.png","D:\github\ron-english-light-cult-2001-3000\images\2301-2400\LCCC-2340.png","items/lccc-2340.html","https://ronenglish-archive.github.io/ron-english-light-cult-2001-3000/items/lccc-2340.html","https://opensea.io/item/ethereum/0xbe85fbd182af91290be7293438ae67549638189f/2340","OK",""
"2341","2341","Light Cult Crypto Club #2341","RE-004151","2301-2400","D:\github\ron-english-nfts\light-cult-crypto-club\images\LCCC-2341.png","18877","images/2301-2400/LCCC-2341.png","LCCC-2341.png","D:\github\ron-english-light-cult-2001-3000\images\2301-2400\LCCC-2341.png","items/lccc-2341.html","https://ronenglish-archive.github.io/ron-english-light-cult-2001-3000/items/lccc-2341.html","https://opensea.io/item/ethereum/0xbe85fbd182af91290be7293438ae67549638189f/2341","OK",""
"2342","2342","Light Cult Crypto Club #2342","RE-004152","2301-2400","D:\github\ron-english-nfts\light-cult-crypto-club\images\LCCC-2342.png","20658","images/2301-2400/LCCC-2342.png","LCCC-2342.png","D:\github\ron-english-light-cult-2001-3000\images\2301-2400\LCCC-2342.png","items/lccc-2342.html","https://ronenglish-archive.github.io/ron-english-light-cult-2001-3000/items/lccc-2342.html","https://opensea.io/item/ethereum/0xbe85fbd182af91290be7293438ae67549638189f/2342","OK",""
"2343","2343","Light Cult Crypto Club #2343","RE-004153","2301-2400","D:\github\ron-english-nfts\light-cult-crypto-club\images\LCCC-2343.png","3575","images/2301-2400/LCCC-2343.png","LCCC-2343.png","D:\github\ron-english-light-cult-2001-3000\images\2301-2400\LCCC-2343.png","items/lccc-2343.html","https://ronenglish-archive.github.io/ron-english-light-cult-2001-3000/items/lccc-2343.html","https://opensea.io/item/ethereum/0xbe85fbd182af91290be7293438ae67549638189f/2343","OK",""
"2344","2344","Light Cult Crypto Club #2344","RE-004154","2301-2400","D:\github\ron-english-nfts\light-cult-crypto-club\images\LCCC-2344.png","32958","images/2301-2400/LCCC-2344.png","LCCC-2344.png","D:\github\ron-english-light-cult-2001-3000\images\2301-2400\LCCC-2344.png","items/lccc-2344.html","https://ronenglish-archive.github.io/ron-english-light-cult-2001-3000/items/lccc-2344.html","https://opensea.io/item/ethereum/0xbe85fbd182af91290be7293438ae67549638189f/2344","OK",""
"2345","2345","Light Cult Crypto Club #2345","RE-004155","2301-2400","D:\github\ron-english-nfts\light-cult-crypto-club\images\LCCC-2345.png","7423","images/2301-2400/LCCC-2345.png","LCCC-2345.png","D:\github\ron-english-light-cult-2001-3000\images\2301-2400\LCCC-2345.png","items/lccc-2345.html","https://ronenglish-archive.github.io/ron-english-light-cult-2001-3000/items/lccc-2345.html","https://opensea.io/item/ethereum/0xbe85fbd182af91290be7293438ae67549638189f/2345","OK",""
"2346","2346","Light Cult Crypto Club #2346","RE-004156","2301-2400","D:\github\ron-english-nfts\light-cult-crypto-club\images\LCCC-2346.png","16656","images/2301-2400/LCCC-2346.png","LCCC-2346.png","D:\github\ron-english-light-cult-2001-3000\images\2301-2400\LCCC-2346.png","items/lccc-2346.html","https://ronenglish-archive.github.io/ron-english-light-cult-2001-3000/items/lccc-2346.html","https://opensea.io/item/ethereum/0xbe85fbd182af91290be7293438ae67549638189f/2346","OK",""
"2347","2347","Light Cult Crypto Club #2347","RE-004157","2301-2400","D:\github\ron-english-nfts\light-cult-crypto-club\images\LCCC-2347.png","9002","images/2301-2400/LCCC-2347.png","LCCC-2347.png","D:\github\ron-english-light-cult-2001-3000\images\2301-2400\LCCC-2347.png","items/lccc-2347.html","https://ronenglish-archive.github.io/ron-english-light-cult-2001-3000/items/lccc-2347.html","https://opensea.io/item/ethereum/0xbe85fbd182af91290be7293438ae67549638189f/2347","OK",""
"2348","2348","Light Cult Crypto Club #2348","RE-004158","2301-2400","","","","","","items/lccc-2348.html","https://ronenglish-archive.github.io/ron-english-light-cult-2001-3000/items/lccc-2348.html","https://opensea.io/item/ethereum/0xbe85fbd182af91290be7293438ae67549638189f/2348","MISSING SOURCE IMAGE","No source image found for token #2348"
"2349","2349","Light Cult Crypto Club #2349","RE-004159","2301-2400","D:\github\ron-english-nfts\light-cult-crypto-club\images\LCCC-2349.png","7226","images/2301-2400/LCCC-2349.png","LCCC-2349.png","D:\github\ron-english-light-cult-2001-3000\images\2301-2400\LCCC-2349.png","items/lccc-2349.html","https://ronenglish-archive.github.io/ron-english-light-cult-2001-3000/items/lccc-2349.html","https://opensea.io/item/ethereum/0xbe85fbd182af91290be7293438ae67549638189f/2349","OK",""
"2350","2350","Light Cult Crypto Club #2350","RE-004160","2301-2400","D:\github\ron-english-nfts\light-cult-crypto-club\images\LCCC-2350.png","21334","images/2301-2400/LCCC-2350.png","LCCC-2350.png","D:\github\ron-english-light-cult-2001-3000\images\2301-2400\LCCC-2350.png","items/lccc-2350.html","https://ronenglish-archive.github.io/ron-english-light-cult-2001-3000/items/lccc-2350.html","https://opensea.io/item/ethereum/0xbe85fbd182af91290be7293438ae67549638189f/2350","OK",""
"2351","2351","Light Cult Crypto Club #2351","RE-004161","2301-2400","D:\github\ron-english-nfts\light-cult-crypto-club\images\LCCC-2351.png","40687","images/2301-2400/LCCC-2351.png","LCCC-2351.png","D:\github\ron-english-light-cult-2001-3000\images\2301-2400\LCCC-2351.png","items/lccc-2351.html","https://ronenglish-archive.github.io/ron-english-light-cult-2001-3000/items/lccc-2351.html","https://opensea.io/item/ethereum/0xbe85fbd182af91290be7293438ae67549638189f/2351","OK",""
"2352","2352","Light Cult Crypto Club #2352","RE-004162","2301-2400","D:\github\ron-english-nfts\light-cult-crypto-club\images\LCCC-2352.png","24361","images/2301-2400/LCCC-2352.png","LCCC-2352.png","D:\github\ron-english-light-cult-2001-3000\images\2301-2400\LCCC-2352.png","items/lccc-2352.html","https://ronenglish-archive.github.io/ron-english-light-cult-2001-3000/items/lccc-2352.html","https://opensea.io/item/ethereum/0xbe85fbd182af91290be7293438ae67549638189f/2352","OK",""
"2353","2353","Light Cult Crypto Club #2353","RE-004163","2301-2400","D:\github\ron-english-nfts\light-cult-crypto-club\images\LCCC-2353.png","4592","images/2301-2400/LCCC-2353.png","LCCC-2353.png","D:\github\ron-english-light-cult-2001-3000\images\2301-2400\LCCC-2353.png","items/lccc-2353.html","https://ronenglish-archive.github.io/ron-english-light-cult-2001-3000/items/lccc-2353.html","https://opensea.io/item/ethereum/0xbe85fbd182af91290be7293438ae67549638189f/2353","OK",""
"2354","2354","Light Cult Crypto Club #2354","RE-004164","2301-2400","D:\github\ron-english-nfts\light-cult-crypto-club\images\LCCC-2354.png","28390","images/2301-2400/LCCC-2354.png","LCCC-2354.png","D:\github\ron-english-light-cult-2001-3000\images\2301-2400\LCCC-2354.png","items/lccc-2354.html","https://ronenglish-archive.github.io/ron-english-light-cult-2001-3000/items/lccc-2354.html","https://opensea.io/item/ethereum/0xbe85fbd182af91290be7293438ae67549638189f/2354","OK",""
"2355","2355","Light Cult Crypto Club #2355","RE-004165","2301-2400","D:\github\ron-english-nfts\light-cult-crypto-club\images\LCCC-2355.png","8290","images/2301-2400/LCCC-2355.png","LCCC-2355.png","D:\github\ron-english-light-cult-2001-3000\images\2301-2400\LCCC-2355.png","items/lccc-2355.html","https://ronenglish-archive.github.io/ron-english-light-cult-2001-3000/items/lccc-2355.html","https://opensea.io/item/ethereum/0xbe85fbd182af91290be7293438ae67549638189f/2355","OK",""
"2356","2356","Light Cult Crypto Club #2356","RE-004166","2301-2400","D:\github\ron-english-nfts\light-cult-crypto-club\images\LCCC-2356.png","27767","images/2301-2400/LCCC-2356.png","LCCC-2356.png","D:\github\ron-english-light-cult-2001-3000\images\2301-2400\LCCC-2356.png","items/lccc-2356.html","https://ronenglish-archive.github.io/ron-english-light-cult-2001-3000/items/lccc-2356.html","https://opensea.io/item/ethereum/0xbe85fbd182af91290be7293438ae67549638189f/2356","OK",""
"2357","2357","Light Cult Crypto Club #2357","RE-004167","2301-2400","D:\github\ron-english-nfts\light-cult-crypto-club\images\LCCC-2357.png","28064","images/2301-2400/LCCC-2357.png","LCCC-2357.png","D:\github\ron-english-light-cult-2001-3000\images\2301-2400\LCCC-2357.png","items/lccc-2357.html","https://ronenglish-archive.github.io/ron-english-light-cult-2001-3000/items/lccc-2357.html","https://opensea.io/item/ethereum/0xbe85fbd182af91290be7293438ae67549638189f/2357","OK",""
"2358","2358","Light Cult Crypto Club #2358","RE-004168","2301-2400","D:\github\ron-english-nfts\light-cult-crypto-club\images\LCCC-2358.png","24954","images/2301-2400/LCCC-2358.png","LCCC-2358.png","D:\github\ron-english-light-cult-2001-3000\images\2301-2400\LCCC-2358.png","items/lccc-2358.html","https://ronenglish-archive.github.io/ron-english-light-cult-2001-3000/items/lccc-2358.html","https://opensea.io/item/ethereum/0xbe85fbd182af91290be7293438ae67549638189f/2358","OK",""
"2359","2359","Light Cult Crypto Club #2359","RE-004169","2301-2400","","","","","","items/lccc-2359.html","https://ronenglish-archive.github.io/ron-english-light-cult-2001-3000/items/lccc-2359.html","https://opensea.io/item/ethereum/0xbe85fbd182af91290be7293438ae67549638189f/2359","MISSING SOURCE IMAGE","No source image found for token #2359"
"2360","2360","Light Cult Crypto Club #2360","RE-004170","2301-2400","D:\github\ron-english-nfts\light-cult-crypto-club\images\LCCC-2360.png","13544","images/2301-2400/LCCC-2360.png","LCCC-2360.png","D:\github\ron-english-light-cult-2001-3000\images\2301-2400\LCCC-2360.png","items/lccc-2360.html","https://ronenglish-archive.github.io/ron-english-light-cult-2001-3000/items/lccc-2360.html","https://opensea.io/item/ethereum/0xbe85fbd182af91290be7293438ae67549638189f/2360","OK",""
"2361","2361","Light Cult Crypto Club #2361","RE-004171","2301-2400","D:\github\ron-english-nfts\light-cult-crypto-club\images\LCCC-2361.png","7511","images/2301-2400/LCCC-2361.png","LCCC-2361.png","D:\github\ron-english-light-cult-2001-3000\images\2301-2400\LCCC-2361.png","items/lccc-2361.html","https://ronenglish-archive.github.io/ron-english-light-cult-2001-3000/items/lccc-2361.html","https://opensea.io/item/ethereum/0xbe85fbd182af91290be7293438ae67549638189f/2361","OK",""
"2362","2362","Light Cult Crypto Club #2362","RE-004172","2301-2400","D:\github\ron-english-nfts\light-cult-crypto-club\images\LCCC-2362.png","28838","images/2301-2400/LCCC-2362.png","LCCC-2362.png","D:\github\ron-english-light-cult-2001-3000\images\2301-2400\LCCC-2362.png","items/lccc-2362.html","https://ronenglish-archive.github.io/ron-english-light-cult-2001-3000/items/lccc-2362.html","https://opensea.io/item/ethereum/0xbe85fbd182af91290be7293438ae67549638189f/2362","OK",""
"2363","2363","Light Cult Crypto Club #2363","RE-004173","2301-2400","D:\github\ron-english-nfts\light-cult-crypto-club\images\LCCC-2363.png","28038","images/2301-2400/LCCC-2363.png","LCCC-2363.png","D:\github\ron-english-light-cult-2001-3000\images\2301-2400\LCCC-2363.png","items/lccc-2363.html","https://ronenglish-archive.github.io/ron-english-light-cult-2001-3000/items/lccc-2363.html","https://opensea.io/item/ethereum/0xbe85fbd182af91290be7293438ae67549638189f/2363","OK",""
"2364","2364","Light Cult Crypto Club #2364","RE-004174","2301-2400","D:\github\ron-english-nfts\light-cult-crypto-club\images\LCCC-2364.png","17439","images/2301-2400/LCCC-2364.png","LCCC-2364.png","D:\github\ron-english-light-cult-2001-3000\images\2301-2400\LCCC-2364.png","items/lccc-2364.html","https://ronenglish-archive.github.io/ron-english-light-cult-2001-3000/items/lccc-2364.html","https://opensea.io/item/ethereum/0xbe85fbd182af91290be7293438ae67549638189f/2364","OK",""
"2365","2365","Light Cult Crypto Club #2365","RE-004175","2301-2400","D:\github\ron-english-nfts\light-cult-crypto-club\images\LCCC-2365.png","5086","images/2301-2400/LCCC-2365.png","LCCC-2365.png","D:\github\ron-english-light-cult-2001-3000\images\2301-2400\LCCC-2365.png","items/lccc-2365.html","https://ronenglish-archive.github.io/ron-english-light-cult-2001-3000/items/lccc-2365.html","https://opensea.io/item/ethereum/0xbe85fbd182af91290be7293438ae67549638189f/2365","OK",""
"2366","2366","Light Cult Crypto Club #2366","RE-004176","2301-2400","","","","","","items/lccc-2366.html","https://ronenglish-archive.github.io/ron-english-light-cult-2001-3000/items/lccc-2366.html","https://opensea.io/item/ethereum/0xbe85fbd182af91290be7293438ae67549638189f/2366","MISSING SOURCE IMAGE","No source image found for token #2366"
"2367","2367","Light Cult Crypto Club #2367","RE-004177","2301-2400","D:\github\ron-english-nfts\light-cult-crypto-club\images\LCCC-2367.png","29146","images/2301-2400/LCCC-2367.png","LCCC-2367.png","D:\github\ron-english-light-cult-2001-3000\images\2301-2400\LCCC-2367.png","items/lccc-2367.html","https://ronenglish-archive.github.io/ron-english-light-cult-2001-3000/items/lccc-2367.html","https://opensea.io/item/ethereum/0xbe85fbd182af91290be7293438ae67549638189f/2367","OK",""
"2368","2368","Light Cult Crypto Club #2368","RE-004178","2301-2400","","","","","","items/lccc-2368.html","https://ronenglish-archive.github.io/ron-english-light-cult-2001-3000/items/lccc-2368.html","https://opensea.io/item/ethereum/0xbe85fbd182af91290be7293438ae67549638189f/2368","MISSING SOURCE IMAGE","No source image found for token #2368"
"2369","2369","Light Cult Crypto Club #2369","RE-004179","2301-2400","D:\github\ron-english-nfts\light-cult-crypto-club\images\LCCC-2369.png","31837","images/2301-2400/LCCC-2369.png","LCCC-2369.png","D:\github\ron-english-light-cult-2001-3000\images\2301-2400\LCCC-2369.png","items/lccc-2369.html","https://ronenglish-archive.github.io/ron-english-light-cult-2001-3000/items/lccc-2369.html","https://opensea.io/item/ethereum/0xbe85fbd182af91290be7293438ae67549638189f/2369","OK",""
"2370","2370","Light Cult Crypto Club #2370","RE-004180","2301-2400","D:\github\ron-english-nfts\light-cult-crypto-club\images\LCCC-2370.png","14043","images/2301-2400/LCCC-2370.png","LCCC-2370.png","D:\github\ron-english-light-cult-2001-3000\images\2301-2400\LCCC-2370.png","items/lccc-2370.html","https://ronenglish-archive.github.io/ron-english-light-cult-2001-3000/items/lccc-2370.html","https://opensea.io/item/ethereum/0xbe85fbd182af91290be7293438ae67549638189f/2370","OK",""
"2371","2371","Light Cult Crypto Club #2371","RE-004181","2301-2400","D:\github\ron-english-nfts\light-cult-crypto-club\images\LCCC-2371.png","31746","images/2301-2400/LCCC-2371.png","LCCC-2371.png","D:\github\ron-english-light-cult-2001-3000\images\2301-2400\LCCC-2371.png","items/lccc-2371.html","https://ronenglish-archive.github.io/ron-english-light-cult-2001-3000/items/lccc-2371.html","https://opensea.io/item/ethereum/0xbe85fbd182af91290be7293438ae67549638189f/2371","OK",""
"2372","2372","Light Cult Crypto Club #2372","RE-004182","2301-2400","D:\github\ron-english-nfts\light-cult-crypto-club\images\LCCC-2372.png","29543","images/2301-2400/LCCC-2372.png","LCCC-2372.png","D:\github\ron-english-light-cult-2001-3000\images\2301-2400\LCCC-2372.png","items/lccc-2372.html","https://ronenglish-archive.github.io/ron-english-light-cult-2001-3000/items/lccc-2372.html","https://opensea.io/item/ethereum/0xbe85fbd182af91290be7293438ae67549638189f/2372","OK",""
"2373","2373","Light Cult Crypto Club #2373","RE-004183","2301-2400","D:\github\ron-english-nfts\light-cult-crypto-club\images\LCCC-2373.png","19538","images/2301-2400/LCCC-2373.png","LCCC-2373.png","D:\github\ron-english-light-cult-2001-3000\images\2301-2400\LCCC-2373.png","items/lccc-2373.html","https://ronenglish-archive.github.io/ron-english-light-cult-2001-3000/items/lccc-2373.html","https://opensea.io/item/ethereum/0xbe85fbd182af91290be7293438ae67549638189f/2373","OK",""
"2374","2374","Light Cult Crypto Club #2374","RE-004184","2301-2400","D:\github\ron-english-nfts\light-cult-crypto-club\images\LCCC-2374.png","34844","images/2301-2400/LCCC-2374.png","LCCC-2374.png","D:\github\ron-english-light-cult-2001-3000\images\2301-2400\LCCC-2374.png","items/lccc-2374.html","https://ronenglish-archive.github.io/ron-english-light-cult-2001-3000/items/lccc-2374.html","https://opensea.io/item/ethereum/0xbe85fbd182af91290be7293438ae67549638189f/2374","OK",""
"2375","2375","Light Cult Crypto Club #2375","RE-004185","2301-2400","D:\github\ron-english-nfts\light-cult-crypto-club\images\LCCC-2375.png","28461","images/2301-2400/LCCC-2375.png","LCCC-2375.png","D:\github\ron-english-light-cult-2001-3000\images\2301-2400\LCCC-2375.png","items/lccc-2375.html","https://ronenglish-archive.github.io/ron-english-light-cult-2001-3000/items/lccc-2375.html","https://opensea.io/item/ethereum/0xbe85fbd182af91290be7293438ae67549638189f/2375","OK",""
"2376","2376","Light Cult Crypto Club #2376","RE-004186","2301-2400","D:\github\ron-english-nfts\light-cult-crypto-club\images\LCCC-2376.png","6508","images/2301-2400/LCCC-2376.png","LCCC-2376.png","D:\github\ron-english-light-cult-2001-3000\images\2301-2400\LCCC-2376.png","items/lccc-2376.html","https://ronenglish-archive.github.io/ron-english-light-cult-2001-3000/items/lccc-2376.html","https://opensea.io/item/ethereum/0xbe85fbd182af91290be7293438ae67549638189f/2376","OK",""
"2377","2377","Light Cult Crypto Club #2377","RE-004187","2301-2400","D:\github\ron-english-nfts\light-cult-crypto-club\images\LCCC-2377.png","11110","images/2301-2400/LCCC-2377.png","LCCC-2377.png","D:\github\ron-english-light-cult-2001-3000\images\2301-2400\LCCC-2377.png","items/lccc-2377.html","https://ronenglish-archive.github.io/ron-english-light-cult-2001-3000/items/lccc-2377.html","https://opensea.io/item/ethereum/0xbe85fbd182af91290be7293438ae67549638189f/2377","OK",""
"2378","2378","Light Cult Crypto Club #2378","RE-004188","2301-2400","D:\github\ron-english-nfts\light-cult-crypto-club\images\LCCC-2378.png","3529","images/2301-2400/LCCC-2378.png","LCCC-2378.png","D:\github\ron-english-light-cult-2001-3000\images\2301-2400\LCCC-2378.png","items/lccc-2378.html","https://ronenglish-archive.github.io/ron-english-light-cult-2001-3000/items/lccc-2378.html","https://opensea.io/item/ethereum/0xbe85fbd182af91290be7293438ae67549638189f/2378","OK",""
"2379","2379","Light Cult Crypto Club #2379","RE-004189","2301-2400","D:\github\ron-english-nfts\light-cult-crypto-club\images\LCCC-2379.png","28985","images/2301-2400/LCCC-2379.png","LCCC-2379.png","D:\github\ron-english-light-cult-2001-3000\images\2301-2400\LCCC-2379.png","items/lccc-2379.html","https://ronenglish-archive.github.io/ron-english-light-cult-2001-3000/items/lccc-2379.html","https://opensea.io/item/ethereum/0xbe85fbd182af91290be7293438ae67549638189f/2379","OK",""
"2380","2380","Light Cult Crypto Club #2380","RE-004190","2301-2400","D:\github\ron-english-nfts\light-cult-crypto-club\images\LCCC-2380.png","31899","images/2301-2400/LCCC-2380.png","LCCC-2380.png","D:\github\ron-english-light-cult-2001-3000\images\2301-2400\LCCC-2380.png","items/lccc-2380.html","https://ronenglish-archive.github.io/ron-english-light-cult-2001-3000/items/lccc-2380.html","https://opensea.io/item/ethereum/0xbe85fbd182af91290be7293438ae67549638189f/2380","OK",""
"2381","2381","Light Cult Crypto Club #2381","RE-004191","2301-2400","D:\github\ron-english-nfts\light-cult-crypto-club\images\LCCC-2381.png","29715","images/2301-2400/LCCC-2381.png","LCCC-2381.png","D:\github\ron-english-light-cult-2001-3000\images\2301-2400\LCCC-2381.png","items/lccc-2381.html","https://ronenglish-archive.github.io/ron-english-light-cult-2001-3000/items/lccc-2381.html","https://opensea.io/item/ethereum/0xbe85fbd182af91290be7293438ae67549638189f/2381","OK",""
"2382","2382","Light Cult Crypto Club #2382","RE-004192","2301-2400","D:\github\ron-english-nfts\light-cult-crypto-club\images\LCCC-2382.png","6054","images/2301-2400/LCCC-2382.png","LCCC-2382.png","D:\github\ron-english-light-cult-2001-3000\images\2301-2400\LCCC-2382.png","items/lccc-2382.html","https://ronenglish-archive.github.io/ron-english-light-cult-2001-3000/items/lccc-2382.html","https://opensea.io/item/ethereum/0xbe85fbd182af91290be7293438ae67549638189f/2382","OK",""
"2383","2383","Light Cult Crypto Club #2383","RE-004193","2301-2400","D:\github\ron-english-nfts\light-cult-crypto-club\images\LCCC-2383.png","9131","images/2301-2400/LCCC-2383.png","LCCC-2383.png","D:\github\ron-english-light-cult-2001-3000\images\2301-2400\LCCC-2383.png","items/lccc-2383.html","https://ronenglish-archive.github.io/ron-english-light-cult-2001-3000/items/lccc-2383.html","https://opensea.io/item/ethereum/0xbe85fbd182af91290be7293438ae67549638189f/2383","OK",""
"2384","2384","Light Cult Crypto Club #2384","RE-004194","2301-2400","D:\github\ron-english-nfts\light-cult-crypto-club\images\LCCC-2384.png","18123","images/2301-2400/LCCC-2384.png","LCCC-2384.png","D:\github\ron-english-light-cult-2001-3000\images\2301-2400\LCCC-2384.png","items/lccc-2384.html","https://ronenglish-archive.github.io/ron-english-light-cult-2001-3000/items/lccc-2384.html","https://opensea.io/item/ethereum/0xbe85fbd182af91290be7293438ae67549638189f/2384","OK",""
"2385","2385","Light Cult Crypto Club #2385","RE-004195","2301-2400","D:\github\ron-english-nfts\light-cult-crypto-club\images\LCCC-2385.png","12635","images/2301-2400/LCCC-2385.png","LCCC-2385.png","D:\github\ron-english-light-cult-2001-3000\images\2301-2400\LCCC-2385.png","items/lccc-2385.html","https://ronenglish-archive.github.io/ron-english-light-cult-2001-3000/items/lccc-2385.html","https://opensea.io/item/ethereum/0xbe85fbd182af91290be7293438ae67549638189f/2385","OK",""
"2386","2386","Light Cult Crypto Club #2386","RE-004196","2301-2400","D:\github\ron-english-nfts\light-cult-crypto-club\images\LCCC-2386.png","29847","images/2301-2400/LCCC-2386.png","LCCC-2386.png","D:\github\ron-english-light-cult-2001-3000\images\2301-2400\LCCC-2386.png","items/lccc-2386.html","https://ronenglish-archive.github.io/ron-english-light-cult-2001-3000/items/lccc-2386.html","https://opensea.io/item/ethereum/0xbe85fbd182af91290be7293438ae67549638189f/2386","OK",""
"2387","2387","Light Cult Crypto Club #2387","RE-004197","2301-2400","D:\github\ron-english-nfts\light-cult-crypto-club\images\LCCC-2387.png","35201","images/2301-2400/LCCC-2387.png","LCCC-2387.png","D:\github\ron-english-light-cult-2001-3000\images\2301-2400\LCCC-2387.png","items/lccc-2387.html","https://ronenglish-archive.github.io/ron-english-light-cult-2001-3000/items/lccc-2387.html","https://opensea.io/item/ethereum/0xbe85fbd182af91290be7293438ae67549638189f/2387","OK",""
"2388","2388","Light Cult Crypto Club #2388","RE-004198","2301-2400","D:\github\ron-english-nfts\light-cult-crypto-club\images\LCCC-2388.png","21332","images/2301-2400/LCCC-2388.png","LCCC-2388.png","D:\github\ron-english-light-cult-2001-3000\images\2301-2400\LCCC-2388.png","items/lccc-2388.html","https://ronenglish-archive.github.io/ron-english-light-cult-2001-3000/items/lccc-2388.html","https://opensea.io/item/ethereum/0xbe85fbd182af91290be7293438ae67549638189f/2388","OK",""
"2389","2389","Light Cult Crypto Club #2389","RE-004199","2301-2400","D:\github\ron-english-nfts\light-cult-crypto-club\images\LCCC-2389.png","14939","images/2301-2400/LCCC-2389.png","LCCC-2389.png","D:\github\ron-english-light-cult-2001-3000\images\2301-2400\LCCC-2389.png","items/lccc-2389.html","https://ronenglish-archive.github.io/ron-english-light-cult-2001-3000/items/lccc-2389.html","https://opensea.io/item/ethereum/0xbe85fbd182af91290be7293438ae67549638189f/2389","OK",""
"2390","2390","Light Cult Crypto Club #2390","RE-004200","2301-2400","D:\github\ron-english-nfts\light-cult-crypto-club\images\LCCC-2390.png","26954","images/2301-2400/LCCC-2390.png","LCCC-2390.png","D:\github\ron-english-light-cult-2001-3000\images\2301-2400\LCCC-2390.png","items/lccc-2390.html","https://ronenglish-archive.github.io/ron-english-light-cult-2001-3000/items/lccc-2390.html","https://opensea.io/item/ethereum/0xbe85fbd182af91290be7293438ae67549638189f/2390","OK",""
"2391","2391","Light Cult Crypto Club #2391","RE-004201","2301-2400","D:\github\ron-english-nfts\light-cult-crypto-club\images\LCCC-2391.png","29843","images/2301-2400/LCCC-2391.png","LCCC-2391.png","D:\github\ron-english-light-cult-2001-3000\images\2301-2400\LCCC-2391.png","items/lccc-2391.html","https://ronenglish-archive.github.io/ron-english-light-cult-2001-3000/items/lccc-2391.html","https://opensea.io/item/ethereum/0xbe85fbd182af91290be7293438ae67549638189f/2391","OK",""
"2392","2392","Light Cult Crypto Club #2392","RE-004202","2301-2400","D:\github\ron-english-nfts\light-cult-crypto-club\images\LCCC-2392.png","8829","images/2301-2400/LCCC-2392.png","LCCC-2392.png","D:\github\ron-english-light-cult-2001-3000\images\2301-2400\LCCC-2392.png","items/lccc-2392.html","https://ronenglish-archive.github.io/ron-english-light-cult-2001-3000/items/lccc-2392.html","https://opensea.io/item/ethereum/0xbe85fbd182af91290be7293438ae67549638189f/2392","OK",""
"2393","2393","Light Cult Crypto Club #2393","RE-004203","2301-2400","D:\github\ron-english-nfts\light-cult-crypto-club\images\LCCC-2393.png","8633","images/2301-2400/LCCC-2393.png","LCCC-2393.png","D:\github\ron-english-light-cult-2001-3000\images\2301-2400\LCCC-2393.png","items/lccc-2393.html","https://ronenglish-archive.github.io/ron-english-light-cult-2001-3000/items/lccc-2393.html","https://opensea.io/item/ethereum/0xbe85fbd182af91290be7293438ae67549638189f/2393","OK",""
"2394","2394","Light Cult Crypto Club #2394","RE-004204","2301-2400","D:\github\ron-english-nfts\light-cult-crypto-club\images\LCCC-2394.png","27939","images/2301-2400/LCCC-2394.png","LCCC-2394.png","D:\github\ron-english-light-cult-2001-3000\images\2301-2400\LCCC-2394.png","items/lccc-2394.html","https://ronenglish-archive.github.io/ron-english-light-cult-2001-3000/items/lccc-2394.html","https://opensea.io/item/ethereum/0xbe85fbd182af91290be7293438ae67549638189f/2394","OK",""
"2395","2395","Light Cult Crypto Club #2395","RE-004205","2301-2400","D:\github\ron-english-nfts\light-cult-crypto-club\images\LCCC-2395.png","7853","images/2301-2400/LCCC-2395.png","LCCC-2395.png","D:\github\ron-english-light-cult-2001-3000\images\2301-2400\LCCC-2395.png","items/lccc-2395.html","https://ronenglish-archive.github.io/ron-english-light-cult-2001-3000/items/lccc-2395.html","https://opensea.io/item/ethereum/0xbe85fbd182af91290be7293438ae67549638189f/2395","OK",""
"2396","2396","Light Cult Crypto Club #2396","RE-004206","2301-2400","D:\github\ron-english-nfts\light-cult-crypto-club\images\LCCC-2396.png","29253","images/2301-2400/LCCC-2396.png","LCCC-2396.png","D:\github\ron-english-light-cult-2001-3000\images\2301-2400\LCCC-2396.png","items/lccc-2396.html","https://ronenglish-archive.github.io/ron-english-light-cult-2001-3000/items/lccc-2396.html","https://opensea.io/item/ethereum/0xbe85fbd182af91290be7293438ae67549638189f/2396","OK",""
"2397","2397","Light Cult Crypto Club #2397","RE-004207","2301-2400","D:\github\ron-english-nfts\light-cult-crypto-club\images\LCCC-2397.png","18025","images/2301-2400/LCCC-2397.png","LCCC-2397.png","D:\github\ron-english-light-cult-2001-3000\images\2301-2400\LCCC-2397.png","items/lccc-2397.html","https://ronenglish-archive.github.io/ron-english-light-cult-2001-3000/items/lccc-2397.html","https://opensea.io/item/ethereum/0xbe85fbd182af91290be7293438ae67549638189f/2397","OK",""
"2398","2398","Light Cult Crypto Club #2398","RE-004208","2301-2400","D:\github\ron-english-nfts\light-cult-crypto-club\images\LCCC-2398.png","9436","images/2301-2400/LCCC-2398.png","LCCC-2398.png","D:\github\ron-english-light-cult-2001-3000\images\2301-2400\LCCC-2398.png","items/lccc-2398.html","https://ronenglish-archive.github.io/ron-english-light-cult-2001-3000/items/lccc-2398.html","https://opensea.io/item/ethereum/0xbe85fbd182af91290be7293438ae67549638189f/2398","OK",""
"2399","2399","Light Cult Crypto Club #2399","RE-004209","2301-2400","D:\github\ron-english-nfts\light-cult-crypto-club\images\LCCC-2399.png","26691","images/2301-2400/LCCC-2399.png","LCCC-2399.png","D:\github\ron-english-light-cult-2001-3000\images\2301-2400\LCCC-2399.png","items/lccc-2399.html","https://ronenglish-archive.github.io/ron-english-light-cult-2001-3000/items/lccc-2399.html","https://opensea.io/item/ethereum/0xbe85fbd182af91290be7293438ae67549638189f/2399","OK",""
"2400","2400","Light Cult Crypto Club #2400","RE-004210","2301-2400","D:\github\ron-english-nfts\light-cult-crypto-club\images\LCCC-2400.png","10117","images/2301-2400/LCCC-2400.png","LCCC-2400.png","D:\github\ron-english-light-cult-2001-3000\images\2301-2400\LCCC-2400.png","items/lccc-2400.html","https://ronenglish-archive.github.io/ron-english-light-cult-2001-3000/items/lccc-2400.html","https://opensea.io/item/ethereum/0xbe85fbd182af91290be7293438ae67549638189f/2400","OK",""
"2401","2401","Light Cult Crypto Club #2401","RE-004211","2401-2500","D:\github\ron-english-nfts\light-cult-crypto-club\images\LCCC-2401.png","37216","images/2401-2500/LCCC-2401.png","LCCC-2401.png","D:\github\ron-english-light-cult-2001-3000\images\2401-2500\LCCC-2401.png","items/lccc-2401.html","https://ronenglish-archive.github.io/ron-english-light-cult-2001-3000/items/lccc-2401.html","https://opensea.io/item/ethereum/0xbe85fbd182af91290be7293438ae67549638189f/2401","OK",""
"2402","2402","Light Cult Crypto Club #2402","RE-004212","2401-2500","D:\github\ron-english-nfts\light-cult-crypto-club\images\LCCC-2402.png","33483","images/2401-2500/LCCC-2402.png","LCCC-2402.png","D:\github\ron-english-light-cult-2001-3000\images\2401-2500\LCCC-2402.png","items/lccc-2402.html","https://ronenglish-archive.github.io/ron-english-light-cult-2001-3000/items/lccc-2402.html","https://opensea.io/item/ethereum/0xbe85fbd182af91290be7293438ae67549638189f/2402","OK",""
"2403","2403","Light Cult Crypto Club #2403","RE-004213","2401-2500","D:\github\ron-english-nfts\light-cult-crypto-club\images\LCCC-2403.png","29138","images/2401-2500/LCCC-2403.png","LCCC-2403.png","D:\github\ron-english-light-cult-2001-3000\images\2401-2500\LCCC-2403.png","items/lccc-2403.html","https://ronenglish-archive.github.io/ron-english-light-cult-2001-3000/items/lccc-2403.html","https://opensea.io/item/ethereum/0xbe85fbd182af91290be7293438ae67549638189f/2403","OK",""
"2404","2404","Light Cult Crypto Club #2404","RE-004214","2401-2500","D:\github\ron-english-nfts\light-cult-crypto-club\images\LCCC-2404.png","9738","images/2401-2500/LCCC-2404.png","LCCC-2404.png","D:\github\ron-english-light-cult-2001-3000\images\2401-2500\LCCC-2404.png","items/lccc-2404.html","https://ronenglish-archive.github.io/ron-english-light-cult-2001-3000/items/lccc-2404.html","https://opensea.io/item/ethereum/0xbe85fbd182af91290be7293438ae67549638189f/2404","OK",""
"2405","2405","Light Cult Crypto Club #2405","RE-004215","2401-2500","","","","","","items/lccc-2405.html","https://ronenglish-archive.github.io/ron-english-light-cult-2001-3000/items/lccc-2405.html","https://opensea.io/item/ethereum/0xbe85fbd182af91290be7293438ae67549638189f/2405","MISSING SOURCE IMAGE","No source image found for token #2405"
"2406","2406","Light Cult Crypto Club #2406","RE-004216","2401-2500","D:\github\ron-english-nfts\light-cult-crypto-club\images\LCCC-2406.png","13164","images/2401-2500/LCCC-2406.png","LCCC-2406.png","D:\github\ron-english-light-cult-2001-3000\images\2401-2500\LCCC-2406.png","items/lccc-2406.html","https://ronenglish-archive.github.io/ron-english-light-cult-2001-3000/items/lccc-2406.html","https://opensea.io/item/ethereum/0xbe85fbd182af91290be7293438ae67549638189f/2406","OK",""
"2407","2407","Light Cult Crypto Club #2407","RE-004217","2401-2500","","","","","","items/lccc-2407.html","https://ronenglish-archive.github.io/ron-english-light-cult-2001-3000/items/lccc-2407.html","https://opensea.io/item/ethereum/0xbe85fbd182af91290be7293438ae67549638189f/2407","MISSING SOURCE IMAGE","No source image found for token #2407"
"2408","2408","Light Cult Crypto Club #2408","RE-004218","2401-2500","D:\github\ron-english-nfts\light-cult-crypto-club\images\LCCC-2408.png","33959","images/2401-2500/LCCC-2408.png","LCCC-2408.png","D:\github\ron-english-light-cult-2001-3000\images\2401-2500\LCCC-2408.png","items/lccc-2408.html","https://ronenglish-archive.github.io/ron-english-light-cult-2001-3000/items/lccc-2408.html","https://opensea.io/item/ethereum/0xbe85fbd182af91290be7293438ae67549638189f/2408","OK",""
"2409","2409","Light Cult Crypto Club #2409","RE-004219","2401-2500","D:\github\ron-english-nfts\light-cult-crypto-club\images\LCCC-2409.png","13053","images/2401-2500/LCCC-2409.png","LCCC-2409.png","D:\github\ron-english-light-cult-2001-3000\images\2401-2500\LCCC-2409.png","items/lccc-2409.html","https://ronenglish-archive.github.io/ron-english-light-cult-2001-3000/items/lccc-2409.html","https://opensea.io/item/ethereum/0xbe85fbd182af91290be7293438ae67549638189f/2409","OK",""
"2410","2410","Light Cult Crypto Club #2410","RE-004220","2401-2500","D:\github\ron-english-nfts\light-cult-crypto-club\images\LCCC-2410.png","15773","images/2401-2500/LCCC-2410.png","LCCC-2410.png","D:\github\ron-english-light-cult-2001-3000\images\2401-2500\LCCC-2410.png","items/lccc-2410.html","https://ronenglish-archive.github.io/ron-english-light-cult-2001-3000/items/lccc-2410.html","https://opensea.io/item/ethereum/0xbe85fbd182af91290be7293438ae67549638189f/2410","OK",""
"2411","2411","Light Cult Crypto Club #2411","RE-004221","2401-2500","","","","","","items/lccc-2411.html","https://ronenglish-archive.github.io/ron-english-light-cult-2001-3000/items/lccc-2411.html","https://opensea.io/item/ethereum/0xbe85fbd182af91290be7293438ae67549638189f/2411","MISSING SOURCE IMAGE","No source image found for token #2411"
"2412","2412","Light Cult Crypto Club #2412","RE-004222","2401-2500","D:\github\ron-english-nfts\light-cult-crypto-club\images\LCCC-2412.png","5062","images/2401-2500/LCCC-2412.png","LCCC-2412.png","D:\github\ron-english-light-cult-2001-3000\images\2401-2500\LCCC-2412.png","items/lccc-2412.html","https://ronenglish-archive.github.io/ron-english-light-cult-2001-3000/items/lccc-2412.html","https://opensea.io/item/ethereum/0xbe85fbd182af91290be7293438ae67549638189f/2412","OK",""
"2413","2413","Light Cult Crypto Club #2413","RE-004223","2401-2500","D:\github\ron-english-nfts\light-cult-crypto-club\images\LCCC-2413.png","27443","images/2401-2500/LCCC-2413.png","LCCC-2413.png","D:\github\ron-english-light-cult-2001-3000\images\2401-2500\LCCC-2413.png","items/lccc-2413.html","https://ronenglish-archive.github.io/ron-english-light-cult-2001-3000/items/lccc-2413.html","https://opensea.io/item/ethereum/0xbe85fbd182af91290be7293438ae67549638189f/2413","OK",""
"2414","2414","Light Cult Crypto Club #2414","RE-004224","2401-2500","D:\github\ron-english-nfts\light-cult-crypto-club\images\LCCC-2414.png","19093","images/2401-2500/LCCC-2414.png","LCCC-2414.png","D:\github\ron-english-light-cult-2001-3000\images\2401-2500\LCCC-2414.png","items/lccc-2414.html","https://ronenglish-archive.github.io/ron-english-light-cult-2001-3000/items/lccc-2414.html","https://opensea.io/item/ethereum/0xbe85fbd182af91290be7293438ae67549638189f/2414","OK",""
"2415","2415","Light Cult Crypto Club #2415","RE-004225","2401-2500","D:\github\ron-english-nfts\light-cult-crypto-club\images\LCCC-2415.png","20379","images/2401-2500/LCCC-2415.png","LCCC-2415.png","D:\github\ron-english-light-cult-2001-3000\images\2401-2500\LCCC-2415.png","items/lccc-2415.html","https://ronenglish-archive.github.io/ron-english-light-cult-2001-3000/items/lccc-2415.html","https://opensea.io/item/ethereum/0xbe85fbd182af91290be7293438ae67549638189f/2415","OK",""
"2416","2416","Light Cult Crypto Club #2416","RE-004226","2401-2500","","","","","","items/lccc-2416.html","https://ronenglish-archive.github.io/ron-english-light-cult-2001-3000/items/lccc-2416.html","https://opensea.io/item/ethereum/0xbe85fbd182af91290be7293438ae67549638189f/2416","MISSING SOURCE IMAGE","No source image found for token #2416"
"2417","2417","Light Cult Crypto Club #2417","RE-004227","2401-2500","D:\github\ron-english-nfts\light-cult-crypto-club\images\LCCC-2417.png","4293","images/2401-2500/LCCC-2417.png","LCCC-2417.png","D:\github\ron-english-light-cult-2001-3000\images\2401-2500\LCCC-2417.png","items/lccc-2417.html","https://ronenglish-archive.github.io/ron-english-light-cult-2001-3000/items/lccc-2417.html","https://opensea.io/item/ethereum/0xbe85fbd182af91290be7293438ae67549638189f/2417","OK",""
"2418","2418","Light Cult Crypto Club #2418","RE-004228","2401-2500","D:\github\ron-english-nfts\light-cult-crypto-club\images\LCCC-2418.png","15677","images/2401-2500/LCCC-2418.png","LCCC-2418.png","D:\github\ron-english-light-cult-2001-3000\images\2401-2500\LCCC-2418.png","items/lccc-2418.html","https://ronenglish-archive.github.io/ron-english-light-cult-2001-3000/items/lccc-2418.html","https://opensea.io/item/ethereum/0xbe85fbd182af91290be7293438ae67549638189f/2418","OK",""
"2419","2419","Light Cult Crypto Club #2419","RE-004229","2401-2500","D:\github\ron-english-nfts\light-cult-crypto-club\images\LCCC-2419.png","29832","images/2401-2500/LCCC-2419.png","LCCC-2419.png","D:\github\ron-english-light-cult-2001-3000\images\2401-2500\LCCC-2419.png","items/lccc-2419.html","https://ronenglish-archive.github.io/ron-english-light-cult-2001-3000/items/lccc-2419.html","https://opensea.io/item/ethereum/0xbe85fbd182af91290be7293438ae67549638189f/2419","OK",""
"2420","2420","Light Cult Crypto Club #2420","RE-004230","2401-2500","D:\github\ron-english-nfts\light-cult-crypto-club\images\LCCC-2420.png","11411","images/2401-2500/LCCC-2420.png","LCCC-2420.png","D:\github\ron-english-light-cult-2001-3000\images\2401-2500\LCCC-2420.png","items/lccc-2420.html","https://ronenglish-archive.github.io/ron-english-light-cult-2001-3000/items/lccc-2420.html","https://opensea.io/item/ethereum/0xbe85fbd182af91290be7293438ae67549638189f/2420","OK",""
"2421","2421","Light Cult Crypto Club #2421","RE-004231","2401-2500","","","","","","items/lccc-2421.html","https://ronenglish-archive.github.io/ron-english-light-cult-2001-3000/items/lccc-2421.html","https://opensea.io/item/ethereum/0xbe85fbd182af91290be7293438ae67549638189f/2421","MISSING SOURCE IMAGE","No source image found for token #2421"
"2422","2422","Light Cult Crypto Club #2422","RE-004232","2401-2500","D:\github\ron-english-nfts\light-cult-crypto-club\images\LCCC-2422.png","19169","images/2401-2500/LCCC-2422.png","LCCC-2422.png","D:\github\ron-english-light-cult-2001-3000\images\2401-2500\LCCC-2422.png","items/lccc-2422.html","https://ronenglish-archive.github.io/ron-english-light-cult-2001-3000/items/lccc-2422.html","https://opensea.io/item/ethereum/0xbe85fbd182af91290be7293438ae67549638189f/2422","OK",""
"2423","2423","Light Cult Crypto Club #2423","RE-004233","2401-2500","D:\github\ron-english-nfts\light-cult-crypto-club\images\LCCC-2423.png","12281","images/2401-2500/LCCC-2423.png","LCCC-2423.png","D:\github\ron-english-light-cult-2001-3000\images\2401-2500\LCCC-2423.png","items/lccc-2423.html","https://ronenglish-archive.github.io/ron-english-light-cult-2001-3000/items/lccc-2423.html","https://opensea.io/item/ethereum/0xbe85fbd182af91290be7293438ae67549638189f/2423","OK",""
"2424","2424","Light Cult Crypto Club #2424","RE-004234","2401-2500","D:\github\ron-english-nfts\light-cult-crypto-club\images\LCCC-2424.png","9522","images/2401-2500/LCCC-2424.png","LCCC-2424.png","D:\github\ron-english-light-cult-2001-3000\images\2401-2500\LCCC-2424.png","items/lccc-2424.html","https://ronenglish-archive.github.io/ron-english-light-cult-2001-3000/items/lccc-2424.html","https://opensea.io/item/ethereum/0xbe85fbd182af91290be7293438ae67549638189f/2424","OK",""
"2425","2425","Light Cult Crypto Club #2425","RE-004235","2401-2500","D:\github\ron-english-nfts\light-cult-crypto-club\images\LCCC-2425.png","17977","images/2401-2500/LCCC-2425.png","LCCC-2425.png","D:\github\ron-english-light-cult-2001-3000\images\2401-2500\LCCC-2425.png","items/lccc-2425.html","https://ronenglish-archive.github.io/ron-english-light-cult-2001-3000/items/lccc-2425.html","https://opensea.io/item/ethereum/0xbe85fbd182af91290be7293438ae67549638189f/2425","OK",""
"2426","2426","Light Cult Crypto Club #2426","RE-004236","2401-2500","","","","","","items/lccc-2426.html","https://ronenglish-archive.github.io/ron-english-light-cult-2001-3000/items/lccc-2426.html","https://opensea.io/item/ethereum/0xbe85fbd182af91290be7293438ae67549638189f/2426","MISSING SOURCE IMAGE","No source image found for token #2426"
"2427","2427","Light Cult Crypto Club #2427","RE-004237","2401-2500","D:\github\ron-english-nfts\light-cult-crypto-club\images\LCCC-2427.png","29848","images/2401-2500/LCCC-2427.png","LCCC-2427.png","D:\github\ron-english-light-cult-2001-3000\images\2401-2500\LCCC-2427.png","items/lccc-2427.html","https://ronenglish-archive.github.io/ron-english-light-cult-2001-3000/items/lccc-2427.html","https://opensea.io/item/ethereum/0xbe85fbd182af91290be7293438ae67549638189f/2427","OK",""
"2428","2428","Light Cult Crypto Club #2428","RE-004238","2401-2500","D:\github\ron-english-nfts\light-cult-crypto-club\images\LCCC-2428.png","10131","images/2401-2500/LCCC-2428.png","LCCC-2428.png","D:\github\ron-english-light-cult-2001-3000\images\2401-2500\LCCC-2428.png","items/lccc-2428.html","https://ronenglish-archive.github.io/ron-english-light-cult-2001-3000/items/lccc-2428.html","https://opensea.io/item/ethereum/0xbe85fbd182af91290be7293438ae67549638189f/2428","OK",""
"2429","2429","Light Cult Crypto Club #2429","RE-004239","2401-2500","","","","","","items/lccc-2429.html","https://ronenglish-archive.github.io/ron-english-light-cult-2001-3000/items/lccc-2429.html","https://opensea.io/item/ethereum/0xbe85fbd182af91290be7293438ae67549638189f/2429","MISSING SOURCE IMAGE","No source image found for token #2429"
"2430","2430","Light Cult Crypto Club #2430","RE-004240","2401-2500","D:\github\ron-english-nfts\light-cult-crypto-club\images\LCCC-2430.png","5886","images/2401-2500/LCCC-2430.png","LCCC-2430.png","D:\github\ron-english-light-cult-2001-3000\images\2401-2500\LCCC-2430.png","items/lccc-2430.html","https://ronenglish-archive.github.io/ron-english-light-cult-2001-3000/items/lccc-2430.html","https://opensea.io/item/ethereum/0xbe85fbd182af91290be7293438ae67549638189f/2430","OK",""
"2431","2431","Light Cult Crypto Club #2431","RE-004241","2401-2500","D:\github\ron-english-nfts\light-cult-crypto-club\images\LCCC-2431.png","36534","images/2401-2500/LCCC-2431.png","LCCC-2431.png","D:\github\ron-english-light-cult-2001-3000\images\2401-2500\LCCC-2431.png","items/lccc-2431.html","https://ronenglish-archive.github.io/ron-english-light-cult-2001-3000/items/lccc-2431.html","https://opensea.io/item/ethereum/0xbe85fbd182af91290be7293438ae67549638189f/2431","OK",""
"2432","2432","Light Cult Crypto Club #2432","RE-004242","2401-2500","","","","","","items/lccc-2432.html","https://ronenglish-archive.github.io/ron-english-light-cult-2001-3000/items/lccc-2432.html","https://opensea.io/item/ethereum/0xbe85fbd182af91290be7293438ae67549638189f/2432","MISSING SOURCE IMAGE","No source image found for token #2432"
"2433","2433","Light Cult Crypto Club #2433","RE-004243","2401-2500","D:\github\ron-english-nfts\light-cult-crypto-club\images\LCCC-2433.png","33672","images/2401-2500/LCCC-2433.png","LCCC-2433.png","D:\github\ron-english-light-cult-2001-3000\images\2401-2500\LCCC-2433.png","items/lccc-2433.html","https://ronenglish-archive.github.io/ron-english-light-cult-2001-3000/items/lccc-2433.html","https://opensea.io/item/ethereum/0xbe85fbd182af91290be7293438ae67549638189f/2433","OK",""
"2434","2434","Light Cult Crypto Club #2434","RE-004244","2401-2500","D:\github\ron-english-nfts\light-cult-crypto-club\images\LCCC-2434.png","7958","images/2401-2500/LCCC-2434.png","LCCC-2434.png","D:\github\ron-english-light-cult-2001-3000\images\2401-2500\LCCC-2434.png","items/lccc-2434.html","https://ronenglish-archive.github.io/ron-english-light-cult-2001-3000/items/lccc-2434.html","https://opensea.io/item/ethereum/0xbe85fbd182af91290be7293438ae67549638189f/2434","OK",""
"2435","2435","Light Cult Crypto Club #2435","RE-004245","2401-2500","D:\github\ron-english-nfts\light-cult-crypto-club\images\LCCC-2435.png","52977","images/2401-2500/LCCC-2435.png","LCCC-2435.png","D:\github\ron-english-light-cult-2001-3000\images\2401-2500\LCCC-2435.png","items/lccc-2435.html","https://ronenglish-archive.github.io/ron-english-light-cult-2001-3000/items/lccc-2435.html","https://opensea.io/item/ethereum/0xbe85fbd182af91290be7293438ae67549638189f/2435","OK",""
"2436","2436","Light Cult Crypto Club #2436","RE-004246","2401-2500","D:\github\ron-english-nfts\light-cult-crypto-club\images\LCCC-2436.png","34259","images/2401-2500/LCCC-2436.png","LCCC-2436.png","D:\github\ron-english-light-cult-2001-3000\images\2401-2500\LCCC-2436.png","items/lccc-2436.html","https://ronenglish-archive.github.io/ron-english-light-cult-2001-3000/items/lccc-2436.html","https://opensea.io/item/ethereum/0xbe85fbd182af91290be7293438ae67549638189f/2436","OK",""
"2437","2437","Light Cult Crypto Club #2437","RE-004247","2401-2500","D:\github\ron-english-nfts\light-cult-crypto-club\images\LCCC-2437.png","26824","images/2401-2500/LCCC-2437.png","LCCC-2437.png","D:\github\ron-english-light-cult-2001-3000\images\2401-2500\LCCC-2437.png","items/lccc-2437.html","https://ronenglish-archive.github.io/ron-english-light-cult-2001-3000/items/lccc-2437.html","https://opensea.io/item/ethereum/0xbe85fbd182af91290be7293438ae67549638189f/2437","OK",""
"2438","2438","Light Cult Crypto Club #2438","RE-004248","2401-2500","D:\github\ron-english-nfts\light-cult-crypto-club\images\LCCC-2438.png","31459","images/2401-2500/LCCC-2438.png","LCCC-2438.png","D:\github\ron-english-light-cult-2001-3000\images\2401-2500\LCCC-2438.png","items/lccc-2438.html","https://ronenglish-archive.github.io/ron-english-light-cult-2001-3000/items/lccc-2438.html","https://opensea.io/item/ethereum/0xbe85fbd182af91290be7293438ae67549638189f/2438","OK",""
"2439","2439","Light Cult Crypto Club #2439","RE-004249","2401-2500","D:\github\ron-english-nfts\light-cult-crypto-club\images\LCCC-2439.png","38849","images/2401-2500/LCCC-2439.png","LCCC-2439.png","D:\github\ron-english-light-cult-2001-3000\images\2401-2500\LCCC-2439.png","items/lccc-2439.html","https://ronenglish-archive.github.io/ron-english-light-cult-2001-3000/items/lccc-2439.html","https://opensea.io/item/ethereum/0xbe85fbd182af91290be7293438ae67549638189f/2439","OK",""
"2440","2440","Light Cult Crypto Club #2440","RE-004250","2401-2500","D:\github\ron-english-nfts\light-cult-crypto-club\images\LCCC-2440.png","10406","images/2401-2500/LCCC-2440.png","LCCC-2440.png","D:\github\ron-english-light-cult-2001-3000\images\2401-2500\LCCC-2440.png","items/lccc-2440.html","https://ronenglish-archive.github.io/ron-english-light-cult-2001-3000/items/lccc-2440.html","https://opensea.io/item/ethereum/0xbe85fbd182af91290be7293438ae67549638189f/2440","OK",""
"2441","2441","Light Cult Crypto Club #2441","RE-004251","2401-2500","D:\github\ron-english-nfts\light-cult-crypto-club\images\LCCC-2441.png","29685","images/2401-2500/LCCC-2441.png","LCCC-2441.png","D:\github\ron-english-light-cult-2001-3000\images\2401-2500\LCCC-2441.png","items/lccc-2441.html","https://ronenglish-archive.github.io/ron-english-light-cult-2001-3000/items/lccc-2441.html","https://opensea.io/item/ethereum/0xbe85fbd182af91290be7293438ae67549638189f/2441","OK",""
"2442","2442","Light Cult Crypto Club #2442","RE-004252","2401-2500","D:\github\ron-english-nfts\light-cult-crypto-club\images\LCCC-2442.png","8347","images/2401-2500/LCCC-2442.png","LCCC-2442.png","D:\github\ron-english-light-cult-2001-3000\images\2401-2500\LCCC-2442.png","items/lccc-2442.html","https://ronenglish-archive.github.io/ron-english-light-cult-2001-3000/items/lccc-2442.html","https://opensea.io/item/ethereum/0xbe85fbd182af91290be7293438ae67549638189f/2442","OK",""
"2443","2443","Light Cult Crypto Club #2443","RE-004253","2401-2500","D:\github\ron-english-nfts\light-cult-crypto-club\images\LCCC-2443.png","8463","images/2401-2500/LCCC-2443.png","LCCC-2443.png","D:\github\ron-english-light-cult-2001-3000\images\2401-2500\LCCC-2443.png","items/lccc-2443.html","https://ronenglish-archive.github.io/ron-english-light-cult-2001-3000/items/lccc-2443.html","https://opensea.io/item/ethereum/0xbe85fbd182af91290be7293438ae67549638189f/2443","OK",""
"2444","2444","Light Cult Crypto Club #2444","RE-004254","2401-2500","D:\github\ron-english-nfts\light-cult-crypto-club\images\LCCC-2444.png","17764","images/2401-2500/LCCC-2444.png","LCCC-2444.png","D:\github\ron-english-light-cult-2001-3000\images\2401-2500\LCCC-2444.png","items/lccc-2444.html","https://ronenglish-archive.github.io/ron-english-light-cult-2001-3000/items/lccc-2444.html","https://opensea.io/item/ethereum/0xbe85fbd182af91290be7293438ae67549638189f/2444","OK",""
"2445","2445","Light Cult Crypto Club #2445","RE-004255","2401-2500","D:\github\ron-english-nfts\light-cult-crypto-club\images\LCCC-2445.png","27840","images/2401-2500/LCCC-2445.png","LCCC-2445.png","D:\github\ron-english-light-cult-2001-3000\images\2401-2500\LCCC-2445.png","items/lccc-2445.html","https://ronenglish-archive.github.io/ron-english-light-cult-2001-3000/items/lccc-2445.html","https://opensea.io/item/ethereum/0xbe85fbd182af91290be7293438ae67549638189f/2445","OK",""
"2446","2446","Light Cult Crypto Club #2446","RE-004256","2401-2500","D:\github\ron-english-nfts\light-cult-crypto-club\images\LCCC-2446.png","14922","images/2401-2500/LCCC-2446.png","LCCC-2446.png","D:\github\ron-english-light-cult-2001-3000\images\2401-2500\LCCC-2446.png","items/lccc-2446.html","https://ronenglish-archive.github.io/ron-english-light-cult-2001-3000/items/lccc-2446.html","https://opensea.io/item/ethereum/0xbe85fbd182af91290be7293438ae67549638189f/2446","OK",""
"2447","2447","Light Cult Crypto Club #2447","RE-004257","2401-2500","D:\github\ron-english-nfts\light-cult-crypto-club\images\LCCC-2447.png","33306","images/2401-2500/LCCC-2447.png","LCCC-2447.png","D:\github\ron-english-light-cult-2001-3000\images\2401-2500\LCCC-2447.png","items/lccc-2447.html","https://ronenglish-archive.github.io/ron-english-light-cult-2001-3000/items/lccc-2447.html","https://opensea.io/item/ethereum/0xbe85fbd182af91290be7293438ae67549638189f/2447","OK",""
"2448","2448","Light Cult Crypto Club #2448","RE-004258","2401-2500","","","","","","items/lccc-2448.html","https://ronenglish-archive.github.io/ron-english-light-cult-2001-3000/items/lccc-2448.html","https://opensea.io/item/ethereum/0xbe85fbd182af91290be7293438ae67549638189f/2448","MISSING SOURCE IMAGE","No source image found for token #2448"
"2449","2449","Light Cult Crypto Club #2449","RE-004259","2401-2500","D:\github\ron-english-nfts\light-cult-crypto-club\images\LCCC-2449.png","25199","images/2401-2500/LCCC-2449.png","LCCC-2449.png","D:\github\ron-english-light-cult-2001-3000\images\2401-2500\LCCC-2449.png","items/lccc-2449.html","https://ronenglish-archive.github.io/ron-english-light-cult-2001-3000/items/lccc-2449.html","https://opensea.io/item/ethereum/0xbe85fbd182af91290be7293438ae67549638189f/2449","OK",""
"2450","2450","Light Cult Crypto Club #2450","RE-004260","2401-2500","D:\github\ron-english-nfts\light-cult-crypto-club\images\LCCC-2450.png","10626","images/2401-2500/LCCC-2450.png","LCCC-2450.png","D:\github\ron-english-light-cult-2001-3000\images\2401-2500\LCCC-2450.png","items/lccc-2450.html","https://ronenglish-archive.github.io/ron-english-light-cult-2001-3000/items/lccc-2450.html","https://opensea.io/item/ethereum/0xbe85fbd182af91290be7293438ae67549638189f/2450","OK",""
"2451","2451","Light Cult Crypto Club #2451","RE-004261","2401-2500","D:\github\ron-english-nfts\light-cult-crypto-club\images\LCCC-2451.png","17415","images/2401-2500/LCCC-2451.png","LCCC-2451.png","D:\github\ron-english-light-cult-2001-3000\images\2401-2500\LCCC-2451.png","items/lccc-2451.html","https://ronenglish-archive.github.io/ron-english-light-cult-2001-3000/items/lccc-2451.html","https://opensea.io/item/ethereum/0xbe85fbd182af91290be7293438ae67549638189f/2451","OK",""
"2452","2452","Light Cult Crypto Club #2452","RE-004262","2401-2500","D:\github\ron-english-nfts\light-cult-crypto-club\images\LCCC-2452.png","28215","images/2401-2500/LCCC-2452.png","LCCC-2452.png","D:\github\ron-english-light-cult-2001-3000\images\2401-2500\LCCC-2452.png","items/lccc-2452.html","https://ronenglish-archive.github.io/ron-english-light-cult-2001-3000/items/lccc-2452.html","https://opensea.io/item/ethereum/0xbe85fbd182af91290be7293438ae67549638189f/2452","OK",""
"2453","2453","Light Cult Crypto Club #2453","RE-004263","2401-2500","D:\github\ron-english-nfts\light-cult-crypto-club\images\LCCC-2453.png","17028","images/2401-2500/LCCC-2453.png","LCCC-2453.png","D:\github\ron-english-light-cult-2001-3000\images\2401-2500\LCCC-2453.png","items/lccc-2453.html","https://ronenglish-archive.github.io/ron-english-light-cult-2001-3000/items/lccc-2453.html","https://opensea.io/item/ethereum/0xbe85fbd182af91290be7293438ae67549638189f/2453","OK",""
"2454","2454","Light Cult Crypto Club #2454","RE-004264","2401-2500","D:\github\ron-english-nfts\light-cult-crypto-club\images\LCCC-2454.png","12520","images/2401-2500/LCCC-2454.png","LCCC-2454.png","D:\github\ron-english-light-cult-2001-3000\images\2401-2500\LCCC-2454.png","items/lccc-2454.html","https://ronenglish-archive.github.io/ron-english-light-cult-2001-3000/items/lccc-2454.html","https://opensea.io/item/ethereum/0xbe85fbd182af91290be7293438ae67549638189f/2454","OK",""
"2455","2455","Light Cult Crypto Club #2455","RE-004265","2401-2500","D:\github\ron-english-nfts\light-cult-crypto-club\images\LCCC-2455.png","7724","images/2401-2500/LCCC-2455.png","LCCC-2455.png","D:\github\ron-english-light-cult-2001-3000\images\2401-2500\LCCC-2455.png","items/lccc-2455.html","https://ronenglish-archive.github.io/ron-english-light-cult-2001-3000/items/lccc-2455.html","https://opensea.io/item/ethereum/0xbe85fbd182af91290be7293438ae67549638189f/2455","OK",""
"2456","2456","Light Cult Crypto Club #2456","RE-004266","2401-2500","D:\github\ron-english-nfts\light-cult-crypto-club\images\LCCC-2456.png","14838","images/2401-2500/LCCC-2456.png","LCCC-2456.png","D:\github\ron-english-light-cult-2001-3000\images\2401-2500\LCCC-2456.png","items/lccc-2456.html","https://ronenglish-archive.github.io/ron-english-light-cult-2001-3000/items/lccc-2456.html","https://opensea.io/item/ethereum/0xbe85fbd182af91290be7293438ae67549638189f/2456","OK",""
"2457","2457","Light Cult Crypto Club #2457","RE-004267","2401-2500","D:\github\ron-english-nfts\light-cult-crypto-club\images\LCCC-2457.png","27680","images/2401-2500/LCCC-2457.png","LCCC-2457.png","D:\github\ron-english-light-cult-2001-3000\images\2401-2500\LCCC-2457.png","items/lccc-2457.html","https://ronenglish-archive.github.io/ron-english-light-cult-2001-3000/items/lccc-2457.html","https://opensea.io/item/ethereum/0xbe85fbd182af91290be7293438ae67549638189f/2457","OK",""
"2458","2458","Light Cult Crypto Club #2458","RE-004268","2401-2500","D:\github\ron-english-nfts\light-cult-crypto-club\images\LCCC-2458.png","13007","images/2401-2500/LCCC-2458.png","LCCC-2458.png","D:\github\ron-english-light-cult-2001-3000\images\2401-2500\LCCC-2458.png","items/lccc-2458.html","https://ronenglish-archive.github.io/ron-english-light-cult-2001-3000/items/lccc-2458.html","https://opensea.io/item/ethereum/0xbe85fbd182af91290be7293438ae67549638189f/2458","OK",""
"2459","2459","Light Cult Crypto Club #2459","RE-004269","2401-2500","D:\github\ron-english-nfts\light-cult-crypto-club\images\LCCC-2459.png","7045","images/2401-2500/LCCC-2459.png","LCCC-2459.png","D:\github\ron-english-light-cult-2001-3000\images\2401-2500\LCCC-2459.png","items/lccc-2459.html","https://ronenglish-archive.github.io/ron-english-light-cult-2001-3000/items/lccc-2459.html","https://opensea.io/item/ethereum/0xbe85fbd182af91290be7293438ae67549638189f/2459","OK",""
"2460","2460","Light Cult Crypto Club #2460","RE-004270","2401-2500","","","","","","items/lccc-2460.html","https://ronenglish-archive.github.io/ron-english-light-cult-2001-3000/items/lccc-2460.html","https://opensea.io/item/ethereum/0xbe85fbd182af91290be7293438ae67549638189f/2460","MISSING SOURCE IMAGE","No source image found for token #2460"
"2461","2461","Light Cult Crypto Club #2461","RE-004271","2401-2500","D:\github\ron-english-nfts\light-cult-crypto-club\images\LCCC-2461.png","20806","images/2401-2500/LCCC-2461.png","LCCC-2461.png","D:\github\ron-english-light-cult-2001-3000\images\2401-2500\LCCC-2461.png","items/lccc-2461.html","https://ronenglish-archive.github.io/ron-english-light-cult-2001-3000/items/lccc-2461.html","https://opensea.io/item/ethereum/0xbe85fbd182af91290be7293438ae67549638189f/2461","OK",""
"2462","2462","Light Cult Crypto Club #2462","RE-004272","2401-2500","D:\github\ron-english-nfts\light-cult-crypto-club\images\LCCC-2462.png","12031","images/2401-2500/LCCC-2462.png","LCCC-2462.png","D:\github\ron-english-light-cult-2001-3000\images\2401-2500\LCCC-2462.png","items/lccc-2462.html","https://ronenglish-archive.github.io/ron-english-light-cult-2001-3000/items/lccc-2462.html","https://opensea.io/item/ethereum/0xbe85fbd182af91290be7293438ae67549638189f/2462","OK",""
"2463","2463","Light Cult Crypto Club #2463","RE-004273","2401-2500","D:\github\ron-english-nfts\light-cult-crypto-club\images\LCCC-2463.png","9815","images/2401-2500/LCCC-2463.png","LCCC-2463.png","D:\github\ron-english-light-cult-2001-3000\images\2401-2500\LCCC-2463.png","items/lccc-2463.html","https://ronenglish-archive.github.io/ron-english-light-cult-2001-3000/items/lccc-2463.html","https://opensea.io/item/ethereum/0xbe85fbd182af91290be7293438ae67549638189f/2463","OK",""
"2464","2464","Light Cult Crypto Club #2464","RE-004274","2401-2500","D:\github\ron-english-nfts\light-cult-crypto-club\images\LCCC-2464.png","31804","images/2401-2500/LCCC-2464.png","LCCC-2464.png","D:\github\ron-english-light-cult-2001-3000\images\2401-2500\LCCC-2464.png","items/lccc-2464.html","https://ronenglish-archive.github.io/ron-english-light-cult-2001-3000/items/lccc-2464.html","https://opensea.io/item/ethereum/0xbe85fbd182af91290be7293438ae67549638189f/2464","OK",""
"2465","2465","Light Cult Crypto Club #2465","RE-004275","2401-2500","D:\github\ron-english-nfts\light-cult-crypto-club\images\LCCC-2465.png","27578","images/2401-2500/LCCC-2465.png","LCCC-2465.png","D:\github\ron-english-light-cult-2001-3000\images\2401-2500\LCCC-2465.png","items/lccc-2465.html","https://ronenglish-archive.github.io/ron-english-light-cult-2001-3000/items/lccc-2465.html","https://opensea.io/item/ethereum/0xbe85fbd182af91290be7293438ae67549638189f/2465","OK",""
"2466","2466","Light Cult Crypto Club #2466","RE-004276","2401-2500","D:\github\ron-english-nfts\light-cult-crypto-club\images\LCCC-2466.png","31267","images/2401-2500/LCCC-2466.png","LCCC-2466.png","D:\github\ron-english-light-cult-2001-3000\images\2401-2500\LCCC-2466.png","items/lccc-2466.html","https://ronenglish-archive.github.io/ron-english-light-cult-2001-3000/items/lccc-2466.html","https://opensea.io/item/ethereum/0xbe85fbd182af91290be7293438ae67549638189f/2466","OK",""
"2467","2467","Light Cult Crypto Club #2467","RE-004277","2401-2500","D:\github\ron-english-nfts\light-cult-crypto-club\images\LCCC-2467.png","8653","images/2401-2500/LCCC-2467.png","LCCC-2467.png","D:\github\ron-english-light-cult-2001-3000\images\2401-2500\LCCC-2467.png","items/lccc-2467.html","https://ronenglish-archive.github.io/ron-english-light-cult-2001-3000/items/lccc-2467.html","https://opensea.io/item/ethereum/0xbe85fbd182af91290be7293438ae67549638189f/2467","OK",""
"2468","2468","Light Cult Crypto Club #2468","RE-004278","2401-2500","D:\github\ron-english-nfts\light-cult-crypto-club\images\LCCC-2468.png","17141","images/2401-2500/LCCC-2468.png","LCCC-2468.png","D:\github\ron-english-light-cult-2001-3000\images\2401-2500\LCCC-2468.png","items/lccc-2468.html","https://ronenglish-archive.github.io/ron-english-light-cult-2001-3000/items/lccc-2468.html","https://opensea.io/item/ethereum/0xbe85fbd182af91290be7293438ae67549638189f/2468","OK",""
"2469","2469","Light Cult Crypto Club #2469","RE-004279","2401-2500","D:\github\ron-english-nfts\light-cult-crypto-club\images\LCCC-2469.png","15690","images/2401-2500/LCCC-2469.png","LCCC-2469.png","D:\github\ron-english-light-cult-2001-3000\images\2401-2500\LCCC-2469.png","items/lccc-2469.html","https://ronenglish-archive.github.io/ron-english-light-cult-2001-3000/items/lccc-2469.html","https://opensea.io/item/ethereum/0xbe85fbd182af91290be7293438ae67549638189f/2469","OK",""
"2470","2470","Light Cult Crypto Club #2470","RE-004280","2401-2500","D:\github\ron-english-nfts\light-cult-crypto-club\images\LCCC-2470.png","14622","images/2401-2500/LCCC-2470.png","LCCC-2470.png","D:\github\ron-english-light-cult-2001-3000\images\2401-2500\LCCC-2470.png","items/lccc-2470.html","https://ronenglish-archive.github.io/ron-english-light-cult-2001-3000/items/lccc-2470.html","https://opensea.io/item/ethereum/0xbe85fbd182af91290be7293438ae67549638189f/2470","OK",""
"2471","2471","Light Cult Crypto Club #2471","RE-004281","2401-2500","D:\github\ron-english-nfts\light-cult-crypto-club\images\LCCC-2471.png","31641","images/2401-2500/LCCC-2471.png","LCCC-2471.png","D:\github\ron-english-light-cult-2001-3000\images\2401-2500\LCCC-2471.png","items/lccc-2471.html","https://ronenglish-archive.github.io/ron-english-light-cult-2001-3000/items/lccc-2471.html","https://opensea.io/item/ethereum/0xbe85fbd182af91290be7293438ae67549638189f/2471","OK",""
"2472","2472","Light Cult Crypto Club #2472","RE-004282","2401-2500","D:\github\ron-english-nfts\light-cult-crypto-club\images\LCCC-2472.png","17770","images/2401-2500/LCCC-2472.png","LCCC-2472.png","D:\github\ron-english-light-cult-2001-3000\images\2401-2500\LCCC-2472.png","items/lccc-2472.html","https://ronenglish-archive.github.io/ron-english-light-cult-2001-3000/items/lccc-2472.html","https://opensea.io/item/ethereum/0xbe85fbd182af91290be7293438ae67549638189f/2472","OK",""
"2473","2473","Light Cult Crypto Club #2473","RE-004283","2401-2500","D:\github\ron-english-nfts\light-cult-crypto-club\images\LCCC-2473.png","5451","images/2401-2500/LCCC-2473.png","LCCC-2473.png","D:\github\ron-english-light-cult-2001-3000\images\2401-2500\LCCC-2473.png","items/lccc-2473.html","https://ronenglish-archive.github.io/ron-english-light-cult-2001-3000/items/lccc-2473.html","https://opensea.io/item/ethereum/0xbe85fbd182af91290be7293438ae67549638189f/2473","OK",""
"2474","2474","Light Cult Crypto Club #2474","RE-004284","2401-2500","D:\github\ron-english-nfts\light-cult-crypto-club\images\LCCC-2474.png","29967","images/2401-2500/LCCC-2474.png","LCCC-2474.png","D:\github\ron-english-light-cult-2001-3000\images\2401-2500\LCCC-2474.png","items/lccc-2474.html","https://ronenglish-archive.github.io/ron-english-light-cult-2001-3000/items/lccc-2474.html","https://opensea.io/item/ethereum/0xbe85fbd182af91290be7293438ae67549638189f/2474","OK",""
"2475","2475","Light Cult Crypto Club #2475","RE-004285","2401-2500","D:\github\ron-english-nfts\light-cult-crypto-club\images\LCCC-2475.png","9646","images/2401-2500/LCCC-2475.png","LCCC-2475.png","D:\github\ron-english-light-cult-2001-3000\images\2401-2500\LCCC-2475.png","items/lccc-2475.html","https://ronenglish-archive.github.io/ron-english-light-cult-2001-3000/items/lccc-2475.html","https://opensea.io/item/ethereum/0xbe85fbd182af91290be7293438ae67549638189f/2475","OK",""
"2476","2476","Light Cult Crypto Club #2476","RE-004286","2401-2500","D:\github\ron-english-nfts\light-cult-crypto-club\images\LCCC-2476.png","15444","images/2401-2500/LCCC-2476.png","LCCC-2476.png","D:\github\ron-english-light-cult-2001-3000\images\2401-2500\LCCC-2476.png","items/lccc-2476.html","https://ronenglish-archive.github.io/ron-english-light-cult-2001-3000/items/lccc-2476.html","https://opensea.io/item/ethereum/0xbe85fbd182af91290be7293438ae67549638189f/2476","OK",""
"2477","2477","Light Cult Crypto Club #2477","RE-004287","2401-2500","D:\github\ron-english-nfts\light-cult-crypto-club\images\LCCC-2477.png","15474","images/2401-2500/LCCC-2477.png","LCCC-2477.png","D:\github\ron-english-light-cult-2001-3000\images\2401-2500\LCCC-2477.png","items/lccc-2477.html","https://ronenglish-archive.github.io/ron-english-light-cult-2001-3000/items/lccc-2477.html","https://opensea.io/item/ethereum/0xbe85fbd182af91290be7293438ae67549638189f/2477","OK",""
"2478","2478","Light Cult Crypto Club #2478","RE-004288","2401-2500","D:\github\ron-english-nfts\light-cult-crypto-club\images\LCCC-2478.png","12219","images/2401-2500/LCCC-2478.png","LCCC-2478.png","D:\github\ron-english-light-cult-2001-3000\images\2401-2500\LCCC-2478.png","items/lccc-2478.html","https://ronenglish-archive.github.io/ron-english-light-cult-2001-3000/items/lccc-2478.html","https://opensea.io/item/ethereum/0xbe85fbd182af91290be7293438ae67549638189f/2478","OK",""
"2479","2479","Light Cult Crypto Club #2479","RE-004289","2401-2500","","","","","","items/lccc-2479.html","https://ronenglish-archive.github.io/ron-english-light-cult-2001-3000/items/lccc-2479.html","https://opensea.io/item/ethereum/0xbe85fbd182af91290be7293438ae67549638189f/2479","MISSING SOURCE IMAGE","No source image found for token #2479"
"2480","2480","Light Cult Crypto Club #2480","RE-004290","2401-2500","D:\github\ron-english-nfts\light-cult-crypto-club\images\LCCC-2480.png","12099","images/2401-2500/LCCC-2480.png","LCCC-2480.png","D:\github\ron-english-light-cult-2001-3000\images\2401-2500\LCCC-2480.png","items/lccc-2480.html","https://ronenglish-archive.github.io/ron-english-light-cult-2001-3000/items/lccc-2480.html","https://opensea.io/item/ethereum/0xbe85fbd182af91290be7293438ae67549638189f/2480","OK",""
"2481","2481","Light Cult Crypto Club #2481","RE-004291","2401-2500","D:\github\ron-english-nfts\light-cult-crypto-club\images\LCCC-2481.png","26855","images/2401-2500/LCCC-2481.png","LCCC-2481.png","D:\github\ron-english-light-cult-2001-3000\images\2401-2500\LCCC-2481.png","items/lccc-2481.html","https://ronenglish-archive.github.io/ron-english-light-cult-2001-3000/items/lccc-2481.html","https://opensea.io/item/ethereum/0xbe85fbd182af91290be7293438ae67549638189f/2481","OK",""
"2482","2482","Light Cult Crypto Club #2482","RE-004292","2401-2500","D:\github\ron-english-nfts\light-cult-crypto-club\images\LCCC-2482.png","34543","images/2401-2500/LCCC-2482.png","LCCC-2482.png","D:\github\ron-english-light-cult-2001-3000\images\2401-2500\LCCC-2482.png","items/lccc-2482.html","https://ronenglish-archive.github.io/ron-english-light-cult-2001-3000/items/lccc-2482.html","https://opensea.io/item/ethereum/0xbe85fbd182af91290be7293438ae67549638189f/2482","OK",""
"2483","2483","Light Cult Crypto Club #2483","RE-004293","2401-2500","D:\github\ron-english-nfts\light-cult-crypto-club\images\LCCC-2483.png","14941","images/2401-2500/LCCC-2483.png","LCCC-2483.png","D:\github\ron-english-light-cult-2001-3000\images\2401-2500\LCCC-2483.png","items/lccc-2483.html","https://ronenglish-archive.github.io/ron-english-light-cult-2001-3000/items/lccc-2483.html","https://opensea.io/item/ethereum/0xbe85fbd182af91290be7293438ae67549638189f/2483","OK",""
"2484","2484","Light Cult Crypto Club #2484","RE-004294","2401-2500","","","","","","items/lccc-2484.html","https://ronenglish-archive.github.io/ron-english-light-cult-2001-3000/items/lccc-2484.html","https://opensea.io/item/ethereum/0xbe85fbd182af91290be7293438ae67549638189f/2484","MISSING SOURCE IMAGE","No source image found for token #2484"
"2485","2485","Light Cult Crypto Club #2485","RE-004295","2401-2500","D:\github\ron-english-nfts\light-cult-crypto-club\images\LCCC-2485.png","5424","images/2401-2500/LCCC-2485.png","LCCC-2485.png","D:\github\ron-english-light-cult-2001-3000\images\2401-2500\LCCC-2485.png","items/lccc-2485.html","https://ronenglish-archive.github.io/ron-english-light-cult-2001-3000/items/lccc-2485.html","https://opensea.io/item/ethereum/0xbe85fbd182af91290be7293438ae67549638189f/2485","OK",""
"2486","2486","Light Cult Crypto Club #2486","RE-004296","2401-2500","D:\github\ron-english-nfts\light-cult-crypto-club\images\LCCC-2486.png","17285","images/2401-2500/LCCC-2486.png","LCCC-2486.png","D:\github\ron-english-light-cult-2001-3000\images\2401-2500\LCCC-2486.png","items/lccc-2486.html","https://ronenglish-archive.github.io/ron-english-light-cult-2001-3000/items/lccc-2486.html","https://opensea.io/item/ethereum/0xbe85fbd182af91290be7293438ae67549638189f/2486","OK",""
"2487","2487","Light Cult Crypto Club #2487","RE-004297","2401-2500","D:\github\ron-english-nfts\light-cult-crypto-club\images\LCCC-2487.png","38049","images/2401-2500/LCCC-2487.png","LCCC-2487.png","D:\github\ron-english-light-cult-2001-3000\images\2401-2500\LCCC-2487.png","items/lccc-2487.html","https://ronenglish-archive.github.io/ron-english-light-cult-2001-3000/items/lccc-2487.html","https://opensea.io/item/ethereum/0xbe85fbd182af91290be7293438ae67549638189f/2487","OK",""
"2488","2488","Light Cult Crypto Club #2488","RE-004298","2401-2500","D:\github\ron-english-nfts\light-cult-crypto-club\images\LCCC-2488.png","35413","images/2401-2500/LCCC-2488.png","LCCC-2488.png","D:\github\ron-english-light-cult-2001-3000\images\2401-2500\LCCC-2488.png","items/lccc-2488.html","https://ronenglish-archive.github.io/ron-english-light-cult-2001-3000/items/lccc-2488.html","https://opensea.io/item/ethereum/0xbe85fbd182af91290be7293438ae67549638189f/2488","OK",""
"2489","2489","Light Cult Crypto Club #2489","RE-004299","2401-2500","","","","","","items/lccc-2489.html","https://ronenglish-archive.github.io/ron-english-light-cult-2001-3000/items/lccc-2489.html","https://opensea.io/item/ethereum/0xbe85fbd182af91290be7293438ae67549638189f/2489","MISSING SOURCE IMAGE","No source image found for token #2489"
"2490","2490","Light Cult Crypto Club #2490","RE-004300","2401-2500","D:\github\ron-english-nfts\light-cult-crypto-club\images\LCCC-2490.png","7835","images/2401-2500/LCCC-2490.png","LCCC-2490.png","D:\github\ron-english-light-cult-2001-3000\images\2401-2500\LCCC-2490.png","items/lccc-2490.html","https://ronenglish-archive.github.io/ron-english-light-cult-2001-3000/items/lccc-2490.html","https://opensea.io/item/ethereum/0xbe85fbd182af91290be7293438ae67549638189f/2490","OK",""
"2491","2491","Light Cult Crypto Club #2491","RE-004301","2401-2500","D:\github\ron-english-nfts\light-cult-crypto-club\images\LCCC-2491.png","8571","images/2401-2500/LCCC-2491.png","LCCC-2491.png","D:\github\ron-english-light-cult-2001-3000\images\2401-2500\LCCC-2491.png","items/lccc-2491.html","https://ronenglish-archive.github.io/ron-english-light-cult-2001-3000/items/lccc-2491.html","https://opensea.io/item/ethereum/0xbe85fbd182af91290be7293438ae67549638189f/2491","OK",""
"2492","2492","Light Cult Crypto Club #2492","RE-004302","2401-2500","D:\github\ron-english-nfts\light-cult-crypto-club\images\LCCC-2492.png","38938","images/2401-2500/LCCC-2492.png","LCCC-2492.png","D:\github\ron-english-light-cult-2001-3000\images\2401-2500\LCCC-2492.png","items/lccc-2492.html","https://ronenglish-archive.github.io/ron-english-light-cult-2001-3000/items/lccc-2492.html","https://opensea.io/item/ethereum/0xbe85fbd182af91290be7293438ae67549638189f/2492","OK",""
"2493","2493","Light Cult Crypto Club #2493","RE-004303","2401-2500","","","","","","items/lccc-2493.html","https://ronenglish-archive.github.io/ron-english-light-cult-2001-3000/items/lccc-2493.html","https://opensea.io/item/ethereum/0xbe85fbd182af91290be7293438ae67549638189f/2493","MISSING SOURCE IMAGE","No source image found for token #2493"
"2494","2494","Light Cult Crypto Club #2494","RE-004304","2401-2500","","","","","","items/lccc-2494.html","https://ronenglish-archive.github.io/ron-english-light-cult-2001-3000/items/lccc-2494.html","https://opensea.io/item/ethereum/0xbe85fbd182af91290be7293438ae67549638189f/2494","MISSING SOURCE IMAGE","No source image found for token #2494"
"2495","2495","Light Cult Crypto Club #2495","RE-004305","2401-2500","D:\github\ron-english-nfts\light-cult-crypto-club\images\LCCC-2495.png","12164","images/2401-2500/LCCC-2495.png","LCCC-2495.png","D:\github\ron-english-light-cult-2001-3000\images\2401-2500\LCCC-2495.png","items/lccc-2495.html","https://ronenglish-archive.github.io/ron-english-light-cult-2001-3000/items/lccc-2495.html","https://opensea.io/item/ethereum/0xbe85fbd182af91290be7293438ae67549638189f/2495","OK",""
"2496","2496","Light Cult Crypto Club #2496","RE-004306","2401-2500","D:\github\ron-english-nfts\light-cult-crypto-club\images\LCCC-2496.png","15613","images/2401-2500/LCCC-2496.png","LCCC-2496.png","D:\github\ron-english-light-cult-2001-3000\images\2401-2500\LCCC-2496.png","items/lccc-2496.html","https://ronenglish-archive.github.io/ron-english-light-cult-2001-3000/items/lccc-2496.html","https://opensea.io/item/ethereum/0xbe85fbd182af91290be7293438ae67549638189f/2496","OK",""
"2497","2497","Light Cult Crypto Club #2497","RE-004307","2401-2500","D:\github\ron-english-nfts\light-cult-crypto-club\images\LCCC-2497.png","12344","images/2401-2500/LCCC-2497.png","LCCC-2497.png","D:\github\ron-english-light-cult-2001-3000\images\2401-2500\LCCC-2497.png","items/lccc-2497.html","https://ronenglish-archive.github.io/ron-english-light-cult-2001-3000/items/lccc-2497.html","https://opensea.io/item/ethereum/0xbe85fbd182af91290be7293438ae67549638189f/2497","OK",""
"2498","2498","Light Cult Crypto Club #2498","RE-004308","2401-2500","D:\github\ron-english-nfts\light-cult-crypto-club\images\LCCC-2498.png","7299","images/2401-2500/LCCC-2498.png","LCCC-2498.png","D:\github\ron-english-light-cult-2001-3000\images\2401-2500\LCCC-2498.png","items/lccc-2498.html","https://ronenglish-archive.github.io/ron-english-light-cult-2001-3000/items/lccc-2498.html","https://opensea.io/item/ethereum/0xbe85fbd182af91290be7293438ae67549638189f/2498","OK",""
"2499","2499","Light Cult Crypto Club #2499","RE-004309","2401-2500","D:\github\ron-english-nfts\light-cult-crypto-club\images\LCCC-2499.png","15127","images/2401-2500/LCCC-2499.png","LCCC-2499.png","D:\github\ron-english-light-cult-2001-3000\images\2401-2500\LCCC-2499.png","items/lccc-2499.html","https://ronenglish-archive.github.io/ron-english-light-cult-2001-3000/items/lccc-2499.html","https://opensea.io/item/ethereum/0xbe85fbd182af91290be7293438ae67549638189f/2499","OK",""
"2500","2500","Light Cult Crypto Club #2500","RE-004310","2401-2500","D:\github\ron-english-nfts\light-cult-crypto-club\images\LCCC-2500.png","43026","images/2401-2500/LCCC-2500.png","LCCC-2500.png","D:\github\ron-english-light-cult-2001-3000\images\2401-2500\LCCC-2500.png","items/lccc-2500.html","https://ronenglish-archive.github.io/ron-english-light-cult-2001-3000/items/lccc-2500.html","https://opensea.io/item/ethereum/0xbe85fbd182af91290be7293438ae67549638189f/2500","OK",""
"2501","2501","Light Cult Crypto Club #2501","RE-004311","2501-2600","D:\github\ron-english-nfts\light-cult-crypto-club\images\LCCC-2501.png","20669","images/2501-2600/LCCC-2501.png","LCCC-2501.png","D:\github\ron-english-light-cult-2001-3000\images\2501-2600\LCCC-2501.png","items/lccc-2501.html","https://ronenglish-archive.github.io/ron-english-light-cult-2001-3000/items/lccc-2501.html","https://opensea.io/item/ethereum/0xbe85fbd182af91290be7293438ae67549638189f/2501","OK",""
"2502","2502","Light Cult Crypto Club #2502","RE-004312","2501-2600","D:\github\ron-english-nfts\light-cult-crypto-club\images\LCCC-2502.png","33061","images/2501-2600/LCCC-2502.png","LCCC-2502.png","D:\github\ron-english-light-cult-2001-3000\images\2501-2600\LCCC-2502.png","items/lccc-2502.html","https://ronenglish-archive.github.io/ron-english-light-cult-2001-3000/items/lccc-2502.html","https://opensea.io/item/ethereum/0xbe85fbd182af91290be7293438ae67549638189f/2502","OK",""
"2503","2503","Light Cult Crypto Club #2503","RE-004313","2501-2600","D:\github\ron-english-nfts\light-cult-crypto-club\images\LCCC-2503.png","18434","images/2501-2600/LCCC-2503.png","LCCC-2503.png","D:\github\ron-english-light-cult-2001-3000\images\2501-2600\LCCC-2503.png","items/lccc-2503.html","https://ronenglish-archive.github.io/ron-english-light-cult-2001-3000/items/lccc-2503.html","https://opensea.io/item/ethereum/0xbe85fbd182af91290be7293438ae67549638189f/2503","OK",""
"2504","2504","Light Cult Crypto Club #2504","RE-004314","2501-2600","","","","","","items/lccc-2504.html","https://ronenglish-archive.github.io/ron-english-light-cult-2001-3000/items/lccc-2504.html","https://opensea.io/item/ethereum/0xbe85fbd182af91290be7293438ae67549638189f/2504","MISSING SOURCE IMAGE","No source image found for token #2504"
"2505","2505","Light Cult Crypto Club #2505","RE-004315","2501-2600","","","","","","items/lccc-2505.html","https://ronenglish-archive.github.io/ron-english-light-cult-2001-3000/items/lccc-2505.html","https://opensea.io/item/ethereum/0xbe85fbd182af91290be7293438ae67549638189f/2505","MISSING SOURCE IMAGE","No source image found for token #2505"
"2506","2506","Light Cult Crypto Club #2506","RE-004316","2501-2600","","","","","","items/lccc-2506.html","https://ronenglish-archive.github.io/ron-english-light-cult-2001-3000/items/lccc-2506.html","https://opensea.io/item/ethereum/0xbe85fbd182af91290be7293438ae67549638189f/2506","MISSING SOURCE IMAGE","No source image found for token #2506"
"2507","2507","Light Cult Crypto Club #2507","RE-004317","2501-2600","D:\github\ron-english-nfts\light-cult-crypto-club\images\LCCC-2507.png","26166","images/2501-2600/LCCC-2507.png","LCCC-2507.png","D:\github\ron-english-light-cult-2001-3000\images\2501-2600\LCCC-2507.png","items/lccc-2507.html","https://ronenglish-archive.github.io/ron-english-light-cult-2001-3000/items/lccc-2507.html","https://opensea.io/item/ethereum/0xbe85fbd182af91290be7293438ae67549638189f/2507","OK",""
"2508","2508","Light Cult Crypto Club #2508","RE-004318","2501-2600","","","","","","items/lccc-2508.html","https://ronenglish-archive.github.io/ron-english-light-cult-2001-3000/items/lccc-2508.html","https://opensea.io/item/ethereum/0xbe85fbd182af91290be7293438ae67549638189f/2508","MISSING SOURCE IMAGE","No source image found for token #2508"
"2509","2509","Light Cult Crypto Club #2509","RE-004319","2501-2600","D:\github\ron-english-nfts\light-cult-crypto-club\images\LCCC-2509.png","6928","images/2501-2600/LCCC-2509.png","LCCC-2509.png","D:\github\ron-english-light-cult-2001-3000\images\2501-2600\LCCC-2509.png","items/lccc-2509.html","https://ronenglish-archive.github.io/ron-english-light-cult-2001-3000/items/lccc-2509.html","https://opensea.io/item/ethereum/0xbe85fbd182af91290be7293438ae67549638189f/2509","OK",""
"2510","2510","Light Cult Crypto Club #2510","RE-004320","2501-2600","D:\github\ron-english-nfts\light-cult-crypto-club\images\LCCC-2510.png","21200","images/2501-2600/LCCC-2510.png","LCCC-2510.png","D:\github\ron-english-light-cult-2001-3000\images\2501-2600\LCCC-2510.png","items/lccc-2510.html","https://ronenglish-archive.github.io/ron-english-light-cult-2001-3000/items/lccc-2510.html","https://opensea.io/item/ethereum/0xbe85fbd182af91290be7293438ae67549638189f/2510","OK",""
"2511","2511","Light Cult Crypto Club #2511","RE-004321","2501-2600","","","","","","items/lccc-2511.html","https://ronenglish-archive.github.io/ron-english-light-cult-2001-3000/items/lccc-2511.html","https://opensea.io/item/ethereum/0xbe85fbd182af91290be7293438ae67549638189f/2511","MISSING SOURCE IMAGE","No source image found for token #2511"
"2512","2512","Light Cult Crypto Club #2512","RE-004322","2501-2600","D:\github\ron-english-nfts\light-cult-crypto-club\images\LCCC-2512.png","23385","images/2501-2600/LCCC-2512.png","LCCC-2512.png","D:\github\ron-english-light-cult-2001-3000\images\2501-2600\LCCC-2512.png","items/lccc-2512.html","https://ronenglish-archive.github.io/ron-english-light-cult-2001-3000/items/lccc-2512.html","https://opensea.io/item/ethereum/0xbe85fbd182af91290be7293438ae67549638189f/2512","OK",""
"2513","2513","Light Cult Crypto Club #2513","RE-004323","2501-2600","D:\github\ron-english-nfts\light-cult-crypto-club\images\LCCC-2513.png","9827","images/2501-2600/LCCC-2513.png","LCCC-2513.png","D:\github\ron-english-light-cult-2001-3000\images\2501-2600\LCCC-2513.png","items/lccc-2513.html","https://ronenglish-archive.github.io/ron-english-light-cult-2001-3000/items/lccc-2513.html","https://opensea.io/item/ethereum/0xbe85fbd182af91290be7293438ae67549638189f/2513","OK",""
"2514","2514","Light Cult Crypto Club #2514","RE-004324","2501-2600","D:\github\ron-english-nfts\light-cult-crypto-club\images\LCCC-2514.png","12938","images/2501-2600/LCCC-2514.png","LCCC-2514.png","D:\github\ron-english-light-cult-2001-3000\images\2501-2600\LCCC-2514.png","items/lccc-2514.html","https://ronenglish-archive.github.io/ron-english-light-cult-2001-3000/items/lccc-2514.html","https://opensea.io/item/ethereum/0xbe85fbd182af91290be7293438ae67549638189f/2514","OK",""
"2515","2515","Light Cult Crypto Club #2515","RE-004325","2501-2600","D:\github\ron-english-nfts\light-cult-crypto-club\images\LCCC-2515.png","16985","images/2501-2600/LCCC-2515.png","LCCC-2515.png","D:\github\ron-english-light-cult-2001-3000\images\2501-2600\LCCC-2515.png","items/lccc-2515.html","https://ronenglish-archive.github.io/ron-english-light-cult-2001-3000/items/lccc-2515.html","https://opensea.io/item/ethereum/0xbe85fbd182af91290be7293438ae67549638189f/2515","OK",""
"2516","2516","Light Cult Crypto Club #2516","RE-004326","2501-2600","D:\github\ron-english-nfts\light-cult-crypto-club\images\LCCC-2516.png","25702","images/2501-2600/LCCC-2516.png","LCCC-2516.png","D:\github\ron-english-light-cult-2001-3000\images\2501-2600\LCCC-2516.png","items/lccc-2516.html","https://ronenglish-archive.github.io/ron-english-light-cult-2001-3000/items/lccc-2516.html","https://opensea.io/item/ethereum/0xbe85fbd182af91290be7293438ae67549638189f/2516","OK",""
"2517","2517","Light Cult Crypto Club #2517","RE-004327","2501-2600","D:\github\ron-english-nfts\light-cult-crypto-club\images\LCCC-2517.png","15718","images/2501-2600/LCCC-2517.png","LCCC-2517.png","D:\github\ron-english-light-cult-2001-3000\images\2501-2600\LCCC-2517.png","items/lccc-2517.html","https://ronenglish-archive.github.io/ron-english-light-cult-2001-3000/items/lccc-2517.html","https://opensea.io/item/ethereum/0xbe85fbd182af91290be7293438ae67549638189f/2517","OK",""
"2518","2518","Light Cult Crypto Club #2518","RE-004328","2501-2600","D:\github\ron-english-nfts\light-cult-crypto-club\images\LCCC-2518.png","6148","images/2501-2600/LCCC-2518.png","LCCC-2518.png","D:\github\ron-english-light-cult-2001-3000\images\2501-2600\LCCC-2518.png","items/lccc-2518.html","https://ronenglish-archive.github.io/ron-english-light-cult-2001-3000/items/lccc-2518.html","https://opensea.io/item/ethereum/0xbe85fbd182af91290be7293438ae67549638189f/2518","OK",""
"2519","2519","Light Cult Crypto Club #2519","RE-004329","2501-2600","","","","","","items/lccc-2519.html","https://ronenglish-archive.github.io/ron-english-light-cult-2001-3000/items/lccc-2519.html","https://opensea.io/item/ethereum/0xbe85fbd182af91290be7293438ae67549638189f/2519","MISSING SOURCE IMAGE","No source image found for token #2519"
"2520","2520","Light Cult Crypto Club #2520","RE-004330","2501-2600","","","","","","items/lccc-2520.html","https://ronenglish-archive.github.io/ron-english-light-cult-2001-3000/items/lccc-2520.html","https://opensea.io/item/ethereum/0xbe85fbd182af91290be7293438ae67549638189f/2520","MISSING SOURCE IMAGE","No source image found for token #2520"
"2521","2521","Light Cult Crypto Club #2521","RE-004331","2501-2600","D:\github\ron-english-nfts\light-cult-crypto-club\images\LCCC-2521.png","9812","images/2501-2600/LCCC-2521.png","LCCC-2521.png","D:\github\ron-english-light-cult-2001-3000\images\2501-2600\LCCC-2521.png","items/lccc-2521.html","https://ronenglish-archive.github.io/ron-english-light-cult-2001-3000/items/lccc-2521.html","https://opensea.io/item/ethereum/0xbe85fbd182af91290be7293438ae67549638189f/2521","OK",""
"2522","2522","Light Cult Crypto Club #2522","RE-004332","2501-2600","D:\github\ron-english-nfts\light-cult-crypto-club\images\LCCC-2522.png","6032","images/2501-2600/LCCC-2522.png","LCCC-2522.png","D:\github\ron-english-light-cult-2001-3000\images\2501-2600\LCCC-2522.png","items/lccc-2522.html","https://ronenglish-archive.github.io/ron-english-light-cult-2001-3000/items/lccc-2522.html","https://opensea.io/item/ethereum/0xbe85fbd182af91290be7293438ae67549638189f/2522","OK",""
"2523","2523","Light Cult Crypto Club #2523","RE-004333","2501-2600","D:\github\ron-english-nfts\light-cult-crypto-club\images\LCCC-2523.png","13641","images/2501-2600/LCCC-2523.png","LCCC-2523.png","D:\github\ron-english-light-cult-2001-3000\images\2501-2600\LCCC-2523.png","items/lccc-2523.html","https://ronenglish-archive.github.io/ron-english-light-cult-2001-3000/items/lccc-2523.html","https://opensea.io/item/ethereum/0xbe85fbd182af91290be7293438ae67549638189f/2523","OK",""
"2524","2524","Light Cult Crypto Club #2524","RE-004334","2501-2600","D:\github\ron-english-nfts\light-cult-crypto-club\images\LCCC-2524.png","5712","images/2501-2600/LCCC-2524.png","LCCC-2524.png","D:\github\ron-english-light-cult-2001-3000\images\2501-2600\LCCC-2524.png","items/lccc-2524.html","https://ronenglish-archive.github.io/ron-english-light-cult-2001-3000/items/lccc-2524.html","https://opensea.io/item/ethereum/0xbe85fbd182af91290be7293438ae67549638189f/2524","OK",""
"2525","2525","Light Cult Crypto Club #2525","RE-004335","2501-2600","D:\github\ron-english-nfts\light-cult-crypto-club\images\LCCC-2525.png","14246","images/2501-2600/LCCC-2525.png","LCCC-2525.png","D:\github\ron-english-light-cult-2001-3000\images\2501-2600\LCCC-2525.png","items/lccc-2525.html","https://ronenglish-archive.github.io/ron-english-light-cult-2001-3000/items/lccc-2525.html","https://opensea.io/item/ethereum/0xbe85fbd182af91290be7293438ae67549638189f/2525","OK",""
"2526","2526","Light Cult Crypto Club #2526","RE-004336","2501-2600","","","","","","items/lccc-2526.html","https://ronenglish-archive.github.io/ron-english-light-cult-2001-3000/items/lccc-2526.html","https://opensea.io/item/ethereum/0xbe85fbd182af91290be7293438ae67549638189f/2526","MISSING SOURCE IMAGE","No source image found for token #2526"
"2527","2527","Light Cult Crypto Club #2527","RE-004337","2501-2600","D:\github\ron-english-nfts\light-cult-crypto-club\images\LCCC-2527.png","34180","images/2501-2600/LCCC-2527.png","LCCC-2527.png","D:\github\ron-english-light-cult-2001-3000\images\2501-2600\LCCC-2527.png","items/lccc-2527.html","https://ronenglish-archive.github.io/ron-english-light-cult-2001-3000/items/lccc-2527.html","https://opensea.io/item/ethereum/0xbe85fbd182af91290be7293438ae67549638189f/2527","OK",""
"2528","2528","Light Cult Crypto Club #2528","RE-004338","2501-2600","D:\github\ron-english-nfts\light-cult-crypto-club\images\LCCC-2528.png","13896","images/2501-2600/LCCC-2528.png","LCCC-2528.png","D:\github\ron-english-light-cult-2001-3000\images\2501-2600\LCCC-2528.png","items/lccc-2528.html","https://ronenglish-archive.github.io/ron-english-light-cult-2001-3000/items/lccc-2528.html","https://opensea.io/item/ethereum/0xbe85fbd182af91290be7293438ae67549638189f/2528","OK",""
"2529","2529","Light Cult Crypto Club #2529","RE-004339","2501-2600","D:\github\ron-english-nfts\light-cult-crypto-club\images\LCCC-2529.png","11188","images/2501-2600/LCCC-2529.png","LCCC-2529.png","D:\github\ron-english-light-cult-2001-3000\images\2501-2600\LCCC-2529.png","items/lccc-2529.html","https://ronenglish-archive.github.io/ron-english-light-cult-2001-3000/items/lccc-2529.html","https://opensea.io/item/ethereum/0xbe85fbd182af91290be7293438ae67549638189f/2529","OK",""
"2530","2530","Light Cult Crypto Club #2530","RE-004340","2501-2600","D:\github\ron-english-nfts\light-cult-crypto-club\images\LCCC-2530.png","9984","images/2501-2600/LCCC-2530.png","LCCC-2530.png","D:\github\ron-english-light-cult-2001-3000\images\2501-2600\LCCC-2530.png","items/lccc-2530.html","https://ronenglish-archive.github.io/ron-english-light-cult-2001-3000/items/lccc-2530.html","https://opensea.io/item/ethereum/0xbe85fbd182af91290be7293438ae67549638189f/2530","OK",""
"2531","2531","Light Cult Crypto Club #2531","RE-004341","2501-2600","D:\github\ron-english-nfts\light-cult-crypto-club\images\LCCC-2531.png","26885","images/2501-2600/LCCC-2531.png","LCCC-2531.png","D:\github\ron-english-light-cult-2001-3000\images\2501-2600\LCCC-2531.png","items/lccc-2531.html","https://ronenglish-archive.github.io/ron-english-light-cult-2001-3000/items/lccc-2531.html","https://opensea.io/item/ethereum/0xbe85fbd182af91290be7293438ae67549638189f/2531","OK",""
"2532","2532","Light Cult Crypto Club #2532","RE-004342","2501-2600","D:\github\ron-english-nfts\light-cult-crypto-club\images\LCCC-2532.png","22895","images/2501-2600/LCCC-2532.png","LCCC-2532.png","D:\github\ron-english-light-cult-2001-3000\images\2501-2600\LCCC-2532.png","items/lccc-2532.html","https://ronenglish-archive.github.io/ron-english-light-cult-2001-3000/items/lccc-2532.html","https://opensea.io/item/ethereum/0xbe85fbd182af91290be7293438ae67549638189f/2532","OK",""
"2533","2533","Light Cult Crypto Club #2533","RE-004343","2501-2600","D:\github\ron-english-nfts\light-cult-crypto-club\images\LCCC-2533.png","11857","images/2501-2600/LCCC-2533.png","LCCC-2533.png","D:\github\ron-english-light-cult-2001-3000\images\2501-2600\LCCC-2533.png","items/lccc-2533.html","https://ronenglish-archive.github.io/ron-english-light-cult-2001-3000/items/lccc-2533.html","https://opensea.io/item/ethereum/0xbe85fbd182af91290be7293438ae67549638189f/2533","OK",""
"2534","2534","Light Cult Crypto Club #2534","RE-004344","2501-2600","D:\github\ron-english-nfts\light-cult-crypto-club\images\LCCC-2534.png","7939","images/2501-2600/LCCC-2534.png","LCCC-2534.png","D:\github\ron-english-light-cult-2001-3000\images\2501-2600\LCCC-2534.png","items/lccc-2534.html","https://ronenglish-archive.github.io/ron-english-light-cult-2001-3000/items/lccc-2534.html","https://opensea.io/item/ethereum/0xbe85fbd182af91290be7293438ae67549638189f/2534","OK",""
"2535","2535","Light Cult Crypto Club #2535","RE-004345","2501-2600","","","","","","items/lccc-2535.html","https://ronenglish-archive.github.io/ron-english-light-cult-2001-3000/items/lccc-2535.html","https://opensea.io/item/ethereum/0xbe85fbd182af91290be7293438ae67549638189f/2535","MISSING SOURCE IMAGE","No source image found for token #2535"
"2536","2536","Light Cult Crypto Club #2536","RE-004346","2501-2600","D:\github\ron-english-nfts\light-cult-crypto-club\images\LCCC-2536.png","11038","images/2501-2600/LCCC-2536.png","LCCC-2536.png","D:\github\ron-english-light-cult-2001-3000\images\2501-2600\LCCC-2536.png","items/lccc-2536.html","https://ronenglish-archive.github.io/ron-english-light-cult-2001-3000/items/lccc-2536.html","https://opensea.io/item/ethereum/0xbe85fbd182af91290be7293438ae67549638189f/2536","OK",""
"2537","2537","Light Cult Crypto Club #2537","RE-004347","2501-2600","D:\github\ron-english-nfts\light-cult-crypto-club\images\LCCC-2537.png","11524","images/2501-2600/LCCC-2537.png","LCCC-2537.png","D:\github\ron-english-light-cult-2001-3000\images\2501-2600\LCCC-2537.png","items/lccc-2537.html","https://ronenglish-archive.github.io/ron-english-light-cult-2001-3000/items/lccc-2537.html","https://opensea.io/item/ethereum/0xbe85fbd182af91290be7293438ae67549638189f/2537","OK",""
"2538","2538","Light Cult Crypto Club #2538","RE-004348","2501-2600","D:\github\ron-english-nfts\light-cult-crypto-club\images\LCCC-2538.png","25048","images/2501-2600/LCCC-2538.png","LCCC-2538.png","D:\github\ron-english-light-cult-2001-3000\images\2501-2600\LCCC-2538.png","items/lccc-2538.html","https://ronenglish-archive.github.io/ron-english-light-cult-2001-3000/items/lccc-2538.html","https://opensea.io/item/ethereum/0xbe85fbd182af91290be7293438ae67549638189f/2538","OK",""
"2539","2539","Light Cult Crypto Club #2539","RE-004349","2501-2600","D:\github\ron-english-nfts\light-cult-crypto-club\images\LCCC-2539.png","11715","images/2501-2600/LCCC-2539.png","LCCC-2539.png","D:\github\ron-english-light-cult-2001-3000\images\2501-2600\LCCC-2539.png","items/lccc-2539.html","https://ronenglish-archive.github.io/ron-english-light-cult-2001-3000/items/lccc-2539.html","https://opensea.io/item/ethereum/0xbe85fbd182af91290be7293438ae67549638189f/2539","OK",""
"2540","2540","Light Cult Crypto Club #2540","RE-004350","2501-2600","D:\github\ron-english-nfts\light-cult-crypto-club\images\LCCC-2540.png","31097","images/2501-2600/LCCC-2540.png","LCCC-2540.png","D:\github\ron-english-light-cult-2001-3000\images\2501-2600\LCCC-2540.png","items/lccc-2540.html","https://ronenglish-archive.github.io/ron-english-light-cult-2001-3000/items/lccc-2540.html","https://opensea.io/item/ethereum/0xbe85fbd182af91290be7293438ae67549638189f/2540","OK",""
"2541","2541","Light Cult Crypto Club #2541","RE-004351","2501-2600","D:\github\ron-english-nfts\light-cult-crypto-club\images\LCCC-2541.png","32303","images/2501-2600/LCCC-2541.png","LCCC-2541.png","D:\github\ron-english-light-cult-2001-3000\images\2501-2600\LCCC-2541.png","items/lccc-2541.html","https://ronenglish-archive.github.io/ron-english-light-cult-2001-3000/items/lccc-2541.html","https://opensea.io/item/ethereum/0xbe85fbd182af91290be7293438ae67549638189f/2541","OK",""
"2542","2542","Light Cult Crypto Club #2542","RE-004352","2501-2600","D:\github\ron-english-nfts\light-cult-crypto-club\images\LCCC-2542.png","5660","images/2501-2600/LCCC-2542.png","LCCC-2542.png","D:\github\ron-english-light-cult-2001-3000\images\2501-2600\LCCC-2542.png","items/lccc-2542.html","https://ronenglish-archive.github.io/ron-english-light-cult-2001-3000/items/lccc-2542.html","https://opensea.io/item/ethereum/0xbe85fbd182af91290be7293438ae67549638189f/2542","OK",""
"2543","2543","Light Cult Crypto Club #2543","RE-004353","2501-2600","D:\github\ron-english-nfts\light-cult-crypto-club\images\LCCC-2543.png","30485","images/2501-2600/LCCC-2543.png","LCCC-2543.png","D:\github\ron-english-light-cult-2001-3000\images\2501-2600\LCCC-2543.png","items/lccc-2543.html","https://ronenglish-archive.github.io/ron-english-light-cult-2001-3000/items/lccc-2543.html","https://opensea.io/item/ethereum/0xbe85fbd182af91290be7293438ae67549638189f/2543","OK",""
"2544","2544","Light Cult Crypto Club #2544","RE-004354","2501-2600","D:\github\ron-english-nfts\light-cult-crypto-club\images\LCCC-2544.png","15093","images/2501-2600/LCCC-2544.png","LCCC-2544.png","D:\github\ron-english-light-cult-2001-3000\images\2501-2600\LCCC-2544.png","items/lccc-2544.html","https://ronenglish-archive.github.io/ron-english-light-cult-2001-3000/items/lccc-2544.html","https://opensea.io/item/ethereum/0xbe85fbd182af91290be7293438ae67549638189f/2544","OK",""
"2545","2545","Light Cult Crypto Club #2545","RE-004355","2501-2600","D:\github\ron-english-nfts\light-cult-crypto-club\images\LCCC-2545.png","12826","images/2501-2600/LCCC-2545.png","LCCC-2545.png","D:\github\ron-english-light-cult-2001-3000\images\2501-2600\LCCC-2545.png","items/lccc-2545.html","https://ronenglish-archive.github.io/ron-english-light-cult-2001-3000/items/lccc-2545.html","https://opensea.io/item/ethereum/0xbe85fbd182af91290be7293438ae67549638189f/2545","OK",""
"2546","2546","Light Cult Crypto Club #2546","RE-004356","2501-2600","","","","","","items/lccc-2546.html","https://ronenglish-archive.github.io/ron-english-light-cult-2001-3000/items/lccc-2546.html","https://opensea.io/item/ethereum/0xbe85fbd182af91290be7293438ae67549638189f/2546","MISSING SOURCE IMAGE","No source image found for token #2546"
"2547","2547","Light Cult Crypto Club #2547","RE-004357","2501-2600","D:\github\ron-english-nfts\light-cult-crypto-club\images\LCCC-2547.png","27800","images/2501-2600/LCCC-2547.png","LCCC-2547.png","D:\github\ron-english-light-cult-2001-3000\images\2501-2600\LCCC-2547.png","items/lccc-2547.html","https://ronenglish-archive.github.io/ron-english-light-cult-2001-3000/items/lccc-2547.html","https://opensea.io/item/ethereum/0xbe85fbd182af91290be7293438ae67549638189f/2547","OK",""
"2548","2548","Light Cult Crypto Club #2548","RE-004358","2501-2600","D:\github\ron-english-nfts\light-cult-crypto-club\images\LCCC-2548.png","16388","images/2501-2600/LCCC-2548.png","LCCC-2548.png","D:\github\ron-english-light-cult-2001-3000\images\2501-2600\LCCC-2548.png","items/lccc-2548.html","https://ronenglish-archive.github.io/ron-english-light-cult-2001-3000/items/lccc-2548.html","https://opensea.io/item/ethereum/0xbe85fbd182af91290be7293438ae67549638189f/2548","OK",""
"2549","2549","Light Cult Crypto Club #2549","RE-004359","2501-2600","D:\github\ron-english-nfts\light-cult-crypto-club\images\LCCC-2549.png","33797","images/2501-2600/LCCC-2549.png","LCCC-2549.png","D:\github\ron-english-light-cult-2001-3000\images\2501-2600\LCCC-2549.png","items/lccc-2549.html","https://ronenglish-archive.github.io/ron-english-light-cult-2001-3000/items/lccc-2549.html","https://opensea.io/item/ethereum/0xbe85fbd182af91290be7293438ae67549638189f/2549","OK",""
"2550","2550","Light Cult Crypto Club #2550","RE-004360","2501-2600","D:\github\ron-english-nfts\light-cult-crypto-club\images\LCCC-2550.png","12952","images/2501-2600/LCCC-2550.png","LCCC-2550.png","D:\github\ron-english-light-cult-2001-3000\images\2501-2600\LCCC-2550.png","items/lccc-2550.html","https://ronenglish-archive.github.io/ron-english-light-cult-2001-3000/items/lccc-2550.html","https://opensea.io/item/ethereum/0xbe85fbd182af91290be7293438ae67549638189f/2550","OK",""
"2551","2551","Light Cult Crypto Club #2551","RE-004361","2501-2600","D:\github\ron-english-nfts\light-cult-crypto-club\images\LCCC-2551.png","12303","images/2501-2600/LCCC-2551.png","LCCC-2551.png","D:\github\ron-english-light-cult-2001-3000\images\2501-2600\LCCC-2551.png","items/lccc-2551.html","https://ronenglish-archive.github.io/ron-english-light-cult-2001-3000/items/lccc-2551.html","https://opensea.io/item/ethereum/0xbe85fbd182af91290be7293438ae67549638189f/2551","OK",""
"2552","2552","Light Cult Crypto Club #2552","RE-004362","2501-2600","D:\github\ron-english-nfts\light-cult-crypto-club\images\LCCC-2552.png","28030","images/2501-2600/LCCC-2552.png","LCCC-2552.png","D:\github\ron-english-light-cult-2001-3000\images\2501-2600\LCCC-2552.png","items/lccc-2552.html","https://ronenglish-archive.github.io/ron-english-light-cult-2001-3000/items/lccc-2552.html","https://opensea.io/item/ethereum/0xbe85fbd182af91290be7293438ae67549638189f/2552","OK",""
"2553","2553","Light Cult Crypto Club #2553","RE-004363","2501-2600","D:\github\ron-english-nfts\light-cult-crypto-club\images\LCCC-2553.png","24498","images/2501-2600/LCCC-2553.png","LCCC-2553.png","D:\github\ron-english-light-cult-2001-3000\images\2501-2600\LCCC-2553.png","items/lccc-2553.html","https://ronenglish-archive.github.io/ron-english-light-cult-2001-3000/items/lccc-2553.html","https://opensea.io/item/ethereum/0xbe85fbd182af91290be7293438ae67549638189f/2553","OK",""
"2554","2554","Light Cult Crypto Club #2554","RE-004364","2501-2600","D:\github\ron-english-nfts\light-cult-crypto-club\images\LCCC-2554.png","10647","images/2501-2600/LCCC-2554.png","LCCC-2554.png","D:\github\ron-english-light-cult-2001-3000\images\2501-2600\LCCC-2554.png","items/lccc-2554.html","https://ronenglish-archive.github.io/ron-english-light-cult-2001-3000/items/lccc-2554.html","https://opensea.io/item/ethereum/0xbe85fbd182af91290be7293438ae67549638189f/2554","OK",""
"2555","2555","Light Cult Crypto Club #2555","RE-004365","2501-2600","D:\github\ron-english-nfts\light-cult-crypto-club\images\LCCC-2555.png","5870","images/2501-2600/LCCC-2555.png","LCCC-2555.png","D:\github\ron-english-light-cult-2001-3000\images\2501-2600\LCCC-2555.png","items/lccc-2555.html","https://ronenglish-archive.github.io/ron-english-light-cult-2001-3000/items/lccc-2555.html","https://opensea.io/item/ethereum/0xbe85fbd182af91290be7293438ae67549638189f/2555","OK",""
"2556","2556","Light Cult Crypto Club #2556","RE-004366","2501-2600","D:\github\ron-english-nfts\light-cult-crypto-club\images\LCCC-2556.png","14539","images/2501-2600/LCCC-2556.png","LCCC-2556.png","D:\github\ron-english-light-cult-2001-3000\images\2501-2600\LCCC-2556.png","items/lccc-2556.html","https://ronenglish-archive.github.io/ron-english-light-cult-2001-3000/items/lccc-2556.html","https://opensea.io/item/ethereum/0xbe85fbd182af91290be7293438ae67549638189f/2556","OK",""
"2557","2557","Light Cult Crypto Club #2557","RE-004367","2501-2600","D:\github\ron-english-nfts\light-cult-crypto-club\images\LCCC-2557.png","28178","images/2501-2600/LCCC-2557.png","LCCC-2557.png","D:\github\ron-english-light-cult-2001-3000\images\2501-2600\LCCC-2557.png","items/lccc-2557.html","https://ronenglish-archive.github.io/ron-english-light-cult-2001-3000/items/lccc-2557.html","https://opensea.io/item/ethereum/0xbe85fbd182af91290be7293438ae67549638189f/2557","OK",""
"2558","2558","Light Cult Crypto Club #2558","RE-004368","2501-2600","D:\github\ron-english-nfts\light-cult-crypto-club\images\LCCC-2558.png","9671","images/2501-2600/LCCC-2558.png","LCCC-2558.png","D:\github\ron-english-light-cult-2001-3000\images\2501-2600\LCCC-2558.png","items/lccc-2558.html","https://ronenglish-archive.github.io/ron-english-light-cult-2001-3000/items/lccc-2558.html","https://opensea.io/item/ethereum/0xbe85fbd182af91290be7293438ae67549638189f/2558","OK",""
"2559","2559","Light Cult Crypto Club #2559","RE-004369","2501-2600","D:\github\ron-english-nfts\light-cult-crypto-club\images\LCCC-2559.png","7733","images/2501-2600/LCCC-2559.png","LCCC-2559.png","D:\github\ron-english-light-cult-2001-3000\images\2501-2600\LCCC-2559.png","items/lccc-2559.html","https://ronenglish-archive.github.io/ron-english-light-cult-2001-3000/items/lccc-2559.html","https://opensea.io/item/ethereum/0xbe85fbd182af91290be7293438ae67549638189f/2559","OK",""
"2560","2560","Light Cult Crypto Club #2560","RE-004370","2501-2600","D:\github\ron-english-nfts\light-cult-crypto-club\images\LCCC-2560.png","32834","images/2501-2600/LCCC-2560.png","LCCC-2560.png","D:\github\ron-english-light-cult-2001-3000\images\2501-2600\LCCC-2560.png","items/lccc-2560.html","https://ronenglish-archive.github.io/ron-english-light-cult-2001-3000/items/lccc-2560.html","https://opensea.io/item/ethereum/0xbe85fbd182af91290be7293438ae67549638189f/2560","OK",""
"2561","2561","Light Cult Crypto Club #2561","RE-004371","2501-2600","","","","","","items/lccc-2561.html","https://ronenglish-archive.github.io/ron-english-light-cult-2001-3000/items/lccc-2561.html","https://opensea.io/item/ethereum/0xbe85fbd182af91290be7293438ae67549638189f/2561","MISSING SOURCE IMAGE","No source image found for token #2561"
"2562","2562","Light Cult Crypto Club #2562","RE-004372","2501-2600","D:\github\ron-english-nfts\light-cult-crypto-club\images\LCCC-2562.png","10107","images/2501-2600/LCCC-2562.png","LCCC-2562.png","D:\github\ron-english-light-cult-2001-3000\images\2501-2600\LCCC-2562.png","items/lccc-2562.html","https://ronenglish-archive.github.io/ron-english-light-cult-2001-3000/items/lccc-2562.html","https://opensea.io/item/ethereum/0xbe85fbd182af91290be7293438ae67549638189f/2562","OK",""
"2563","2563","Light Cult Crypto Club #2563","RE-004373","2501-2600","D:\github\ron-english-nfts\light-cult-crypto-club\images\LCCC-2563.png","27807","images/2501-2600/LCCC-2563.png","LCCC-2563.png","D:\github\ron-english-light-cult-2001-3000\images\2501-2600\LCCC-2563.png","items/lccc-2563.html","https://ronenglish-archive.github.io/ron-english-light-cult-2001-3000/items/lccc-2563.html","https://opensea.io/item/ethereum/0xbe85fbd182af91290be7293438ae67549638189f/2563","OK",""
"2564","2564","Light Cult Crypto Club #2564","RE-004374","2501-2600","","","","","","items/lccc-2564.html","https://ronenglish-archive.github.io/ron-english-light-cult-2001-3000/items/lccc-2564.html","https://opensea.io/item/ethereum/0xbe85fbd182af91290be7293438ae67549638189f/2564","MISSING SOURCE IMAGE","No source image found for token #2564"
"2565","2565","Light Cult Crypto Club #2565","RE-004375","2501-2600","D:\github\ron-english-nfts\light-cult-crypto-club\images\LCCC-2565.png","30378","images/2501-2600/LCCC-2565.png","LCCC-2565.png","D:\github\ron-english-light-cult-2001-3000\images\2501-2600\LCCC-2565.png","items/lccc-2565.html","https://ronenglish-archive.github.io/ron-english-light-cult-2001-3000/items/lccc-2565.html","https://opensea.io/item/ethereum/0xbe85fbd182af91290be7293438ae67549638189f/2565","OK",""
"2566","2566","Light Cult Crypto Club #2566","RE-004376","2501-2600","D:\github\ron-english-nfts\light-cult-crypto-club\images\LCCC-2566.png","19268","images/2501-2600/LCCC-2566.png","LCCC-2566.png","D:\github\ron-english-light-cult-2001-3000\images\2501-2600\LCCC-2566.png","items/lccc-2566.html","https://ronenglish-archive.github.io/ron-english-light-cult-2001-3000/items/lccc-2566.html","https://opensea.io/item/ethereum/0xbe85fbd182af91290be7293438ae67549638189f/2566","OK",""
"2567","2567","Light Cult Crypto Club #2567","RE-004377","2501-2600","","","","","","items/lccc-2567.html","https://ronenglish-archive.github.io/ron-english-light-cult-2001-3000/items/lccc-2567.html","https://opensea.io/item/ethereum/0xbe85fbd182af91290be7293438ae67549638189f/2567","MISSING SOURCE IMAGE","No source image found for token #2567"
"2568","2568","Light Cult Crypto Club #2568","RE-004378","2501-2600","D:\github\ron-english-nfts\light-cult-crypto-club\images\LCCC-2568.png","30622","images/2501-2600/LCCC-2568.png","LCCC-2568.png","D:\github\ron-english-light-cult-2001-3000\images\2501-2600\LCCC-2568.png","items/lccc-2568.html","https://ronenglish-archive.github.io/ron-english-light-cult-2001-3000/items/lccc-2568.html","https://opensea.io/item/ethereum/0xbe85fbd182af91290be7293438ae67549638189f/2568","OK",""
"2569","2569","Light Cult Crypto Club #2569","RE-004379","2501-2600","D:\github\ron-english-nfts\light-cult-crypto-club\images\LCCC-2569.png","45677","images/2501-2600/LCCC-2569.png","LCCC-2569.png","D:\github\ron-english-light-cult-2001-3000\images\2501-2600\LCCC-2569.png","items/lccc-2569.html","https://ronenglish-archive.github.io/ron-english-light-cult-2001-3000/items/lccc-2569.html","https://opensea.io/item/ethereum/0xbe85fbd182af91290be7293438ae67549638189f/2569","OK",""
"2570","2570","Light Cult Crypto Club #2570","RE-004380","2501-2600","D:\github\ron-english-nfts\light-cult-crypto-club\images\LCCC-2570.png","21698","images/2501-2600/LCCC-2570.png","LCCC-2570.png","D:\github\ron-english-light-cult-2001-3000\images\2501-2600\LCCC-2570.png","items/lccc-2570.html","https://ronenglish-archive.github.io/ron-english-light-cult-2001-3000/items/lccc-2570.html","https://opensea.io/item/ethereum/0xbe85fbd182af91290be7293438ae67549638189f/2570","OK",""
"2571","2571","Light Cult Crypto Club #2571","RE-004381","2501-2600","D:\github\ron-english-nfts\light-cult-crypto-club\images\LCCC-2571.png","18999","images/2501-2600/LCCC-2571.png","LCCC-2571.png","D:\github\ron-english-light-cult-2001-3000\images\2501-2600\LCCC-2571.png","items/lccc-2571.html","https://ronenglish-archive.github.io/ron-english-light-cult-2001-3000/items/lccc-2571.html","https://opensea.io/item/ethereum/0xbe85fbd182af91290be7293438ae67549638189f/2571","OK",""
"2572","2572","Light Cult Crypto Club #2572","RE-004382","2501-2600","D:\github\ron-english-nfts\light-cult-crypto-club\images\LCCC-2572.png","10503","images/2501-2600/LCCC-2572.png","LCCC-2572.png","D:\github\ron-english-light-cult-2001-3000\images\2501-2600\LCCC-2572.png","items/lccc-2572.html","https://ronenglish-archive.github.io/ron-english-light-cult-2001-3000/items/lccc-2572.html","https://opensea.io/item/ethereum/0xbe85fbd182af91290be7293438ae67549638189f/2572","OK",""
"2573","2573","Light Cult Crypto Club #2573","RE-004383","2501-2600","D:\github\ron-english-nfts\light-cult-crypto-club\images\LCCC-2573.png","13517","images/2501-2600/LCCC-2573.png","LCCC-2573.png","D:\github\ron-english-light-cult-2001-3000\images\2501-2600\LCCC-2573.png","items/lccc-2573.html","https://ronenglish-archive.github.io/ron-english-light-cult-2001-3000/items/lccc-2573.html","https://opensea.io/item/ethereum/0xbe85fbd182af91290be7293438ae67549638189f/2573","OK",""
"2574","2574","Light Cult Crypto Club #2574","RE-004384","2501-2600","D:\github\ron-english-nfts\light-cult-crypto-club\images\LCCC-2574.png","11156","images/2501-2600/LCCC-2574.png","LCCC-2574.png","D:\github\ron-english-light-cult-2001-3000\images\2501-2600\LCCC-2574.png","items/lccc-2574.html","https://ronenglish-archive.github.io/ron-english-light-cult-2001-3000/items/lccc-2574.html","https://opensea.io/item/ethereum/0xbe85fbd182af91290be7293438ae67549638189f/2574","OK",""
"2575","2575","Light Cult Crypto Club #2575","RE-004385","2501-2600","D:\github\ron-english-nfts\light-cult-crypto-club\images\LCCC-2575.png","29897","images/2501-2600/LCCC-2575.png","LCCC-2575.png","D:\github\ron-english-light-cult-2001-3000\images\2501-2600\LCCC-2575.png","items/lccc-2575.html","https://ronenglish-archive.github.io/ron-english-light-cult-2001-3000/items/lccc-2575.html","https://opensea.io/item/ethereum/0xbe85fbd182af91290be7293438ae67549638189f/2575","OK",""
"2576","2576","Light Cult Crypto Club #2576","RE-004386","2501-2600","","","","","","items/lccc-2576.html","https://ronenglish-archive.github.io/ron-english-light-cult-2001-3000/items/lccc-2576.html","https://opensea.io/item/ethereum/0xbe85fbd182af91290be7293438ae67549638189f/2576","MISSING SOURCE IMAGE","No source image found for token #2576"
"2577","2577","Light Cult Crypto Club #2577","RE-004387","2501-2600","D:\github\ron-english-nfts\light-cult-crypto-club\images\LCCC-2577.png","21104","images/2501-2600/LCCC-2577.png","LCCC-2577.png","D:\github\ron-english-light-cult-2001-3000\images\2501-2600\LCCC-2577.png","items/lccc-2577.html","https://ronenglish-archive.github.io/ron-english-light-cult-2001-3000/items/lccc-2577.html","https://opensea.io/item/ethereum/0xbe85fbd182af91290be7293438ae67549638189f/2577","OK",""
"2578","2578","Light Cult Crypto Club #2578","RE-004388","2501-2600","D:\github\ron-english-nfts\light-cult-crypto-club\images\LCCC-2578.png","34045","images/2501-2600/LCCC-2578.png","LCCC-2578.png","D:\github\ron-english-light-cult-2001-3000\images\2501-2600\LCCC-2578.png","items/lccc-2578.html","https://ronenglish-archive.github.io/ron-english-light-cult-2001-3000/items/lccc-2578.html","https://opensea.io/item/ethereum/0xbe85fbd182af91290be7293438ae67549638189f/2578","OK",""
"2579","2579","Light Cult Crypto Club #2579","RE-004389","2501-2600","D:\github\ron-english-nfts\light-cult-crypto-club\images\LCCC-2579.png","14316","images/2501-2600/LCCC-2579.png","LCCC-2579.png","D:\github\ron-english-light-cult-2001-3000\images\2501-2600\LCCC-2579.png","items/lccc-2579.html","https://ronenglish-archive.github.io/ron-english-light-cult-2001-3000/items/lccc-2579.html","https://opensea.io/item/ethereum/0xbe85fbd182af91290be7293438ae67549638189f/2579","OK",""
"2580","2580","Light Cult Crypto Club #2580","RE-004390","2501-2600","D:\github\ron-english-nfts\light-cult-crypto-club\images\LCCC-2580.png","36154","images/2501-2600/LCCC-2580.png","LCCC-2580.png","D:\github\ron-english-light-cult-2001-3000\images\2501-2600\LCCC-2580.png","items/lccc-2580.html","https://ronenglish-archive.github.io/ron-english-light-cult-2001-3000/items/lccc-2580.html","https://opensea.io/item/ethereum/0xbe85fbd182af91290be7293438ae67549638189f/2580","OK",""
"2581","2581","Light Cult Crypto Club #2581","RE-004391","2501-2600","D:\github\ron-english-nfts\light-cult-crypto-club\images\LCCC-2581.png","26117","images/2501-2600/LCCC-2581.png","LCCC-2581.png","D:\github\ron-english-light-cult-2001-3000\images\2501-2600\LCCC-2581.png","items/lccc-2581.html","https://ronenglish-archive.github.io/ron-english-light-cult-2001-3000/items/lccc-2581.html","https://opensea.io/item/ethereum/0xbe85fbd182af91290be7293438ae67549638189f/2581","OK",""
"2582","2582","Light Cult Crypto Club #2582","RE-004392","2501-2600","D:\github\ron-english-nfts\light-cult-crypto-club\images\LCCC-2582.png","26439","images/2501-2600/LCCC-2582.png","LCCC-2582.png","D:\github\ron-english-light-cult-2001-3000\images\2501-2600\LCCC-2582.png","items/lccc-2582.html","https://ronenglish-archive.github.io/ron-english-light-cult-2001-3000/items/lccc-2582.html","https://opensea.io/item/ethereum/0xbe85fbd182af91290be7293438ae67549638189f/2582","OK",""
"2583","2583","Light Cult Crypto Club #2583","RE-004393","2501-2600","D:\github\ron-english-nfts\light-cult-crypto-club\images\LCCC-2583.png","9580","images/2501-2600/LCCC-2583.png","LCCC-2583.png","D:\github\ron-english-light-cult-2001-3000\images\2501-2600\LCCC-2583.png","items/lccc-2583.html","https://ronenglish-archive.github.io/ron-english-light-cult-2001-3000/items/lccc-2583.html","https://opensea.io/item/ethereum/0xbe85fbd182af91290be7293438ae67549638189f/2583","OK",""
"2584","2584","Light Cult Crypto Club #2584","RE-004394","2501-2600","D:\github\ron-english-nfts\light-cult-crypto-club\images\LCCC-2584.png","7777","images/2501-2600/LCCC-2584.png","LCCC-2584.png","D:\github\ron-english-light-cult-2001-3000\images\2501-2600\LCCC-2584.png","items/lccc-2584.html","https://ronenglish-archive.github.io/ron-english-light-cult-2001-3000/items/lccc-2584.html","https://opensea.io/item/ethereum/0xbe85fbd182af91290be7293438ae67549638189f/2584","OK",""
"2585","2585","Light Cult Crypto Club #2585","RE-004395","2501-2600","D:\github\ron-english-nfts\light-cult-crypto-club\images\LCCC-2585.png","28642","images/2501-2600/LCCC-2585.png","LCCC-2585.png","D:\github\ron-english-light-cult-2001-3000\images\2501-2600\LCCC-2585.png","items/lccc-2585.html","https://ronenglish-archive.github.io/ron-english-light-cult-2001-3000/items/lccc-2585.html","https://opensea.io/item/ethereum/0xbe85fbd182af91290be7293438ae67549638189f/2585","OK",""
"2586","2586","Light Cult Crypto Club #2586","RE-004396","2501-2600","D:\github\ron-english-nfts\light-cult-crypto-club\images\LCCC-2586.png","14681","images/2501-2600/LCCC-2586.png","LCCC-2586.png","D:\github\ron-english-light-cult-2001-3000\images\2501-2600\LCCC-2586.png","items/lccc-2586.html","https://ronenglish-archive.github.io/ron-english-light-cult-2001-3000/items/lccc-2586.html","https://opensea.io/item/ethereum/0xbe85fbd182af91290be7293438ae67549638189f/2586","OK",""
"2587","2587","Light Cult Crypto Club #2587","RE-004397","2501-2600","D:\github\ron-english-nfts\light-cult-crypto-club\images\LCCC-2587.png","18350","images/2501-2600/LCCC-2587.png","LCCC-2587.png","D:\github\ron-english-light-cult-2001-3000\images\2501-2600\LCCC-2587.png","items/lccc-2587.html","https://ronenglish-archive.github.io/ron-english-light-cult-2001-3000/items/lccc-2587.html","https://opensea.io/item/ethereum/0xbe85fbd182af91290be7293438ae67549638189f/2587","OK",""
"2588","2588","Light Cult Crypto Club #2588","RE-004398","2501-2600","D:\github\ron-english-nfts\light-cult-crypto-club\images\LCCC-2588.png","32069","images/2501-2600/LCCC-2588.png","LCCC-2588.png","D:\github\ron-english-light-cult-2001-3000\images\2501-2600\LCCC-2588.png","items/lccc-2588.html","https://ronenglish-archive.github.io/ron-english-light-cult-2001-3000/items/lccc-2588.html","https://opensea.io/item/ethereum/0xbe85fbd182af91290be7293438ae67549638189f/2588","OK",""
"2589","2589","Light Cult Crypto Club #2589","RE-004399","2501-2600","D:\github\ron-english-nfts\light-cult-crypto-club\images\LCCC-2589.png","9181","images/2501-2600/LCCC-2589.png","LCCC-2589.png","D:\github\ron-english-light-cult-2001-3000\images\2501-2600\LCCC-2589.png","items/lccc-2589.html","https://ronenglish-archive.github.io/ron-english-light-cult-2001-3000/items/lccc-2589.html","https://opensea.io/item/ethereum/0xbe85fbd182af91290be7293438ae67549638189f/2589","OK",""
"2590","2590","Light Cult Crypto Club #2590","RE-004400","2501-2600","D:\github\ron-english-nfts\light-cult-crypto-club\images\LCCC-2590.png","21080","images/2501-2600/LCCC-2590.png","LCCC-2590.png","D:\github\ron-english-light-cult-2001-3000\images\2501-2600\LCCC-2590.png","items/lccc-2590.html","https://ronenglish-archive.github.io/ron-english-light-cult-2001-3000/items/lccc-2590.html","https://opensea.io/item/ethereum/0xbe85fbd182af91290be7293438ae67549638189f/2590","OK",""
"2591","2591","Light Cult Crypto Club #2591","RE-004401","2501-2600","D:\github\ron-english-nfts\light-cult-crypto-club\images\LCCC-2591.png","28469","images/2501-2600/LCCC-2591.png","LCCC-2591.png","D:\github\ron-english-light-cult-2001-3000\images\2501-2600\LCCC-2591.png","items/lccc-2591.html","https://ronenglish-archive.github.io/ron-english-light-cult-2001-3000/items/lccc-2591.html","https://opensea.io/item/ethereum/0xbe85fbd182af91290be7293438ae67549638189f/2591","OK",""
"2592","2592","Light Cult Crypto Club #2592","RE-004402","2501-2600","D:\github\ron-english-nfts\light-cult-crypto-club\images\LCCC-2592.png","22008","images/2501-2600/LCCC-2592.png","LCCC-2592.png","D:\github\ron-english-light-cult-2001-3000\images\2501-2600\LCCC-2592.png","items/lccc-2592.html","https://ronenglish-archive.github.io/ron-english-light-cult-2001-3000/items/lccc-2592.html","https://opensea.io/item/ethereum/0xbe85fbd182af91290be7293438ae67549638189f/2592","OK",""
"2593","2593","Light Cult Crypto Club #2593","RE-004403","2501-2600","D:\github\ron-english-nfts\light-cult-crypto-club\images\LCCC-2593.png","16826","images/2501-2600/LCCC-2593.png","LCCC-2593.png","D:\github\ron-english-light-cult-2001-3000\images\2501-2600\LCCC-2593.png","items/lccc-2593.html","https://ronenglish-archive.github.io/ron-english-light-cult-2001-3000/items/lccc-2593.html","https://opensea.io/item/ethereum/0xbe85fbd182af91290be7293438ae67549638189f/2593","OK",""
"2594","2594","Light Cult Crypto Club #2594","RE-004404","2501-2600","D:\github\ron-english-nfts\light-cult-crypto-club\images\LCCC-2594.png","32364","images/2501-2600/LCCC-2594.png","LCCC-2594.png","D:\github\ron-english-light-cult-2001-3000\images\2501-2600\LCCC-2594.png","items/lccc-2594.html","https://ronenglish-archive.github.io/ron-english-light-cult-2001-3000/items/lccc-2594.html","https://opensea.io/item/ethereum/0xbe85fbd182af91290be7293438ae67549638189f/2594","OK",""
"2595","2595","Light Cult Crypto Club #2595","RE-004405","2501-2600","D:\github\ron-english-nfts\light-cult-crypto-club\images\LCCC-2595.png","25143","images/2501-2600/LCCC-2595.png","LCCC-2595.png","D:\github\ron-english-light-cult-2001-3000\images\2501-2600\LCCC-2595.png","items/lccc-2595.html","https://ronenglish-archive.github.io/ron-english-light-cult-2001-3000/items/lccc-2595.html","https://opensea.io/item/ethereum/0xbe85fbd182af91290be7293438ae67549638189f/2595","OK",""
"2596","2596","Light Cult Crypto Club #2596","RE-004406","2501-2600","D:\github\ron-english-nfts\light-cult-crypto-club\images\LCCC-2596.png","6976","images/2501-2600/LCCC-2596.png","LCCC-2596.png","D:\github\ron-english-light-cult-2001-3000\images\2501-2600\LCCC-2596.png","items/lccc-2596.html","https://ronenglish-archive.github.io/ron-english-light-cult-2001-3000/items/lccc-2596.html","https://opensea.io/item/ethereum/0xbe85fbd182af91290be7293438ae67549638189f/2596","OK",""
"2597","2597","Light Cult Crypto Club #2597","RE-004407","2501-2600","D:\github\ron-english-nfts\light-cult-crypto-club\images\LCCC-2597.png","18825","images/2501-2600/LCCC-2597.png","LCCC-2597.png","D:\github\ron-english-light-cult-2001-3000\images\2501-2600\LCCC-2597.png","items/lccc-2597.html","https://ronenglish-archive.github.io/ron-english-light-cult-2001-3000/items/lccc-2597.html","https://opensea.io/item/ethereum/0xbe85fbd182af91290be7293438ae67549638189f/2597","OK",""
"2598","2598","Light Cult Crypto Club #2598","RE-004408","2501-2600","D:\github\ron-english-nfts\light-cult-crypto-club\images\LCCC-2598.png","9111","images/2501-2600/LCCC-2598.png","LCCC-2598.png","D:\github\ron-english-light-cult-2001-3000\images\2501-2600\LCCC-2598.png","items/lccc-2598.html","https://ronenglish-archive.github.io/ron-english-light-cult-2001-3000/items/lccc-2598.html","https://opensea.io/item/ethereum/0xbe85fbd182af91290be7293438ae67549638189f/2598","OK",""
"2599","2599","Light Cult Crypto Club #2599","RE-004409","2501-2600","D:\github\ron-english-nfts\light-cult-crypto-club\images\LCCC-2599.png","13134","images/2501-2600/LCCC-2599.png","LCCC-2599.png","D:\github\ron-english-light-cult-2001-3000\images\2501-2600\LCCC-2599.png","items/lccc-2599.html","https://ronenglish-archive.github.io/ron-english-light-cult-2001-3000/items/lccc-2599.html","https://opensea.io/item/ethereum/0xbe85fbd182af91290be7293438ae67549638189f/2599","OK",""
"2600","2600","Light Cult Crypto Club #2600","RE-004410","2501-2600","D:\github\ron-english-nfts\light-cult-crypto-club\images\LCCC-2600.png","32127","images/2501-2600/LCCC-2600.png","LCCC-2600.png","D:\github\ron-english-light-cult-2001-3000\images\2501-2600\LCCC-2600.png","items/lccc-2600.html","https://ronenglish-archive.github.io/ron-english-light-cult-2001-3000/items/lccc-2600.html","https://opensea.io/item/ethereum/0xbe85fbd182af91290be7293438ae67549638189f/2600","OK",""
"2601","2601","Light Cult Crypto Club #2601","RE-004411","2601-2700","D:\github\ron-english-nfts\light-cult-crypto-club\images\LCCC-2601.png","23222","images/2601-2700/LCCC-2601.png","LCCC-2601.png","D:\github\ron-english-light-cult-2001-3000\images\2601-2700\LCCC-2601.png","items/lccc-2601.html","https://ronenglish-archive.github.io/ron-english-light-cult-2001-3000/items/lccc-2601.html","https://opensea.io/item/ethereum/0xbe85fbd182af91290be7293438ae67549638189f/2601","OK",""
"2602","2602","Light Cult Crypto Club #2602","RE-004412","2601-2700","D:\github\ron-english-nfts\light-cult-crypto-club\images\LCCC-2602.png","25045","images/2601-2700/LCCC-2602.png","LCCC-2602.png","D:\github\ron-english-light-cult-2001-3000\images\2601-2700\LCCC-2602.png","items/lccc-2602.html","https://ronenglish-archive.github.io/ron-english-light-cult-2001-3000/items/lccc-2602.html","https://opensea.io/item/ethereum/0xbe85fbd182af91290be7293438ae67549638189f/2602","OK",""
"2603","2603","Light Cult Crypto Club #2603","RE-004413","2601-2700","","","","","","items/lccc-2603.html","https://ronenglish-archive.github.io/ron-english-light-cult-2001-3000/items/lccc-2603.html","https://opensea.io/item/ethereum/0xbe85fbd182af91290be7293438ae67549638189f/2603","MISSING SOURCE IMAGE","No source image found for token #2603"
"2604","2604","Light Cult Crypto Club #2604","RE-004414","2601-2700","D:\github\ron-english-nfts\light-cult-crypto-club\images\LCCC-2604.png","6799","images/2601-2700/LCCC-2604.png","LCCC-2604.png","D:\github\ron-english-light-cult-2001-3000\images\2601-2700\LCCC-2604.png","items/lccc-2604.html","https://ronenglish-archive.github.io/ron-english-light-cult-2001-3000/items/lccc-2604.html","https://opensea.io/item/ethereum/0xbe85fbd182af91290be7293438ae67549638189f/2604","OK",""
"2605","2605","Light Cult Crypto Club #2605","RE-004415","2601-2700","D:\github\ron-english-nfts\light-cult-crypto-club\images\LCCC-2605.png","28603","images/2601-2700/LCCC-2605.png","LCCC-2605.png","D:\github\ron-english-light-cult-2001-3000\images\2601-2700\LCCC-2605.png","items/lccc-2605.html","https://ronenglish-archive.github.io/ron-english-light-cult-2001-3000/items/lccc-2605.html","https://opensea.io/item/ethereum/0xbe85fbd182af91290be7293438ae67549638189f/2605","OK",""
"2606","2606","Light Cult Crypto Club #2606","RE-004416","2601-2700","D:\github\ron-english-nfts\light-cult-crypto-club\images\LCCC-2606.png","13194","images/2601-2700/LCCC-2606.png","LCCC-2606.png","D:\github\ron-english-light-cult-2001-3000\images\2601-2700\LCCC-2606.png","items/lccc-2606.html","https://ronenglish-archive.github.io/ron-english-light-cult-2001-3000/items/lccc-2606.html","https://opensea.io/item/ethereum/0xbe85fbd182af91290be7293438ae67549638189f/2606","OK",""
"2607","2607","Light Cult Crypto Club #2607","RE-004417","2601-2700","D:\github\ron-english-nfts\light-cult-crypto-club\images\LCCC-2607.png","20289","images/2601-2700/LCCC-2607.png","LCCC-2607.png","D:\github\ron-english-light-cult-2001-3000\images\2601-2700\LCCC-2607.png","items/lccc-2607.html","https://ronenglish-archive.github.io/ron-english-light-cult-2001-3000/items/lccc-2607.html","https://opensea.io/item/ethereum/0xbe85fbd182af91290be7293438ae67549638189f/2607","OK",""
"2608","2608","Light Cult Crypto Club #2608","RE-004418","2601-2700","D:\github\ron-english-nfts\light-cult-crypto-club\images\LCCC-2608.png","5860","images/2601-2700/LCCC-2608.png","LCCC-2608.png","D:\github\ron-english-light-cult-2001-3000\images\2601-2700\LCCC-2608.png","items/lccc-2608.html","https://ronenglish-archive.github.io/ron-english-light-cult-2001-3000/items/lccc-2608.html","https://opensea.io/item/ethereum/0xbe85fbd182af91290be7293438ae67549638189f/2608","OK",""
"2609","2609","Light Cult Crypto Club #2609","RE-004419","2601-2700","D:\github\ron-english-nfts\light-cult-crypto-club\images\LCCC-2609.png","32833","images/2601-2700/LCCC-2609.png","LCCC-2609.png","D:\github\ron-english-light-cult-2001-3000\images\2601-2700\LCCC-2609.png","items/lccc-2609.html","https://ronenglish-archive.github.io/ron-english-light-cult-2001-3000/items/lccc-2609.html","https://opensea.io/item/ethereum/0xbe85fbd182af91290be7293438ae67549638189f/2609","OK",""
"2610","2610","Light Cult Crypto Club #2610","RE-004420","2601-2700","D:\github\ron-english-nfts\light-cult-crypto-club\images\LCCC-2610.png","17301","images/2601-2700/LCCC-2610.png","LCCC-2610.png","D:\github\ron-english-light-cult-2001-3000\images\2601-2700\LCCC-2610.png","items/lccc-2610.html","https://ronenglish-archive.github.io/ron-english-light-cult-2001-3000/items/lccc-2610.html","https://opensea.io/item/ethereum/0xbe85fbd182af91290be7293438ae67549638189f/2610","OK",""
"2611","2611","Light Cult Crypto Club #2611","RE-004421","2601-2700","D:\github\ron-english-nfts\light-cult-crypto-club\images\LCCC-2611.png","32014","images/2601-2700/LCCC-2611.png","LCCC-2611.png","D:\github\ron-english-light-cult-2001-3000\images\2601-2700\LCCC-2611.png","items/lccc-2611.html","https://ronenglish-archive.github.io/ron-english-light-cult-2001-3000/items/lccc-2611.html","https://opensea.io/item/ethereum/0xbe85fbd182af91290be7293438ae67549638189f/2611","OK",""
"2612","2612","Light Cult Crypto Club #2612","RE-004422","2601-2700","D:\github\ron-english-nfts\light-cult-crypto-club\images\LCCC-2612.png","22456","images/2601-2700/LCCC-2612.png","LCCC-2612.png","D:\github\ron-english-light-cult-2001-3000\images\2601-2700\LCCC-2612.png","items/lccc-2612.html","https://ronenglish-archive.github.io/ron-english-light-cult-2001-3000/items/lccc-2612.html","https://opensea.io/item/ethereum/0xbe85fbd182af91290be7293438ae67549638189f/2612","OK",""
"2613","2613","Light Cult Crypto Club #2613","RE-004423","2601-2700","D:\github\ron-english-nfts\light-cult-crypto-club\images\LCCC-2613.png","16304","images/2601-2700/LCCC-2613.png","LCCC-2613.png","D:\github\ron-english-light-cult-2001-3000\images\2601-2700\LCCC-2613.png","items/lccc-2613.html","https://ronenglish-archive.github.io/ron-english-light-cult-2001-3000/items/lccc-2613.html","https://opensea.io/item/ethereum/0xbe85fbd182af91290be7293438ae67549638189f/2613","OK",""
"2614","2614","Light Cult Crypto Club #2614","RE-004424","2601-2700","D:\github\ron-english-nfts\light-cult-crypto-club\images\LCCC-2614.png","4818","images/2601-2700/LCCC-2614.png","LCCC-2614.png","D:\github\ron-english-light-cult-2001-3000\images\2601-2700\LCCC-2614.png","items/lccc-2614.html","https://ronenglish-archive.github.io/ron-english-light-cult-2001-3000/items/lccc-2614.html","https://opensea.io/item/ethereum/0xbe85fbd182af91290be7293438ae67549638189f/2614","OK",""
"2615","2615","Light Cult Crypto Club #2615","RE-004425","2601-2700","D:\github\ron-english-nfts\light-cult-crypto-club\images\LCCC-2615.png","17962","images/2601-2700/LCCC-2615.png","LCCC-2615.png","D:\github\ron-english-light-cult-2001-3000\images\2601-2700\LCCC-2615.png","items/lccc-2615.html","https://ronenglish-archive.github.io/ron-english-light-cult-2001-3000/items/lccc-2615.html","https://opensea.io/item/ethereum/0xbe85fbd182af91290be7293438ae67549638189f/2615","OK",""
"2616","2616","Light Cult Crypto Club #2616","RE-004426","2601-2700","D:\github\ron-english-nfts\light-cult-crypto-club\images\LCCC-2616.png","11383","images/2601-2700/LCCC-2616.png","LCCC-2616.png","D:\github\ron-english-light-cult-2001-3000\images\2601-2700\LCCC-2616.png","items/lccc-2616.html","https://ronenglish-archive.github.io/ron-english-light-cult-2001-3000/items/lccc-2616.html","https://opensea.io/item/ethereum/0xbe85fbd182af91290be7293438ae67549638189f/2616","OK",""
"2617","2617","Light Cult Crypto Club #2617","RE-004427","2601-2700","D:\github\ron-english-nfts\light-cult-crypto-club\images\LCCC-2617.png","33537","images/2601-2700/LCCC-2617.png","LCCC-2617.png","D:\github\ron-english-light-cult-2001-3000\images\2601-2700\LCCC-2617.png","items/lccc-2617.html","https://ronenglish-archive.github.io/ron-english-light-cult-2001-3000/items/lccc-2617.html","https://opensea.io/item/ethereum/0xbe85fbd182af91290be7293438ae67549638189f/2617","OK",""
"2618","2618","Light Cult Crypto Club #2618","RE-004428","2601-2700","D:\github\ron-english-nfts\light-cult-crypto-club\images\LCCC-2618.png","16617","images/2601-2700/LCCC-2618.png","LCCC-2618.png","D:\github\ron-english-light-cult-2001-3000\images\2601-2700\LCCC-2618.png","items/lccc-2618.html","https://ronenglish-archive.github.io/ron-english-light-cult-2001-3000/items/lccc-2618.html","https://opensea.io/item/ethereum/0xbe85fbd182af91290be7293438ae67549638189f/2618","OK",""
"2619","2619","Light Cult Crypto Club #2619","RE-004429","2601-2700","D:\github\ron-english-nfts\light-cult-crypto-club\images\LCCC-2619.png","32606","images/2601-2700/LCCC-2619.png","LCCC-2619.png","D:\github\ron-english-light-cult-2001-3000\images\2601-2700\LCCC-2619.png","items/lccc-2619.html","https://ronenglish-archive.github.io/ron-english-light-cult-2001-3000/items/lccc-2619.html","https://opensea.io/item/ethereum/0xbe85fbd182af91290be7293438ae67549638189f/2619","OK",""
"2620","2620","Light Cult Crypto Club #2620","RE-004430","2601-2700","D:\github\ron-english-nfts\light-cult-crypto-club\images\LCCC-2620.png","30863","images/2601-2700/LCCC-2620.png","LCCC-2620.png","D:\github\ron-english-light-cult-2001-3000\images\2601-2700\LCCC-2620.png","items/lccc-2620.html","https://ronenglish-archive.github.io/ron-english-light-cult-2001-3000/items/lccc-2620.html","https://opensea.io/item/ethereum/0xbe85fbd182af91290be7293438ae67549638189f/2620","OK",""
"2621","2621","Light Cult Crypto Club #2621","RE-004431","2601-2700","D:\github\ron-english-nfts\light-cult-crypto-club\images\LCCC-2621.png","23242","images/2601-2700/LCCC-2621.png","LCCC-2621.png","D:\github\ron-english-light-cult-2001-3000\images\2601-2700\LCCC-2621.png","items/lccc-2621.html","https://ronenglish-archive.github.io/ron-english-light-cult-2001-3000/items/lccc-2621.html","https://opensea.io/item/ethereum/0xbe85fbd182af91290be7293438ae67549638189f/2621","OK",""
"2622","2622","Light Cult Crypto Club #2622","RE-004432","2601-2700","","","","","","items/lccc-2622.html","https://ronenglish-archive.github.io/ron-english-light-cult-2001-3000/items/lccc-2622.html","https://opensea.io/item/ethereum/0xbe85fbd182af91290be7293438ae67549638189f/2622","MISSING SOURCE IMAGE","No source image found for token #2622"
"2623","2623","Light Cult Crypto Club #2623","RE-004433","2601-2700","D:\github\ron-english-nfts\light-cult-crypto-club\images\LCCC-2623.png","25879","images/2601-2700/LCCC-2623.png","LCCC-2623.png","D:\github\ron-english-light-cult-2001-3000\images\2601-2700\LCCC-2623.png","items/lccc-2623.html","https://ronenglish-archive.github.io/ron-english-light-cult-2001-3000/items/lccc-2623.html","https://opensea.io/item/ethereum/0xbe85fbd182af91290be7293438ae67549638189f/2623","OK",""
"2624","2624","Light Cult Crypto Club #2624","RE-004434","2601-2700","","","","","","items/lccc-2624.html","https://ronenglish-archive.github.io/ron-english-light-cult-2001-3000/items/lccc-2624.html","https://opensea.io/item/ethereum/0xbe85fbd182af91290be7293438ae67549638189f/2624","MISSING SOURCE IMAGE","No source image found for token #2624"
"2625","2625","Light Cult Crypto Club #2625","RE-004435","2601-2700","D:\github\ron-english-nfts\light-cult-crypto-club\images\LCCC-2625.png","9724","images/2601-2700/LCCC-2625.png","LCCC-2625.png","D:\github\ron-english-light-cult-2001-3000\images\2601-2700\LCCC-2625.png","items/lccc-2625.html","https://ronenglish-archive.github.io/ron-english-light-cult-2001-3000/items/lccc-2625.html","https://opensea.io/item/ethereum/0xbe85fbd182af91290be7293438ae67549638189f/2625","OK",""
"2626","2626","Light Cult Crypto Club #2626","RE-004436","2601-2700","D:\github\ron-english-nfts\light-cult-crypto-club\images\LCCC-2626.png","27176","images/2601-2700/LCCC-2626.png","LCCC-2626.png","D:\github\ron-english-light-cult-2001-3000\images\2601-2700\LCCC-2626.png","items/lccc-2626.html","https://ronenglish-archive.github.io/ron-english-light-cult-2001-3000/items/lccc-2626.html","https://opensea.io/item/ethereum/0xbe85fbd182af91290be7293438ae67549638189f/2626","OK",""
"2627","2627","Light Cult Crypto Club #2627","RE-004437","2601-2700","D:\github\ron-english-nfts\light-cult-crypto-club\images\LCCC-2627.png","15194","images/2601-2700/LCCC-2627.png","LCCC-2627.png","D:\github\ron-english-light-cult-2001-3000\images\2601-2700\LCCC-2627.png","items/lccc-2627.html","https://ronenglish-archive.github.io/ron-english-light-cult-2001-3000/items/lccc-2627.html","https://opensea.io/item/ethereum/0xbe85fbd182af91290be7293438ae67549638189f/2627","OK",""
"2628","2628","Light Cult Crypto Club #2628","RE-004438","2601-2700","D:\github\ron-english-nfts\light-cult-crypto-club\images\LCCC-2628.png","15894","images/2601-2700/LCCC-2628.png","LCCC-2628.png","D:\github\ron-english-light-cult-2001-3000\images\2601-2700\LCCC-2628.png","items/lccc-2628.html","https://ronenglish-archive.github.io/ron-english-light-cult-2001-3000/items/lccc-2628.html","https://opensea.io/item/ethereum/0xbe85fbd182af91290be7293438ae67549638189f/2628","OK",""
"2629","2629","Light Cult Crypto Club #2629","RE-004439","2601-2700","D:\github\ron-english-nfts\light-cult-crypto-club\images\LCCC-2629.png","9173","images/2601-2700/LCCC-2629.png","LCCC-2629.png","D:\github\ron-english-light-cult-2001-3000\images\2601-2700\LCCC-2629.png","items/lccc-2629.html","https://ronenglish-archive.github.io/ron-english-light-cult-2001-3000/items/lccc-2629.html","https://opensea.io/item/ethereum/0xbe85fbd182af91290be7293438ae67549638189f/2629","OK",""
"2630","2630","Light Cult Crypto Club #2630","RE-004440","2601-2700","D:\github\ron-english-nfts\light-cult-crypto-club\images\LCCC-2630.png","27105","images/2601-2700/LCCC-2630.png","LCCC-2630.png","D:\github\ron-english-light-cult-2001-3000\images\2601-2700\LCCC-2630.png","items/lccc-2630.html","https://ronenglish-archive.github.io/ron-english-light-cult-2001-3000/items/lccc-2630.html","https://opensea.io/item/ethereum/0xbe85fbd182af91290be7293438ae67549638189f/2630","OK",""
"2631","2631","Light Cult Crypto Club #2631","RE-004441","2601-2700","","","","","","items/lccc-2631.html","https://ronenglish-archive.github.io/ron-english-light-cult-2001-3000/items/lccc-2631.html","https://opensea.io/item/ethereum/0xbe85fbd182af91290be7293438ae67549638189f/2631","MISSING SOURCE IMAGE","No source image found for token #2631"
"2632","2632","Light Cult Crypto Club #2632","RE-004442","2601-2700","D:\github\ron-english-nfts\light-cult-crypto-club\images\LCCC-2632.png","27391","images/2601-2700/LCCC-2632.png","LCCC-2632.png","D:\github\ron-english-light-cult-2001-3000\images\2601-2700\LCCC-2632.png","items/lccc-2632.html","https://ronenglish-archive.github.io/ron-english-light-cult-2001-3000/items/lccc-2632.html","https://opensea.io/item/ethereum/0xbe85fbd182af91290be7293438ae67549638189f/2632","OK",""
"2633","2633","Light Cult Crypto Club #2633","RE-004443","2601-2700","D:\github\ron-english-nfts\light-cult-crypto-club\images\LCCC-2633.png","7308","images/2601-2700/LCCC-2633.png","LCCC-2633.png","D:\github\ron-english-light-cult-2001-3000\images\2601-2700\LCCC-2633.png","items/lccc-2633.html","https://ronenglish-archive.github.io/ron-english-light-cult-2001-3000/items/lccc-2633.html","https://opensea.io/item/ethereum/0xbe85fbd182af91290be7293438ae67549638189f/2633","OK",""
"2634","2634","Light Cult Crypto Club #2634","RE-004444","2601-2700","","","","","","items/lccc-2634.html","https://ronenglish-archive.github.io/ron-english-light-cult-2001-3000/items/lccc-2634.html","https://opensea.io/item/ethereum/0xbe85fbd182af91290be7293438ae67549638189f/2634","MISSING SOURCE IMAGE","No source image found for token #2634"
"2635","2635","Light Cult Crypto Club #2635","RE-004445","2601-2700","D:\github\ron-english-nfts\light-cult-crypto-club\images\LCCC-2635.png","14872","images/2601-2700/LCCC-2635.png","LCCC-2635.png","D:\github\ron-english-light-cult-2001-3000\images\2601-2700\LCCC-2635.png","items/lccc-2635.html","https://ronenglish-archive.github.io/ron-english-light-cult-2001-3000/items/lccc-2635.html","https://opensea.io/item/ethereum/0xbe85fbd182af91290be7293438ae67549638189f/2635","OK",""
"2636","2636","Light Cult Crypto Club #2636","RE-004446","2601-2700","D:\github\ron-english-nfts\light-cult-crypto-club\images\LCCC-2636.png","7941","images/2601-2700/LCCC-2636.png","LCCC-2636.png","D:\github\ron-english-light-cult-2001-3000\images\2601-2700\LCCC-2636.png","items/lccc-2636.html","https://ronenglish-archive.github.io/ron-english-light-cult-2001-3000/items/lccc-2636.html","https://opensea.io/item/ethereum/0xbe85fbd182af91290be7293438ae67549638189f/2636","OK",""
"2637","2637","Light Cult Crypto Club #2637","RE-004447","2601-2700","D:\github\ron-english-nfts\light-cult-crypto-club\images\LCCC-2637.png","12903","images/2601-2700/LCCC-2637.png","LCCC-2637.png","D:\github\ron-english-light-cult-2001-3000\images\2601-2700\LCCC-2637.png","items/lccc-2637.html","https://ronenglish-archive.github.io/ron-english-light-cult-2001-3000/items/lccc-2637.html","https://opensea.io/item/ethereum/0xbe85fbd182af91290be7293438ae67549638189f/2637","OK",""
"2638","2638","Light Cult Crypto Club #2638","RE-004448","2601-2700","D:\github\ron-english-nfts\light-cult-crypto-club\images\LCCC-2638.png","4789","images/2601-2700/LCCC-2638.png","LCCC-2638.png","D:\github\ron-english-light-cult-2001-3000\images\2601-2700\LCCC-2638.png","items/lccc-2638.html","https://ronenglish-archive.github.io/ron-english-light-cult-2001-3000/items/lccc-2638.html","https://opensea.io/item/ethereum/0xbe85fbd182af91290be7293438ae67549638189f/2638","OK",""
"2639","2639","Light Cult Crypto Club #2639","RE-004449","2601-2700","","","","","","items/lccc-2639.html","https://ronenglish-archive.github.io/ron-english-light-cult-2001-3000/items/lccc-2639.html","https://opensea.io/item/ethereum/0xbe85fbd182af91290be7293438ae67549638189f/2639","MISSING SOURCE IMAGE","No source image found for token #2639"
"2640","2640","Light Cult Crypto Club #2640","RE-004450","2601-2700","D:\github\ron-english-nfts\light-cult-crypto-club\images\LCCC-2640.png","31008","images/2601-2700/LCCC-2640.png","LCCC-2640.png","D:\github\ron-english-light-cult-2001-3000\images\2601-2700\LCCC-2640.png","items/lccc-2640.html","https://ronenglish-archive.github.io/ron-english-light-cult-2001-3000/items/lccc-2640.html","https://opensea.io/item/ethereum/0xbe85fbd182af91290be7293438ae67549638189f/2640","OK",""
"2641","2641","Light Cult Crypto Club #2641","RE-004451","2601-2700","D:\github\ron-english-nfts\light-cult-crypto-club\images\LCCC-2641.png","30313","images/2601-2700/LCCC-2641.png","LCCC-2641.png","D:\github\ron-english-light-cult-2001-3000\images\2601-2700\LCCC-2641.png","items/lccc-2641.html","https://ronenglish-archive.github.io/ron-english-light-cult-2001-3000/items/lccc-2641.html","https://opensea.io/item/ethereum/0xbe85fbd182af91290be7293438ae67549638189f/2641","OK",""
"2642","2642","Light Cult Crypto Club #2642","RE-004452","2601-2700","D:\github\ron-english-nfts\light-cult-crypto-club\images\LCCC-2642.png","9116","images/2601-2700/LCCC-2642.png","LCCC-2642.png","D:\github\ron-english-light-cult-2001-3000\images\2601-2700\LCCC-2642.png","items/lccc-2642.html","https://ronenglish-archive.github.io/ron-english-light-cult-2001-3000/items/lccc-2642.html","https://opensea.io/item/ethereum/0xbe85fbd182af91290be7293438ae67549638189f/2642","OK",""
"2643","2643","Light Cult Crypto Club #2643","RE-004453","2601-2700","D:\github\ron-english-nfts\light-cult-crypto-club\images\LCCC-2643.png","10038","images/2601-2700/LCCC-2643.png","LCCC-2643.png","D:\github\ron-english-light-cult-2001-3000\images\2601-2700\LCCC-2643.png","items/lccc-2643.html","https://ronenglish-archive.github.io/ron-english-light-cult-2001-3000/items/lccc-2643.html","https://opensea.io/item/ethereum/0xbe85fbd182af91290be7293438ae67549638189f/2643","OK",""
"2644","2644","Light Cult Crypto Club #2644","RE-004454","2601-2700","D:\github\ron-english-nfts\light-cult-crypto-club\images\LCCC-2644.png","23409","images/2601-2700/LCCC-2644.png","LCCC-2644.png","D:\github\ron-english-light-cult-2001-3000\images\2601-2700\LCCC-2644.png","items/lccc-2644.html","https://ronenglish-archive.github.io/ron-english-light-cult-2001-3000/items/lccc-2644.html","https://opensea.io/item/ethereum/0xbe85fbd182af91290be7293438ae67549638189f/2644","OK",""
"2645","2645","Light Cult Crypto Club #2645","RE-004455","2601-2700","D:\github\ron-english-nfts\light-cult-crypto-club\images\LCCC-2645.png","28867","images/2601-2700/LCCC-2645.png","LCCC-2645.png","D:\github\ron-english-light-cult-2001-3000\images\2601-2700\LCCC-2645.png","items/lccc-2645.html","https://ronenglish-archive.github.io/ron-english-light-cult-2001-3000/items/lccc-2645.html","https://opensea.io/item/ethereum/0xbe85fbd182af91290be7293438ae67549638189f/2645","OK",""
"2646","2646","Light Cult Crypto Club #2646","RE-004456","2601-2700","D:\github\ron-english-nfts\light-cult-crypto-club\images\LCCC-2646.png","23859","images/2601-2700/LCCC-2646.png","LCCC-2646.png","D:\github\ron-english-light-cult-2001-3000\images\2601-2700\LCCC-2646.png","items/lccc-2646.html","https://ronenglish-archive.github.io/ron-english-light-cult-2001-3000/items/lccc-2646.html","https://opensea.io/item/ethereum/0xbe85fbd182af91290be7293438ae67549638189f/2646","OK",""
"2647","2647","Light Cult Crypto Club #2647","RE-004457","2601-2700","D:\github\ron-english-nfts\light-cult-crypto-club\images\LCCC-2647.png","16750","images/2601-2700/LCCC-2647.png","LCCC-2647.png","D:\github\ron-english-light-cult-2001-3000\images\2601-2700\LCCC-2647.png","items/lccc-2647.html","https://ronenglish-archive.github.io/ron-english-light-cult-2001-3000/items/lccc-2647.html","https://opensea.io/item/ethereum/0xbe85fbd182af91290be7293438ae67549638189f/2647","OK",""
"2648","2648","Light Cult Crypto Club #2648","RE-004458","2601-2700","D:\github\ron-english-nfts\light-cult-crypto-club\images\LCCC-2648.png","28655","images/2601-2700/LCCC-2648.png","LCCC-2648.png","D:\github\ron-english-light-cult-2001-3000\images\2601-2700\LCCC-2648.png","items/lccc-2648.html","https://ronenglish-archive.github.io/ron-english-light-cult-2001-3000/items/lccc-2648.html","https://opensea.io/item/ethereum/0xbe85fbd182af91290be7293438ae67549638189f/2648","OK",""
"2649","2649","Light Cult Crypto Club #2649","RE-004459","2601-2700","D:\github\ron-english-nfts\light-cult-crypto-club\images\LCCC-2649.png","14626","images/2601-2700/LCCC-2649.png","LCCC-2649.png","D:\github\ron-english-light-cult-2001-3000\images\2601-2700\LCCC-2649.png","items/lccc-2649.html","https://ronenglish-archive.github.io/ron-english-light-cult-2001-3000/items/lccc-2649.html","https://opensea.io/item/ethereum/0xbe85fbd182af91290be7293438ae67549638189f/2649","OK",""
"2650","2650","Light Cult Crypto Club #2650","RE-004460","2601-2700","D:\github\ron-english-nfts\light-cult-crypto-club\images\LCCC-2650.png","16462","images/2601-2700/LCCC-2650.png","LCCC-2650.png","D:\github\ron-english-light-cult-2001-3000\images\2601-2700\LCCC-2650.png","items/lccc-2650.html","https://ronenglish-archive.github.io/ron-english-light-cult-2001-3000/items/lccc-2650.html","https://opensea.io/item/ethereum/0xbe85fbd182af91290be7293438ae67549638189f/2650","OK",""
"2651","2651","Light Cult Crypto Club #2651","RE-004461","2601-2700","D:\github\ron-english-nfts\light-cult-crypto-club\images\LCCC-2651.png","19017","images/2601-2700/LCCC-2651.png","LCCC-2651.png","D:\github\ron-english-light-cult-2001-3000\images\2601-2700\LCCC-2651.png","items/lccc-2651.html","https://ronenglish-archive.github.io/ron-english-light-cult-2001-3000/items/lccc-2651.html","https://opensea.io/item/ethereum/0xbe85fbd182af91290be7293438ae67549638189f/2651","OK",""
"2652","2652","Light Cult Crypto Club #2652","RE-004462","2601-2700","D:\github\ron-english-nfts\light-cult-crypto-club\images\LCCC-2652.png","27988","images/2601-2700/LCCC-2652.png","LCCC-2652.png","D:\github\ron-english-light-cult-2001-3000\images\2601-2700\LCCC-2652.png","items/lccc-2652.html","https://ronenglish-archive.github.io/ron-english-light-cult-2001-3000/items/lccc-2652.html","https://opensea.io/item/ethereum/0xbe85fbd182af91290be7293438ae67549638189f/2652","OK",""
"2653","2653","Light Cult Crypto Club #2653","RE-004463","2601-2700","D:\github\ron-english-nfts\light-cult-crypto-club\images\LCCC-2653.png","5059","images/2601-2700/LCCC-2653.png","LCCC-2653.png","D:\github\ron-english-light-cult-2001-3000\images\2601-2700\LCCC-2653.png","items/lccc-2653.html","https://ronenglish-archive.github.io/ron-english-light-cult-2001-3000/items/lccc-2653.html","https://opensea.io/item/ethereum/0xbe85fbd182af91290be7293438ae67549638189f/2653","OK",""
"2654","2654","Light Cult Crypto Club #2654","RE-004464","2601-2700","D:\github\ron-english-nfts\light-cult-crypto-club\images\LCCC-2654.png","16686","images/2601-2700/LCCC-2654.png","LCCC-2654.png","D:\github\ron-english-light-cult-2001-3000\images\2601-2700\LCCC-2654.png","items/lccc-2654.html","https://ronenglish-archive.github.io/ron-english-light-cult-2001-3000/items/lccc-2654.html","https://opensea.io/item/ethereum/0xbe85fbd182af91290be7293438ae67549638189f/2654","OK",""
"2655","2655","Light Cult Crypto Club #2655","RE-004465","2601-2700","D:\github\ron-english-nfts\light-cult-crypto-club\images\LCCC-2655.png","9389","images/2601-2700/LCCC-2655.png","LCCC-2655.png","D:\github\ron-english-light-cult-2001-3000\images\2601-2700\LCCC-2655.png","items/lccc-2655.html","https://ronenglish-archive.github.io/ron-english-light-cult-2001-3000/items/lccc-2655.html","https://opensea.io/item/ethereum/0xbe85fbd182af91290be7293438ae67549638189f/2655","OK",""
"2656","2656","Light Cult Crypto Club #2656","RE-004466","2601-2700","D:\github\ron-english-nfts\light-cult-crypto-club\images\LCCC-2656.png","17486","images/2601-2700/LCCC-2656.png","LCCC-2656.png","D:\github\ron-english-light-cult-2001-3000\images\2601-2700\LCCC-2656.png","items/lccc-2656.html","https://ronenglish-archive.github.io/ron-english-light-cult-2001-3000/items/lccc-2656.html","https://opensea.io/item/ethereum/0xbe85fbd182af91290be7293438ae67549638189f/2656","OK",""
"2657","2657","Light Cult Crypto Club #2657","RE-004467","2601-2700","D:\github\ron-english-nfts\light-cult-crypto-club\images\LCCC-2657.png","10980","images/2601-2700/LCCC-2657.png","LCCC-2657.png","D:\github\ron-english-light-cult-2001-3000\images\2601-2700\LCCC-2657.png","items/lccc-2657.html","https://ronenglish-archive.github.io/ron-english-light-cult-2001-3000/items/lccc-2657.html","https://opensea.io/item/ethereum/0xbe85fbd182af91290be7293438ae67549638189f/2657","OK",""
"2658","2658","Light Cult Crypto Club #2658","RE-004468","2601-2700","D:\github\ron-english-nfts\light-cult-crypto-club\images\LCCC-2658.png","10237","images/2601-2700/LCCC-2658.png","LCCC-2658.png","D:\github\ron-english-light-cult-2001-3000\images\2601-2700\LCCC-2658.png","items/lccc-2658.html","https://ronenglish-archive.github.io/ron-english-light-cult-2001-3000/items/lccc-2658.html","https://opensea.io/item/ethereum/0xbe85fbd182af91290be7293438ae67549638189f/2658","OK",""
"2659","2659","Light Cult Crypto Club #2659","RE-004469","2601-2700","D:\github\ron-english-nfts\light-cult-crypto-club\images\LCCC-2659.png","8913","images/2601-2700/LCCC-2659.png","LCCC-2659.png","D:\github\ron-english-light-cult-2001-3000\images\2601-2700\LCCC-2659.png","items/lccc-2659.html","https://ronenglish-archive.github.io/ron-english-light-cult-2001-3000/items/lccc-2659.html","https://opensea.io/item/ethereum/0xbe85fbd182af91290be7293438ae67549638189f/2659","OK",""
"2660","2660","Light Cult Crypto Club #2660","RE-004470","2601-2700","D:\github\ron-english-nfts\light-cult-crypto-club\images\LCCC-2660.png","30019","images/2601-2700/LCCC-2660.png","LCCC-2660.png","D:\github\ron-english-light-cult-2001-3000\images\2601-2700\LCCC-2660.png","items/lccc-2660.html","https://ronenglish-archive.github.io/ron-english-light-cult-2001-3000/items/lccc-2660.html","https://opensea.io/item/ethereum/0xbe85fbd182af91290be7293438ae67549638189f/2660","OK",""
"2661","2661","Light Cult Crypto Club #2661","RE-004471","2601-2700","D:\github\ron-english-nfts\light-cult-crypto-club\images\LCCC-2661.png","6219","images/2601-2700/LCCC-2661.png","LCCC-2661.png","D:\github\ron-english-light-cult-2001-3000\images\2601-2700\LCCC-2661.png","items/lccc-2661.html","https://ronenglish-archive.github.io/ron-english-light-cult-2001-3000/items/lccc-2661.html","https://opensea.io/item/ethereum/0xbe85fbd182af91290be7293438ae67549638189f/2661","OK",""
"2662","2662","Light Cult Crypto Club #2662","RE-004472","2601-2700","D:\github\ron-english-nfts\light-cult-crypto-club\images\LCCC-2662.png","16257","images/2601-2700/LCCC-2662.png","LCCC-2662.png","D:\github\ron-english-light-cult-2001-3000\images\2601-2700\LCCC-2662.png","items/lccc-2662.html","https://ronenglish-archive.github.io/ron-english-light-cult-2001-3000/items/lccc-2662.html","https://opensea.io/item/ethereum/0xbe85fbd182af91290be7293438ae67549638189f/2662","OK",""
"2663","2663","Light Cult Crypto Club #2663","RE-004473","2601-2700","D:\github\ron-english-nfts\light-cult-crypto-club\images\LCCC-2663.png","14178","images/2601-2700/LCCC-2663.png","LCCC-2663.png","D:\github\ron-english-light-cult-2001-3000\images\2601-2700\LCCC-2663.png","items/lccc-2663.html","https://ronenglish-archive.github.io/ron-english-light-cult-2001-3000/items/lccc-2663.html","https://opensea.io/item/ethereum/0xbe85fbd182af91290be7293438ae67549638189f/2663","OK",""
"2664","2664","Light Cult Crypto Club #2664","RE-004474","2601-2700","D:\github\ron-english-nfts\light-cult-crypto-club\images\LCCC-2664.png","6658","images/2601-2700/LCCC-2664.png","LCCC-2664.png","D:\github\ron-english-light-cult-2001-3000\images\2601-2700\LCCC-2664.png","items/lccc-2664.html","https://ronenglish-archive.github.io/ron-english-light-cult-2001-3000/items/lccc-2664.html","https://opensea.io/item/ethereum/0xbe85fbd182af91290be7293438ae67549638189f/2664","OK",""
"2665","2665","Light Cult Crypto Club #2665","RE-004475","2601-2700","","","","","","items/lccc-2665.html","https://ronenglish-archive.github.io/ron-english-light-cult-2001-3000/items/lccc-2665.html","https://opensea.io/item/ethereum/0xbe85fbd182af91290be7293438ae67549638189f/2665","MISSING SOURCE IMAGE","No source image found for token #2665"
"2666","2666","Light Cult Crypto Club #2666","RE-004476","2601-2700","D:\github\ron-english-nfts\light-cult-crypto-club\images\LCCC-2666.png","9627","images/2601-2700/LCCC-2666.png","LCCC-2666.png","D:\github\ron-english-light-cult-2001-3000\images\2601-2700\LCCC-2666.png","items/lccc-2666.html","https://ronenglish-archive.github.io/ron-english-light-cult-2001-3000/items/lccc-2666.html","https://opensea.io/item/ethereum/0xbe85fbd182af91290be7293438ae67549638189f/2666","OK",""
"2667","2667","Light Cult Crypto Club #2667","RE-004477","2601-2700","D:\github\ron-english-nfts\light-cult-crypto-club\images\LCCC-2667.png","6186","images/2601-2700/LCCC-2667.png","LCCC-2667.png","D:\github\ron-english-light-cult-2001-3000\images\2601-2700\LCCC-2667.png","items/lccc-2667.html","https://ronenglish-archive.github.io/ron-english-light-cult-2001-3000/items/lccc-2667.html","https://opensea.io/item/ethereum/0xbe85fbd182af91290be7293438ae67549638189f/2667","OK",""
"2668","2668","Light Cult Crypto Club #2668","RE-004478","2601-2700","","","","","","items/lccc-2668.html","https://ronenglish-archive.github.io/ron-english-light-cult-2001-3000/items/lccc-2668.html","https://opensea.io/item/ethereum/0xbe85fbd182af91290be7293438ae67549638189f/2668","MISSING SOURCE IMAGE","No source image found for token #2668"
"2669","2669","Light Cult Crypto Club #2669","RE-004479","2601-2700","D:\github\ron-english-nfts\light-cult-crypto-club\images\LCCC-2669.png","27336","images/2601-2700/LCCC-2669.png","LCCC-2669.png","D:\github\ron-english-light-cult-2001-3000\images\2601-2700\LCCC-2669.png","items/lccc-2669.html","https://ronenglish-archive.github.io/ron-english-light-cult-2001-3000/items/lccc-2669.html","https://opensea.io/item/ethereum/0xbe85fbd182af91290be7293438ae67549638189f/2669","OK",""
"2670","2670","Light Cult Crypto Club #2670","RE-004480","2601-2700","D:\github\ron-english-nfts\light-cult-crypto-club\images\LCCC-2670.png","22283","images/2601-2700/LCCC-2670.png","LCCC-2670.png","D:\github\ron-english-light-cult-2001-3000\images\2601-2700\LCCC-2670.png","items/lccc-2670.html","https://ronenglish-archive.github.io/ron-english-light-cult-2001-3000/items/lccc-2670.html","https://opensea.io/item/ethereum/0xbe85fbd182af91290be7293438ae67549638189f/2670","OK",""
"2671","2671","Light Cult Crypto Club #2671","RE-004481","2601-2700","D:\github\ron-english-nfts\light-cult-crypto-club\images\LCCC-2671.png","25270","images/2601-2700/LCCC-2671.png","LCCC-2671.png","D:\github\ron-english-light-cult-2001-3000\images\2601-2700\LCCC-2671.png","items/lccc-2671.html","https://ronenglish-archive.github.io/ron-english-light-cult-2001-3000/items/lccc-2671.html","https://opensea.io/item/ethereum/0xbe85fbd182af91290be7293438ae67549638189f/2671","OK",""
"2672","2672","Light Cult Crypto Club #2672","RE-004482","2601-2700","","","","","","items/lccc-2672.html","https://ronenglish-archive.github.io/ron-english-light-cult-2001-3000/items/lccc-2672.html","https://opensea.io/item/ethereum/0xbe85fbd182af91290be7293438ae67549638189f/2672","MISSING SOURCE IMAGE","No source image found for token #2672"
"2673","2673","Light Cult Crypto Club #2673","RE-004483","2601-2700","D:\github\ron-english-nfts\light-cult-crypto-club\images\LCCC-2673.png","8121","images/2601-2700/LCCC-2673.png","LCCC-2673.png","D:\github\ron-english-light-cult-2001-3000\images\2601-2700\LCCC-2673.png","items/lccc-2673.html","https://ronenglish-archive.github.io/ron-english-light-cult-2001-3000/items/lccc-2673.html","https://opensea.io/item/ethereum/0xbe85fbd182af91290be7293438ae67549638189f/2673","OK",""
"2674","2674","Light Cult Crypto Club #2674","RE-004484","2601-2700","D:\github\ron-english-nfts\light-cult-crypto-club\images\LCCC-2674.png","30014","images/2601-2700/LCCC-2674.png","LCCC-2674.png","D:\github\ron-english-light-cult-2001-3000\images\2601-2700\LCCC-2674.png","items/lccc-2674.html","https://ronenglish-archive.github.io/ron-english-light-cult-2001-3000/items/lccc-2674.html","https://opensea.io/item/ethereum/0xbe85fbd182af91290be7293438ae67549638189f/2674","OK",""
"2675","2675","Light Cult Crypto Club #2675","RE-004485","2601-2700","D:\github\ron-english-nfts\light-cult-crypto-club\images\LCCC-2675.png","14261","images/2601-2700/LCCC-2675.png","LCCC-2675.png","D:\github\ron-english-light-cult-2001-3000\images\2601-2700\LCCC-2675.png","items/lccc-2675.html","https://ronenglish-archive.github.io/ron-english-light-cult-2001-3000/items/lccc-2675.html","https://opensea.io/item/ethereum/0xbe85fbd182af91290be7293438ae67549638189f/2675","OK",""
"2676","2676","Light Cult Crypto Club #2676","RE-004486","2601-2700","D:\github\ron-english-nfts\light-cult-crypto-club\images\LCCC-2676.png","8738","images/2601-2700/LCCC-2676.png","LCCC-2676.png","D:\github\ron-english-light-cult-2001-3000\images\2601-2700\LCCC-2676.png","items/lccc-2676.html","https://ronenglish-archive.github.io/ron-english-light-cult-2001-3000/items/lccc-2676.html","https://opensea.io/item/ethereum/0xbe85fbd182af91290be7293438ae67549638189f/2676","OK",""
"2677","2677","Light Cult Crypto Club #2677","RE-004487","2601-2700","","","","","","items/lccc-2677.html","https://ronenglish-archive.github.io/ron-english-light-cult-2001-3000/items/lccc-2677.html","https://opensea.io/item/ethereum/0xbe85fbd182af91290be7293438ae67549638189f/2677","MISSING SOURCE IMAGE","No source image found for token #2677"
"2678","2678","Light Cult Crypto Club #2678","RE-004488","2601-2700","D:\github\ron-english-nfts\light-cult-crypto-club\images\LCCC-2678.png","4529","images/2601-2700/LCCC-2678.png","LCCC-2678.png","D:\github\ron-english-light-cult-2001-3000\images\2601-2700\LCCC-2678.png","items/lccc-2678.html","https://ronenglish-archive.github.io/ron-english-light-cult-2001-3000/items/lccc-2678.html","https://opensea.io/item/ethereum/0xbe85fbd182af91290be7293438ae67549638189f/2678","OK",""
"2679","2679","Light Cult Crypto Club #2679","RE-004489","2601-2700","D:\github\ron-english-nfts\light-cult-crypto-club\images\LCCC-2679.png","12387","images/2601-2700/LCCC-2679.png","LCCC-2679.png","D:\github\ron-english-light-cult-2001-3000\images\2601-2700\LCCC-2679.png","items/lccc-2679.html","https://ronenglish-archive.github.io/ron-english-light-cult-2001-3000/items/lccc-2679.html","https://opensea.io/item/ethereum/0xbe85fbd182af91290be7293438ae67549638189f/2679","OK",""
"2680","2680","Light Cult Crypto Club #2680","RE-004490","2601-2700","D:\github\ron-english-nfts\light-cult-crypto-club\images\LCCC-2680.png","31107","images/2601-2700/LCCC-2680.png","LCCC-2680.png","D:\github\ron-english-light-cult-2001-3000\images\2601-2700\LCCC-2680.png","items/lccc-2680.html","https://ronenglish-archive.github.io/ron-english-light-cult-2001-3000/items/lccc-2680.html","https://opensea.io/item/ethereum/0xbe85fbd182af91290be7293438ae67549638189f/2680","OK",""
"2681","2681","Light Cult Crypto Club #2681","RE-004491","2601-2700","D:\github\ron-english-nfts\light-cult-crypto-club\images\LCCC-2681.png","20503","images/2601-2700/LCCC-2681.png","LCCC-2681.png","D:\github\ron-english-light-cult-2001-3000\images\2601-2700\LCCC-2681.png","items/lccc-2681.html","https://ronenglish-archive.github.io/ron-english-light-cult-2001-3000/items/lccc-2681.html","https://opensea.io/item/ethereum/0xbe85fbd182af91290be7293438ae67549638189f/2681","OK",""
"2682","2682","Light Cult Crypto Club #2682","RE-004492","2601-2700","D:\github\ron-english-nfts\light-cult-crypto-club\images\LCCC-2682.png","9078","images/2601-2700/LCCC-2682.png","LCCC-2682.png","D:\github\ron-english-light-cult-2001-3000\images\2601-2700\LCCC-2682.png","items/lccc-2682.html","https://ronenglish-archive.github.io/ron-english-light-cult-2001-3000/items/lccc-2682.html","https://opensea.io/item/ethereum/0xbe85fbd182af91290be7293438ae67549638189f/2682","OK",""
"2683","2683","Light Cult Crypto Club #2683","RE-004493","2601-2700","D:\github\ron-english-nfts\light-cult-crypto-club\images\LCCC-2683.png","36349","images/2601-2700/LCCC-2683.png","LCCC-2683.png","D:\github\ron-english-light-cult-2001-3000\images\2601-2700\LCCC-2683.png","items/lccc-2683.html","https://ronenglish-archive.github.io/ron-english-light-cult-2001-3000/items/lccc-2683.html","https://opensea.io/item/ethereum/0xbe85fbd182af91290be7293438ae67549638189f/2683","OK",""
"2684","2684","Light Cult Crypto Club #2684","RE-004494","2601-2700","D:\github\ron-english-nfts\light-cult-crypto-club\images\LCCC-2684.png","31713","images/2601-2700/LCCC-2684.png","LCCC-2684.png","D:\github\ron-english-light-cult-2001-3000\images\2601-2700\LCCC-2684.png","items/lccc-2684.html","https://ronenglish-archive.github.io/ron-english-light-cult-2001-3000/items/lccc-2684.html","https://opensea.io/item/ethereum/0xbe85fbd182af91290be7293438ae67549638189f/2684","OK",""
"2685","2685","Light Cult Crypto Club #2685","RE-004495","2601-2700","D:\github\ron-english-nfts\light-cult-crypto-club\images\LCCC-2685.png","6329","images/2601-2700/LCCC-2685.png","LCCC-2685.png","D:\github\ron-english-light-cult-2001-3000\images\2601-2700\LCCC-2685.png","items/lccc-2685.html","https://ronenglish-archive.github.io/ron-english-light-cult-2001-3000/items/lccc-2685.html","https://opensea.io/item/ethereum/0xbe85fbd182af91290be7293438ae67549638189f/2685","OK",""
"2686","2686","Light Cult Crypto Club #2686","RE-004496","2601-2700","D:\github\ron-english-nfts\light-cult-crypto-club\images\LCCC-2686.png","38002","images/2601-2700/LCCC-2686.png","LCCC-2686.png","D:\github\ron-english-light-cult-2001-3000\images\2601-2700\LCCC-2686.png","items/lccc-2686.html","https://ronenglish-archive.github.io/ron-english-light-cult-2001-3000/items/lccc-2686.html","https://opensea.io/item/ethereum/0xbe85fbd182af91290be7293438ae67549638189f/2686","OK",""
"2687","2687","Light Cult Crypto Club #2687","RE-004497","2601-2700","D:\github\ron-english-nfts\light-cult-crypto-club\images\LCCC-2687.png","11072","images/2601-2700/LCCC-2687.png","LCCC-2687.png","D:\github\ron-english-light-cult-2001-3000\images\2601-2700\LCCC-2687.png","items/lccc-2687.html","https://ronenglish-archive.github.io/ron-english-light-cult-2001-3000/items/lccc-2687.html","https://opensea.io/item/ethereum/0xbe85fbd182af91290be7293438ae67549638189f/2687","OK",""
"2688","2688","Light Cult Crypto Club #2688","RE-004498","2601-2700","D:\github\ron-english-nfts\light-cult-crypto-club\images\LCCC-2688.png","12657","images/2601-2700/LCCC-2688.png","LCCC-2688.png","D:\github\ron-english-light-cult-2001-3000\images\2601-2700\LCCC-2688.png","items/lccc-2688.html","https://ronenglish-archive.github.io/ron-english-light-cult-2001-3000/items/lccc-2688.html","https://opensea.io/item/ethereum/0xbe85fbd182af91290be7293438ae67549638189f/2688","OK",""
"2689","2689","Light Cult Crypto Club #2689","RE-004499","2601-2700","D:\github\ron-english-nfts\light-cult-crypto-club\images\LCCC-2689.png","15218","images/2601-2700/LCCC-2689.png","LCCC-2689.png","D:\github\ron-english-light-cult-2001-3000\images\2601-2700\LCCC-2689.png","items/lccc-2689.html","https://ronenglish-archive.github.io/ron-english-light-cult-2001-3000/items/lccc-2689.html","https://opensea.io/item/ethereum/0xbe85fbd182af91290be7293438ae67549638189f/2689","OK",""
"2690","2690","Light Cult Crypto Club #2690","RE-004500","2601-2700","D:\github\ron-english-nfts\light-cult-crypto-club\images\LCCC-2690.png","32426","images/2601-2700/LCCC-2690.png","LCCC-2690.png","D:\github\ron-english-light-cult-2001-3000\images\2601-2700\LCCC-2690.png","items/lccc-2690.html","https://ronenglish-archive.github.io/ron-english-light-cult-2001-3000/items/lccc-2690.html","https://opensea.io/item/ethereum/0xbe85fbd182af91290be7293438ae67549638189f/2690","OK",""
"2691","2691","Light Cult Crypto Club #2691","RE-004501","2601-2700","D:\github\ron-english-nfts\light-cult-crypto-club\images\LCCC-2691.png","8428","images/2601-2700/LCCC-2691.png","LCCC-2691.png","D:\github\ron-english-light-cult-2001-3000\images\2601-2700\LCCC-2691.png","items/lccc-2691.html","https://ronenglish-archive.github.io/ron-english-light-cult-2001-3000/items/lccc-2691.html","https://opensea.io/item/ethereum/0xbe85fbd182af91290be7293438ae67549638189f/2691","OK",""
"2692","2692","Light Cult Crypto Club #2692","RE-004502","2601-2700","D:\github\ron-english-nfts\light-cult-crypto-club\images\LCCC-2692.png","11446","images/2601-2700/LCCC-2692.png","LCCC-2692.png","D:\github\ron-english-light-cult-2001-3000\images\2601-2700\LCCC-2692.png","items/lccc-2692.html","https://ronenglish-archive.github.io/ron-english-light-cult-2001-3000/items/lccc-2692.html","https://opensea.io/item/ethereum/0xbe85fbd182af91290be7293438ae67549638189f/2692","OK",""
"2693","2693","Light Cult Crypto Club #2693","RE-004503","2601-2700","D:\github\ron-english-nfts\light-cult-crypto-club\images\LCCC-2693.png","10432","images/2601-2700/LCCC-2693.png","LCCC-2693.png","D:\github\ron-english-light-cult-2001-3000\images\2601-2700\LCCC-2693.png","items/lccc-2693.html","https://ronenglish-archive.github.io/ron-english-light-cult-2001-3000/items/lccc-2693.html","https://opensea.io/item/ethereum/0xbe85fbd182af91290be7293438ae67549638189f/2693","OK",""
"2694","2694","Light Cult Crypto Club #2694","RE-004504","2601-2700","","","","","","items/lccc-2694.html","https://ronenglish-archive.github.io/ron-english-light-cult-2001-3000/items/lccc-2694.html","https://opensea.io/item/ethereum/0xbe85fbd182af91290be7293438ae67549638189f/2694","MISSING SOURCE IMAGE","No source image found for token #2694"
"2695","2695","Light Cult Crypto Club #2695","RE-004505","2601-2700","","","","","","items/lccc-2695.html","https://ronenglish-archive.github.io/ron-english-light-cult-2001-3000/items/lccc-2695.html","https://opensea.io/item/ethereum/0xbe85fbd182af91290be7293438ae67549638189f/2695","MISSING SOURCE IMAGE","No source image found for token #2695"
"2696","2696","Light Cult Crypto Club #2696","RE-004506","2601-2700","D:\github\ron-english-nfts\light-cult-crypto-club\images\LCCC-2696.png","32456","images/2601-2700/LCCC-2696.png","LCCC-2696.png","D:\github\ron-english-light-cult-2001-3000\images\2601-2700\LCCC-2696.png","items/lccc-2696.html","https://ronenglish-archive.github.io/ron-english-light-cult-2001-3000/items/lccc-2696.html","https://opensea.io/item/ethereum/0xbe85fbd182af91290be7293438ae67549638189f/2696","OK",""
"2697","2697","Light Cult Crypto Club #2697","RE-004507","2601-2700","D:\github\ron-english-nfts\light-cult-crypto-club\images\LCCC-2697.png","4901","images/2601-2700/LCCC-2697.png","LCCC-2697.png","D:\github\ron-english-light-cult-2001-3000\images\2601-2700\LCCC-2697.png","items/lccc-2697.html","https://ronenglish-archive.github.io/ron-english-light-cult-2001-3000/items/lccc-2697.html","https://opensea.io/item/ethereum/0xbe85fbd182af91290be7293438ae67549638189f/2697","OK",""
"2698","2698","Light Cult Crypto Club #2698","RE-004508","2601-2700","","","","","","items/lccc-2698.html","https://ronenglish-archive.github.io/ron-english-light-cult-2001-3000/items/lccc-2698.html","https://opensea.io/item/ethereum/0xbe85fbd182af91290be7293438ae67549638189f/2698","MISSING SOURCE IMAGE","No source image found for token #2698"
"2699","2699","Light Cult Crypto Club #2699","RE-004509","2601-2700","D:\github\ron-english-nfts\light-cult-crypto-club\images\LCCC-2699.png","29816","images/2601-2700/LCCC-2699.png","LCCC-2699.png","D:\github\ron-english-light-cult-2001-3000\images\2601-2700\LCCC-2699.png","items/lccc-2699.html","https://ronenglish-archive.github.io/ron-english-light-cult-2001-3000/items/lccc-2699.html","https://opensea.io/item/ethereum/0xbe85fbd182af91290be7293438ae67549638189f/2699","OK",""
"2700","2700","Light Cult Crypto Club #2700","RE-004510","2601-2700","D:\github\ron-english-nfts\light-cult-crypto-club\images\LCCC-2700.png","12957","images/2601-2700/LCCC-2700.png","LCCC-2700.png","D:\github\ron-english-light-cult-2001-3000\images\2601-2700\LCCC-2700.png","items/lccc-2700.html","https://ronenglish-archive.github.io/ron-english-light-cult-2001-3000/items/lccc-2700.html","https://opensea.io/item/ethereum/0xbe85fbd182af91290be7293438ae67549638189f/2700","OK",""
"2701","2701","Light Cult Crypto Club #2701","RE-004511","2701-2800","D:\github\ron-english-nfts\light-cult-crypto-club\images\LCCC-2701.png","29526","images/2701-2800/LCCC-2701.png","LCCC-2701.png","D:\github\ron-english-light-cult-2001-3000\images\2701-2800\LCCC-2701.png","items/lccc-2701.html","https://ronenglish-archive.github.io/ron-english-light-cult-2001-3000/items/lccc-2701.html","https://opensea.io/item/ethereum/0xbe85fbd182af91290be7293438ae67549638189f/2701","OK",""
"2702","2702","Light Cult Crypto Club #2702","RE-004512","2701-2800","D:\github\ron-english-nfts\light-cult-crypto-club\images\LCCC-2702.png","32349","images/2701-2800/LCCC-2702.png","LCCC-2702.png","D:\github\ron-english-light-cult-2001-3000\images\2701-2800\LCCC-2702.png","items/lccc-2702.html","https://ronenglish-archive.github.io/ron-english-light-cult-2001-3000/items/lccc-2702.html","https://opensea.io/item/ethereum/0xbe85fbd182af91290be7293438ae67549638189f/2702","OK",""
"2703","2703","Light Cult Crypto Club #2703","RE-004513","2701-2800","D:\github\ron-english-nfts\light-cult-crypto-club\images\LCCC-2703.png","30225","images/2701-2800/LCCC-2703.png","LCCC-2703.png","D:\github\ron-english-light-cult-2001-3000\images\2701-2800\LCCC-2703.png","items/lccc-2703.html","https://ronenglish-archive.github.io/ron-english-light-cult-2001-3000/items/lccc-2703.html","https://opensea.io/item/ethereum/0xbe85fbd182af91290be7293438ae67549638189f/2703","OK",""
"2704","2704","Light Cult Crypto Club #2704","RE-004514","2701-2800","D:\github\ron-english-nfts\light-cult-crypto-club\images\LCCC-2704.png","23530","images/2701-2800/LCCC-2704.png","LCCC-2704.png","D:\github\ron-english-light-cult-2001-3000\images\2701-2800\LCCC-2704.png","items/lccc-2704.html","https://ronenglish-archive.github.io/ron-english-light-cult-2001-3000/items/lccc-2704.html","https://opensea.io/item/ethereum/0xbe85fbd182af91290be7293438ae67549638189f/2704","OK",""
"2705","2705","Light Cult Crypto Club #2705","RE-004515","2701-2800","D:\github\ron-english-nfts\light-cult-crypto-club\images\LCCC-2705.png","4729","images/2701-2800/LCCC-2705.png","LCCC-2705.png","D:\github\ron-english-light-cult-2001-3000\images\2701-2800\LCCC-2705.png","items/lccc-2705.html","https://ronenglish-archive.github.io/ron-english-light-cult-2001-3000/items/lccc-2705.html","https://opensea.io/item/ethereum/0xbe85fbd182af91290be7293438ae67549638189f/2705","OK",""
"2706","2706","Light Cult Crypto Club #2706","RE-004516","2701-2800","D:\github\ron-english-nfts\light-cult-crypto-club\images\LCCC-2706.png","19885","images/2701-2800/LCCC-2706.png","LCCC-2706.png","D:\github\ron-english-light-cult-2001-3000\images\2701-2800\LCCC-2706.png","items/lccc-2706.html","https://ronenglish-archive.github.io/ron-english-light-cult-2001-3000/items/lccc-2706.html","https://opensea.io/item/ethereum/0xbe85fbd182af91290be7293438ae67549638189f/2706","OK",""
"2707","2707","Light Cult Crypto Club #2707","RE-004517","2701-2800","D:\github\ron-english-nfts\light-cult-crypto-club\images\LCCC-2707.png","11298","images/2701-2800/LCCC-2707.png","LCCC-2707.png","D:\github\ron-english-light-cult-2001-3000\images\2701-2800\LCCC-2707.png","items/lccc-2707.html","https://ronenglish-archive.github.io/ron-english-light-cult-2001-3000/items/lccc-2707.html","https://opensea.io/item/ethereum/0xbe85fbd182af91290be7293438ae67549638189f/2707","OK",""
"2708","2708","Light Cult Crypto Club #2708","RE-004518","2701-2800","D:\github\ron-english-nfts\light-cult-crypto-club\images\LCCC-2708.png","24387","images/2701-2800/LCCC-2708.png","LCCC-2708.png","D:\github\ron-english-light-cult-2001-3000\images\2701-2800\LCCC-2708.png","items/lccc-2708.html","https://ronenglish-archive.github.io/ron-english-light-cult-2001-3000/items/lccc-2708.html","https://opensea.io/item/ethereum/0xbe85fbd182af91290be7293438ae67549638189f/2708","OK",""
"2709","2709","Light Cult Crypto Club #2709","RE-004519","2701-2800","D:\github\ron-english-nfts\light-cult-crypto-club\images\LCCC-2709.png","18784","images/2701-2800/LCCC-2709.png","LCCC-2709.png","D:\github\ron-english-light-cult-2001-3000\images\2701-2800\LCCC-2709.png","items/lccc-2709.html","https://ronenglish-archive.github.io/ron-english-light-cult-2001-3000/items/lccc-2709.html","https://opensea.io/item/ethereum/0xbe85fbd182af91290be7293438ae67549638189f/2709","OK",""
"2710","2710","Light Cult Crypto Club #2710","RE-004520","2701-2800","D:\github\ron-english-nfts\light-cult-crypto-club\images\LCCC-2710.png","33041","images/2701-2800/LCCC-2710.png","LCCC-2710.png","D:\github\ron-english-light-cult-2001-3000\images\2701-2800\LCCC-2710.png","items/lccc-2710.html","https://ronenglish-archive.github.io/ron-english-light-cult-2001-3000/items/lccc-2710.html","https://opensea.io/item/ethereum/0xbe85fbd182af91290be7293438ae67549638189f/2710","OK",""
"2711","2711","Light Cult Crypto Club #2711","RE-004521","2701-2800","D:\github\ron-english-nfts\light-cult-crypto-club\images\LCCC-2711.png","13736","images/2701-2800/LCCC-2711.png","LCCC-2711.png","D:\github\ron-english-light-cult-2001-3000\images\2701-2800\LCCC-2711.png","items/lccc-2711.html","https://ronenglish-archive.github.io/ron-english-light-cult-2001-3000/items/lccc-2711.html","https://opensea.io/item/ethereum/0xbe85fbd182af91290be7293438ae67549638189f/2711","OK",""
"2712","2712","Light Cult Crypto Club #2712","RE-004522","2701-2800","D:\github\ron-english-nfts\light-cult-crypto-club\images\LCCC-2712.png","25446","images/2701-2800/LCCC-2712.png","LCCC-2712.png","D:\github\ron-english-light-cult-2001-3000\images\2701-2800\LCCC-2712.png","items/lccc-2712.html","https://ronenglish-archive.github.io/ron-english-light-cult-2001-3000/items/lccc-2712.html","https://opensea.io/item/ethereum/0xbe85fbd182af91290be7293438ae67549638189f/2712","OK",""
"2713","2713","Light Cult Crypto Club #2713","RE-004523","2701-2800","D:\github\ron-english-nfts\light-cult-crypto-club\images\LCCC-2713.png","23034","images/2701-2800/LCCC-2713.png","LCCC-2713.png","D:\github\ron-english-light-cult-2001-3000\images\2701-2800\LCCC-2713.png","items/lccc-2713.html","https://ronenglish-archive.github.io/ron-english-light-cult-2001-3000/items/lccc-2713.html","https://opensea.io/item/ethereum/0xbe85fbd182af91290be7293438ae67549638189f/2713","OK",""
"2714","2714","Light Cult Crypto Club #2714","RE-004524","2701-2800","D:\github\ron-english-nfts\light-cult-crypto-club\images\LCCC-2714.png","34279","images/2701-2800/LCCC-2714.png","LCCC-2714.png","D:\github\ron-english-light-cult-2001-3000\images\2701-2800\LCCC-2714.png","items/lccc-2714.html","https://ronenglish-archive.github.io/ron-english-light-cult-2001-3000/items/lccc-2714.html","https://opensea.io/item/ethereum/0xbe85fbd182af91290be7293438ae67549638189f/2714","OK",""
"2715","2715","Light Cult Crypto Club #2715","RE-004525","2701-2800","D:\github\ron-english-nfts\light-cult-crypto-club\images\LCCC-2715.png","39796","images/2701-2800/LCCC-2715.png","LCCC-2715.png","D:\github\ron-english-light-cult-2001-3000\images\2701-2800\LCCC-2715.png","items/lccc-2715.html","https://ronenglish-archive.github.io/ron-english-light-cult-2001-3000/items/lccc-2715.html","https://opensea.io/item/ethereum/0xbe85fbd182af91290be7293438ae67549638189f/2715","OK",""
"2716","2716","Light Cult Crypto Club #2716","RE-004526","2701-2800","D:\github\ron-english-nfts\light-cult-crypto-club\images\LCCC-2716.png","29131","images/2701-2800/LCCC-2716.png","LCCC-2716.png","D:\github\ron-english-light-cult-2001-3000\images\2701-2800\LCCC-2716.png","items/lccc-2716.html","https://ronenglish-archive.github.io/ron-english-light-cult-2001-3000/items/lccc-2716.html","https://opensea.io/item/ethereum/0xbe85fbd182af91290be7293438ae67549638189f/2716","OK",""
"2717","2717","Light Cult Crypto Club #2717","RE-004527","2701-2800","D:\github\ron-english-nfts\light-cult-crypto-club\images\LCCC-2717.png","5884","images/2701-2800/LCCC-2717.png","LCCC-2717.png","D:\github\ron-english-light-cult-2001-3000\images\2701-2800\LCCC-2717.png","items/lccc-2717.html","https://ronenglish-archive.github.io/ron-english-light-cult-2001-3000/items/lccc-2717.html","https://opensea.io/item/ethereum/0xbe85fbd182af91290be7293438ae67549638189f/2717","OK",""
"2718","2718","Light Cult Crypto Club #2718","RE-004528","2701-2800","D:\github\ron-english-nfts\light-cult-crypto-club\images\LCCC-2718.png","26688","images/2701-2800/LCCC-2718.png","LCCC-2718.png","D:\github\ron-english-light-cult-2001-3000\images\2701-2800\LCCC-2718.png","items/lccc-2718.html","https://ronenglish-archive.github.io/ron-english-light-cult-2001-3000/items/lccc-2718.html","https://opensea.io/item/ethereum/0xbe85fbd182af91290be7293438ae67549638189f/2718","OK",""
"2719","2719","Light Cult Crypto Club #2719","RE-004529","2701-2800","","","","","","items/lccc-2719.html","https://ronenglish-archive.github.io/ron-english-light-cult-2001-3000/items/lccc-2719.html","https://opensea.io/item/ethereum/0xbe85fbd182af91290be7293438ae67549638189f/2719","MISSING SOURCE IMAGE","No source image found for token #2719"
"2720","2720","Light Cult Crypto Club #2720","RE-004530","2701-2800","","","","","","items/lccc-2720.html","https://ronenglish-archive.github.io/ron-english-light-cult-2001-3000/items/lccc-2720.html","https://opensea.io/item/ethereum/0xbe85fbd182af91290be7293438ae67549638189f/2720","MISSING SOURCE IMAGE","No source image found for token #2720"
"2721","2721","Light Cult Crypto Club #2721","RE-004531","2701-2800","D:\github\ron-english-nfts\light-cult-crypto-club\images\LCCC-2721.png","15001","images/2701-2800/LCCC-2721.png","LCCC-2721.png","D:\github\ron-english-light-cult-2001-3000\images\2701-2800\LCCC-2721.png","items/lccc-2721.html","https://ronenglish-archive.github.io/ron-english-light-cult-2001-3000/items/lccc-2721.html","https://opensea.io/item/ethereum/0xbe85fbd182af91290be7293438ae67549638189f/2721","OK",""
"2722","2722","Light Cult Crypto Club #2722","RE-004532","2701-2800","D:\github\ron-english-nfts\light-cult-crypto-club\images\LCCC-2722.png","12916","images/2701-2800/LCCC-2722.png","LCCC-2722.png","D:\github\ron-english-light-cult-2001-3000\images\2701-2800\LCCC-2722.png","items/lccc-2722.html","https://ronenglish-archive.github.io/ron-english-light-cult-2001-3000/items/lccc-2722.html","https://opensea.io/item/ethereum/0xbe85fbd182af91290be7293438ae67549638189f/2722","OK",""
"2723","2723","Light Cult Crypto Club #2723","RE-004533","2701-2800","D:\github\ron-english-nfts\light-cult-crypto-club\images\LCCC-2723.png","13835","images/2701-2800/LCCC-2723.png","LCCC-2723.png","D:\github\ron-english-light-cult-2001-3000\images\2701-2800\LCCC-2723.png","items/lccc-2723.html","https://ronenglish-archive.github.io/ron-english-light-cult-2001-3000/items/lccc-2723.html","https://opensea.io/item/ethereum/0xbe85fbd182af91290be7293438ae67549638189f/2723","OK",""
"2724","2724","Light Cult Crypto Club #2724","RE-004534","2701-2800","D:\github\ron-english-nfts\light-cult-crypto-club\images\LCCC-2724.png","24593","images/2701-2800/LCCC-2724.png","LCCC-2724.png","D:\github\ron-english-light-cult-2001-3000\images\2701-2800\LCCC-2724.png","items/lccc-2724.html","https://ronenglish-archive.github.io/ron-english-light-cult-2001-3000/items/lccc-2724.html","https://opensea.io/item/ethereum/0xbe85fbd182af91290be7293438ae67549638189f/2724","OK",""
"2725","2725","Light Cult Crypto Club #2725","RE-004535","2701-2800","D:\github\ron-english-nfts\light-cult-crypto-club\images\LCCC-2725.png","9356","images/2701-2800/LCCC-2725.png","LCCC-2725.png","D:\github\ron-english-light-cult-2001-3000\images\2701-2800\LCCC-2725.png","items/lccc-2725.html","https://ronenglish-archive.github.io/ron-english-light-cult-2001-3000/items/lccc-2725.html","https://opensea.io/item/ethereum/0xbe85fbd182af91290be7293438ae67549638189f/2725","OK",""
"2726","2726","Light Cult Crypto Club #2726","RE-004536","2701-2800","D:\github\ron-english-nfts\light-cult-crypto-club\images\LCCC-2726.png","32602","images/2701-2800/LCCC-2726.png","LCCC-2726.png","D:\github\ron-english-light-cult-2001-3000\images\2701-2800\LCCC-2726.png","items/lccc-2726.html","https://ronenglish-archive.github.io/ron-english-light-cult-2001-3000/items/lccc-2726.html","https://opensea.io/item/ethereum/0xbe85fbd182af91290be7293438ae67549638189f/2726","OK",""
"2727","2727","Light Cult Crypto Club #2727","RE-004537","2701-2800","D:\github\ron-english-nfts\light-cult-crypto-club\images\LCCC-2727.png","44657","images/2701-2800/LCCC-2727.png","LCCC-2727.png","D:\github\ron-english-light-cult-2001-3000\images\2701-2800\LCCC-2727.png","items/lccc-2727.html","https://ronenglish-archive.github.io/ron-english-light-cult-2001-3000/items/lccc-2727.html","https://opensea.io/item/ethereum/0xbe85fbd182af91290be7293438ae67549638189f/2727","OK",""
"2728","2728","Light Cult Crypto Club #2728","RE-004538","2701-2800","D:\github\ron-english-nfts\light-cult-crypto-club\images\LCCC-2728.png","31938","images/2701-2800/LCCC-2728.png","LCCC-2728.png","D:\github\ron-english-light-cult-2001-3000\images\2701-2800\LCCC-2728.png","items/lccc-2728.html","https://ronenglish-archive.github.io/ron-english-light-cult-2001-3000/items/lccc-2728.html","https://opensea.io/item/ethereum/0xbe85fbd182af91290be7293438ae67549638189f/2728","OK",""
"2729","2729","Light Cult Crypto Club #2729","RE-004539","2701-2800","D:\github\ron-english-nfts\light-cult-crypto-club\images\LCCC-2729.png","27200","images/2701-2800/LCCC-2729.png","LCCC-2729.png","D:\github\ron-english-light-cult-2001-3000\images\2701-2800\LCCC-2729.png","items/lccc-2729.html","https://ronenglish-archive.github.io/ron-english-light-cult-2001-3000/items/lccc-2729.html","https://opensea.io/item/ethereum/0xbe85fbd182af91290be7293438ae67549638189f/2729","OK",""
"2730","2730","Light Cult Crypto Club #2730","RE-004540","2701-2800","D:\github\ron-english-nfts\light-cult-crypto-club\images\LCCC-2730.png","28361","images/2701-2800/LCCC-2730.png","LCCC-2730.png","D:\github\ron-english-light-cult-2001-3000\images\2701-2800\LCCC-2730.png","items/lccc-2730.html","https://ronenglish-archive.github.io/ron-english-light-cult-2001-3000/items/lccc-2730.html","https://opensea.io/item/ethereum/0xbe85fbd182af91290be7293438ae67549638189f/2730","OK",""
"2731","2731","Light Cult Crypto Club #2731","RE-004541","2701-2800","D:\github\ron-english-nfts\light-cult-crypto-club\images\LCCC-2731.png","34689","images/2701-2800/LCCC-2731.png","LCCC-2731.png","D:\github\ron-english-light-cult-2001-3000\images\2701-2800\LCCC-2731.png","items/lccc-2731.html","https://ronenglish-archive.github.io/ron-english-light-cult-2001-3000/items/lccc-2731.html","https://opensea.io/item/ethereum/0xbe85fbd182af91290be7293438ae67549638189f/2731","OK",""
"2732","2732","Light Cult Crypto Club #2732","RE-004542","2701-2800","D:\github\ron-english-nfts\light-cult-crypto-club\images\LCCC-2732.png","13897","images/2701-2800/LCCC-2732.png","LCCC-2732.png","D:\github\ron-english-light-cult-2001-3000\images\2701-2800\LCCC-2732.png","items/lccc-2732.html","https://ronenglish-archive.github.io/ron-english-light-cult-2001-3000/items/lccc-2732.html","https://opensea.io/item/ethereum/0xbe85fbd182af91290be7293438ae67549638189f/2732","OK",""
"2733","2733","Light Cult Crypto Club #2733","RE-004543","2701-2800","D:\github\ron-english-nfts\light-cult-crypto-club\images\LCCC-2733.png","32191","images/2701-2800/LCCC-2733.png","LCCC-2733.png","D:\github\ron-english-light-cult-2001-3000\images\2701-2800\LCCC-2733.png","items/lccc-2733.html","https://ronenglish-archive.github.io/ron-english-light-cult-2001-3000/items/lccc-2733.html","https://opensea.io/item/ethereum/0xbe85fbd182af91290be7293438ae67549638189f/2733","OK",""
"2734","2734","Light Cult Crypto Club #2734","RE-004544","2701-2800","","","","","","items/lccc-2734.html","https://ronenglish-archive.github.io/ron-english-light-cult-2001-3000/items/lccc-2734.html","https://opensea.io/item/ethereum/0xbe85fbd182af91290be7293438ae67549638189f/2734","MISSING SOURCE IMAGE","No source image found for token #2734"
"2735","2735","Light Cult Crypto Club #2735","RE-004545","2701-2800","D:\github\ron-english-nfts\light-cult-crypto-club\images\LCCC-2735.png","31741","images/2701-2800/LCCC-2735.png","LCCC-2735.png","D:\github\ron-english-light-cult-2001-3000\images\2701-2800\LCCC-2735.png","items/lccc-2735.html","https://ronenglish-archive.github.io/ron-english-light-cult-2001-3000/items/lccc-2735.html","https://opensea.io/item/ethereum/0xbe85fbd182af91290be7293438ae67549638189f/2735","OK",""
"2736","2736","Light Cult Crypto Club #2736","RE-004546","2701-2800","D:\github\ron-english-nfts\light-cult-crypto-club\images\LCCC-2736.png","34730","images/2701-2800/LCCC-2736.png","LCCC-2736.png","D:\github\ron-english-light-cult-2001-3000\images\2701-2800\LCCC-2736.png","items/lccc-2736.html","https://ronenglish-archive.github.io/ron-english-light-cult-2001-3000/items/lccc-2736.html","https://opensea.io/item/ethereum/0xbe85fbd182af91290be7293438ae67549638189f/2736","OK",""
"2737","2737","Light Cult Crypto Club #2737","RE-004547","2701-2800","D:\github\ron-english-nfts\light-cult-crypto-club\images\LCCC-2737.png","26139","images/2701-2800/LCCC-2737.png","LCCC-2737.png","D:\github\ron-english-light-cult-2001-3000\images\2701-2800\LCCC-2737.png","items/lccc-2737.html","https://ronenglish-archive.github.io/ron-english-light-cult-2001-3000/items/lccc-2737.html","https://opensea.io/item/ethereum/0xbe85fbd182af91290be7293438ae67549638189f/2737","OK",""
"2738","2738","Light Cult Crypto Club #2738","RE-004548","2701-2800","D:\github\ron-english-nfts\light-cult-crypto-club\images\LCCC-2738.png","10394","images/2701-2800/LCCC-2738.png","LCCC-2738.png","D:\github\ron-english-light-cult-2001-3000\images\2701-2800\LCCC-2738.png","items/lccc-2738.html","https://ronenglish-archive.github.io/ron-english-light-cult-2001-3000/items/lccc-2738.html","https://opensea.io/item/ethereum/0xbe85fbd182af91290be7293438ae67549638189f/2738","OK",""
"2739","2739","Light Cult Crypto Club #2739","RE-004549","2701-2800","D:\github\ron-english-nfts\light-cult-crypto-club\images\LCCC-2739.png","20944","images/2701-2800/LCCC-2739.png","LCCC-2739.png","D:\github\ron-english-light-cult-2001-3000\images\2701-2800\LCCC-2739.png","items/lccc-2739.html","https://ronenglish-archive.github.io/ron-english-light-cult-2001-3000/items/lccc-2739.html","https://opensea.io/item/ethereum/0xbe85fbd182af91290be7293438ae67549638189f/2739","OK",""
"2740","2740","Light Cult Crypto Club #2740","RE-004550","2701-2800","","","","","","items/lccc-2740.html","https://ronenglish-archive.github.io/ron-english-light-cult-2001-3000/items/lccc-2740.html","https://opensea.io/item/ethereum/0xbe85fbd182af91290be7293438ae67549638189f/2740","MISSING SOURCE IMAGE","No source image found for token #2740"
"2741","2741","Light Cult Crypto Club #2741","RE-004551","2701-2800","D:\github\ron-english-nfts\light-cult-crypto-club\images\LCCC-2741.png","7256","images/2701-2800/LCCC-2741.png","LCCC-2741.png","D:\github\ron-english-light-cult-2001-3000\images\2701-2800\LCCC-2741.png","items/lccc-2741.html","https://ronenglish-archive.github.io/ron-english-light-cult-2001-3000/items/lccc-2741.html","https://opensea.io/item/ethereum/0xbe85fbd182af91290be7293438ae67549638189f/2741","OK",""
"2742","2742","Light Cult Crypto Club #2742","RE-004552","2701-2800","D:\github\ron-english-nfts\light-cult-crypto-club\images\LCCC-2742.png","22099","images/2701-2800/LCCC-2742.png","LCCC-2742.png","D:\github\ron-english-light-cult-2001-3000\images\2701-2800\LCCC-2742.png","items/lccc-2742.html","https://ronenglish-archive.github.io/ron-english-light-cult-2001-3000/items/lccc-2742.html","https://opensea.io/item/ethereum/0xbe85fbd182af91290be7293438ae67549638189f/2742","OK",""
"2743","2743","Light Cult Crypto Club #2743","RE-004553","2701-2800","D:\github\ron-english-nfts\light-cult-crypto-club\images\LCCC-2743.png","17086","images/2701-2800/LCCC-2743.png","LCCC-2743.png","D:\github\ron-english-light-cult-2001-3000\images\2701-2800\LCCC-2743.png","items/lccc-2743.html","https://ronenglish-archive.github.io/ron-english-light-cult-2001-3000/items/lccc-2743.html","https://opensea.io/item/ethereum/0xbe85fbd182af91290be7293438ae67549638189f/2743","OK",""
"2744","2744","Light Cult Crypto Club #2744","RE-004554","2701-2800","D:\github\ron-english-nfts\light-cult-crypto-club\images\LCCC-2744.png","24264","images/2701-2800/LCCC-2744.png","LCCC-2744.png","D:\github\ron-english-light-cult-2001-3000\images\2701-2800\LCCC-2744.png","items/lccc-2744.html","https://ronenglish-archive.github.io/ron-english-light-cult-2001-3000/items/lccc-2744.html","https://opensea.io/item/ethereum/0xbe85fbd182af91290be7293438ae67549638189f/2744","OK",""
"2745","2745","Light Cult Crypto Club #2745","RE-004555","2701-2800","D:\github\ron-english-nfts\light-cult-crypto-club\images\LCCC-2745.png","14423","images/2701-2800/LCCC-2745.png","LCCC-2745.png","D:\github\ron-english-light-cult-2001-3000\images\2701-2800\LCCC-2745.png","items/lccc-2745.html","https://ronenglish-archive.github.io/ron-english-light-cult-2001-3000/items/lccc-2745.html","https://opensea.io/item/ethereum/0xbe85fbd182af91290be7293438ae67549638189f/2745","OK",""
"2746","2746","Light Cult Crypto Club #2746","RE-004556","2701-2800","D:\github\ron-english-nfts\light-cult-crypto-club\images\LCCC-2746.png","18204","images/2701-2800/LCCC-2746.png","LCCC-2746.png","D:\github\ron-english-light-cult-2001-3000\images\2701-2800\LCCC-2746.png","items/lccc-2746.html","https://ronenglish-archive.github.io/ron-english-light-cult-2001-3000/items/lccc-2746.html","https://opensea.io/item/ethereum/0xbe85fbd182af91290be7293438ae67549638189f/2746","OK",""
"2747","2747","Light Cult Crypto Club #2747","RE-004557","2701-2800","D:\github\ron-english-nfts\light-cult-crypto-club\images\LCCC-2747.png","33078","images/2701-2800/LCCC-2747.png","LCCC-2747.png","D:\github\ron-english-light-cult-2001-3000\images\2701-2800\LCCC-2747.png","items/lccc-2747.html","https://ronenglish-archive.github.io/ron-english-light-cult-2001-3000/items/lccc-2747.html","https://opensea.io/item/ethereum/0xbe85fbd182af91290be7293438ae67549638189f/2747","OK",""
"2748","2748","Light Cult Crypto Club #2748","RE-004558","2701-2800","D:\github\ron-english-nfts\light-cult-crypto-club\images\LCCC-2748.png","22834","images/2701-2800/LCCC-2748.png","LCCC-2748.png","D:\github\ron-english-light-cult-2001-3000\images\2701-2800\LCCC-2748.png","items/lccc-2748.html","https://ronenglish-archive.github.io/ron-english-light-cult-2001-3000/items/lccc-2748.html","https://opensea.io/item/ethereum/0xbe85fbd182af91290be7293438ae67549638189f/2748","OK",""
"2749","2749","Light Cult Crypto Club #2749","RE-004559","2701-2800","D:\github\ron-english-nfts\light-cult-crypto-club\images\LCCC-2749.png","7521","images/2701-2800/LCCC-2749.png","LCCC-2749.png","D:\github\ron-english-light-cult-2001-3000\images\2701-2800\LCCC-2749.png","items/lccc-2749.html","https://ronenglish-archive.github.io/ron-english-light-cult-2001-3000/items/lccc-2749.html","https://opensea.io/item/ethereum/0xbe85fbd182af91290be7293438ae67549638189f/2749","OK",""
"2750","2750","Light Cult Crypto Club #2750","RE-004560","2701-2800","D:\github\ron-english-nfts\light-cult-crypto-club\images\LCCC-2750.png","8350","images/2701-2800/LCCC-2750.png","LCCC-2750.png","D:\github\ron-english-light-cult-2001-3000\images\2701-2800\LCCC-2750.png","items/lccc-2750.html","https://ronenglish-archive.github.io/ron-english-light-cult-2001-3000/items/lccc-2750.html","https://opensea.io/item/ethereum/0xbe85fbd182af91290be7293438ae67549638189f/2750","OK",""
"2751","2751","Light Cult Crypto Club #2751","RE-004561","2701-2800","D:\github\ron-english-nfts\light-cult-crypto-club\images\LCCC-2751.png","7118","images/2701-2800/LCCC-2751.png","LCCC-2751.png","D:\github\ron-english-light-cult-2001-3000\images\2701-2800\LCCC-2751.png","items/lccc-2751.html","https://ronenglish-archive.github.io/ron-english-light-cult-2001-3000/items/lccc-2751.html","https://opensea.io/item/ethereum/0xbe85fbd182af91290be7293438ae67549638189f/2751","OK",""
"2752","2752","Light Cult Crypto Club #2752","RE-004562","2701-2800","D:\github\ron-english-nfts\light-cult-crypto-club\images\LCCC-2752.png","12503","images/2701-2800/LCCC-2752.png","LCCC-2752.png","D:\github\ron-english-light-cult-2001-3000\images\2701-2800\LCCC-2752.png","items/lccc-2752.html","https://ronenglish-archive.github.io/ron-english-light-cult-2001-3000/items/lccc-2752.html","https://opensea.io/item/ethereum/0xbe85fbd182af91290be7293438ae67549638189f/2752","OK",""
"2753","2753","Light Cult Crypto Club #2753","RE-004563","2701-2800","D:\github\ron-english-nfts\light-cult-crypto-club\images\LCCC-2753.png","13119","images/2701-2800/LCCC-2753.png","LCCC-2753.png","D:\github\ron-english-light-cult-2001-3000\images\2701-2800\LCCC-2753.png","items/lccc-2753.html","https://ronenglish-archive.github.io/ron-english-light-cult-2001-3000/items/lccc-2753.html","https://opensea.io/item/ethereum/0xbe85fbd182af91290be7293438ae67549638189f/2753","OK",""
"2754","2754","Light Cult Crypto Club #2754","RE-004564","2701-2800","D:\github\ron-english-nfts\light-cult-crypto-club\images\LCCC-2754.png","8582","images/2701-2800/LCCC-2754.png","LCCC-2754.png","D:\github\ron-english-light-cult-2001-3000\images\2701-2800\LCCC-2754.png","items/lccc-2754.html","https://ronenglish-archive.github.io/ron-english-light-cult-2001-3000/items/lccc-2754.html","https://opensea.io/item/ethereum/0xbe85fbd182af91290be7293438ae67549638189f/2754","OK",""
"2755","2755","Light Cult Crypto Club #2755","RE-004565","2701-2800","D:\github\ron-english-nfts\light-cult-crypto-club\images\LCCC-2755.png","9881","images/2701-2800/LCCC-2755.png","LCCC-2755.png","D:\github\ron-english-light-cult-2001-3000\images\2701-2800\LCCC-2755.png","items/lccc-2755.html","https://ronenglish-archive.github.io/ron-english-light-cult-2001-3000/items/lccc-2755.html","https://opensea.io/item/ethereum/0xbe85fbd182af91290be7293438ae67549638189f/2755","OK",""
"2756","2756","Light Cult Crypto Club #2756","RE-004566","2701-2800","D:\github\ron-english-nfts\light-cult-crypto-club\images\LCCC-2756.png","7292","images/2701-2800/LCCC-2756.png","LCCC-2756.png","D:\github\ron-english-light-cult-2001-3000\images\2701-2800\LCCC-2756.png","items/lccc-2756.html","https://ronenglish-archive.github.io/ron-english-light-cult-2001-3000/items/lccc-2756.html","https://opensea.io/item/ethereum/0xbe85fbd182af91290be7293438ae67549638189f/2756","OK",""
"2757","2757","Light Cult Crypto Club #2757","RE-004567","2701-2800","D:\github\ron-english-nfts\light-cult-crypto-club\images\LCCC-2757.png","11803","images/2701-2800/LCCC-2757.png","LCCC-2757.png","D:\github\ron-english-light-cult-2001-3000\images\2701-2800\LCCC-2757.png","items/lccc-2757.html","https://ronenglish-archive.github.io/ron-english-light-cult-2001-3000/items/lccc-2757.html","https://opensea.io/item/ethereum/0xbe85fbd182af91290be7293438ae67549638189f/2757","OK",""
"2758","2758","Light Cult Crypto Club #2758","RE-004568","2701-2800","D:\github\ron-english-nfts\light-cult-crypto-club\images\LCCC-2758.png","30637","images/2701-2800/LCCC-2758.png","LCCC-2758.png","D:\github\ron-english-light-cult-2001-3000\images\2701-2800\LCCC-2758.png","items/lccc-2758.html","https://ronenglish-archive.github.io/ron-english-light-cult-2001-3000/items/lccc-2758.html","https://opensea.io/item/ethereum/0xbe85fbd182af91290be7293438ae67549638189f/2758","OK",""
"2759","2759","Light Cult Crypto Club #2759","RE-004569","2701-2800","D:\github\ron-english-nfts\light-cult-crypto-club\images\LCCC-2759.png","30770","images/2701-2800/LCCC-2759.png","LCCC-2759.png","D:\github\ron-english-light-cult-2001-3000\images\2701-2800\LCCC-2759.png","items/lccc-2759.html","https://ronenglish-archive.github.io/ron-english-light-cult-2001-3000/items/lccc-2759.html","https://opensea.io/item/ethereum/0xbe85fbd182af91290be7293438ae67549638189f/2759","OK",""
"2760","2760","Light Cult Crypto Club #2760","RE-004570","2701-2800","D:\github\ron-english-nfts\light-cult-crypto-club\images\LCCC-2760.png","8285","images/2701-2800/LCCC-2760.png","LCCC-2760.png","D:\github\ron-english-light-cult-2001-3000\images\2701-2800\LCCC-2760.png","items/lccc-2760.html","https://ronenglish-archive.github.io/ron-english-light-cult-2001-3000/items/lccc-2760.html","https://opensea.io/item/ethereum/0xbe85fbd182af91290be7293438ae67549638189f/2760","OK",""
"2761","2761","Light Cult Crypto Club #2761","RE-004571","2701-2800","D:\github\ron-english-nfts\light-cult-crypto-club\images\LCCC-2761.png","31725","images/2701-2800/LCCC-2761.png","LCCC-2761.png","D:\github\ron-english-light-cult-2001-3000\images\2701-2800\LCCC-2761.png","items/lccc-2761.html","https://ronenglish-archive.github.io/ron-english-light-cult-2001-3000/items/lccc-2761.html","https://opensea.io/item/ethereum/0xbe85fbd182af91290be7293438ae67549638189f/2761","OK",""
"2762","2762","Light Cult Crypto Club #2762","RE-004572","2701-2800","D:\github\ron-english-nfts\light-cult-crypto-club\images\LCCC-2762.png","20473","images/2701-2800/LCCC-2762.png","LCCC-2762.png","D:\github\ron-english-light-cult-2001-3000\images\2701-2800\LCCC-2762.png","items/lccc-2762.html","https://ronenglish-archive.github.io/ron-english-light-cult-2001-3000/items/lccc-2762.html","https://opensea.io/item/ethereum/0xbe85fbd182af91290be7293438ae67549638189f/2762","OK",""
"2763","2763","Light Cult Crypto Club #2763","RE-004573","2701-2800","D:\github\ron-english-nfts\light-cult-crypto-club\images\LCCC-2763.png","15323","images/2701-2800/LCCC-2763.png","LCCC-2763.png","D:\github\ron-english-light-cult-2001-3000\images\2701-2800\LCCC-2763.png","items/lccc-2763.html","https://ronenglish-archive.github.io/ron-english-light-cult-2001-3000/items/lccc-2763.html","https://opensea.io/item/ethereum/0xbe85fbd182af91290be7293438ae67549638189f/2763","OK",""
"2764","2764","Light Cult Crypto Club #2764","RE-004574","2701-2800","D:\github\ron-english-nfts\light-cult-crypto-club\images\LCCC-2764.png","15652","images/2701-2800/LCCC-2764.png","LCCC-2764.png","D:\github\ron-english-light-cult-2001-3000\images\2701-2800\LCCC-2764.png","items/lccc-2764.html","https://ronenglish-archive.github.io/ron-english-light-cult-2001-3000/items/lccc-2764.html","https://opensea.io/item/ethereum/0xbe85fbd182af91290be7293438ae67549638189f/2764","OK",""
"2765","2765","Light Cult Crypto Club #2765","RE-004575","2701-2800","D:\github\ron-english-nfts\light-cult-crypto-club\images\LCCC-2765.png","34499","images/2701-2800/LCCC-2765.png","LCCC-2765.png","D:\github\ron-english-light-cult-2001-3000\images\2701-2800\LCCC-2765.png","items/lccc-2765.html","https://ronenglish-archive.github.io/ron-english-light-cult-2001-3000/items/lccc-2765.html","https://opensea.io/item/ethereum/0xbe85fbd182af91290be7293438ae67549638189f/2765","OK",""
"2766","2766","Light Cult Crypto Club #2766","RE-004576","2701-2800","","","","","","items/lccc-2766.html","https://ronenglish-archive.github.io/ron-english-light-cult-2001-3000/items/lccc-2766.html","https://opensea.io/item/ethereum/0xbe85fbd182af91290be7293438ae67549638189f/2766","MISSING SOURCE IMAGE","No source image found for token #2766"
"2767","2767","Light Cult Crypto Club #2767","RE-004577","2701-2800","","","","","","items/lccc-2767.html","https://ronenglish-archive.github.io/ron-english-light-cult-2001-3000/items/lccc-2767.html","https://opensea.io/item/ethereum/0xbe85fbd182af91290be7293438ae67549638189f/2767","MISSING SOURCE IMAGE","No source image found for token #2767"
"2768","2768","Light Cult Crypto Club #2768","RE-004578","2701-2800","D:\github\ron-english-nfts\light-cult-crypto-club\images\LCCC-2768.png","37922","images/2701-2800/LCCC-2768.png","LCCC-2768.png","D:\github\ron-english-light-cult-2001-3000\images\2701-2800\LCCC-2768.png","items/lccc-2768.html","https://ronenglish-archive.github.io/ron-english-light-cult-2001-3000/items/lccc-2768.html","https://opensea.io/item/ethereum/0xbe85fbd182af91290be7293438ae67549638189f/2768","OK",""
"2769","2769","Light Cult Crypto Club #2769","RE-004579","2701-2800","D:\github\ron-english-nfts\light-cult-crypto-club\images\LCCC-2769.png","25102","images/2701-2800/LCCC-2769.png","LCCC-2769.png","D:\github\ron-english-light-cult-2001-3000\images\2701-2800\LCCC-2769.png","items/lccc-2769.html","https://ronenglish-archive.github.io/ron-english-light-cult-2001-3000/items/lccc-2769.html","https://opensea.io/item/ethereum/0xbe85fbd182af91290be7293438ae67549638189f/2769","OK",""
"2770","2770","Light Cult Crypto Club #2770","RE-004580","2701-2800","","","","","","items/lccc-2770.html","https://ronenglish-archive.github.io/ron-english-light-cult-2001-3000/items/lccc-2770.html","https://opensea.io/item/ethereum/0xbe85fbd182af91290be7293438ae67549638189f/2770","MISSING SOURCE IMAGE","No source image found for token #2770"
"2771","2771","Light Cult Crypto Club #2771","RE-004581","2701-2800","","","","","","items/lccc-2771.html","https://ronenglish-archive.github.io/ron-english-light-cult-2001-3000/items/lccc-2771.html","https://opensea.io/item/ethereum/0xbe85fbd182af91290be7293438ae67549638189f/2771","MISSING SOURCE IMAGE","No source image found for token #2771"
"2772","2772","Light Cult Crypto Club #2772","RE-004582","2701-2800","D:\github\ron-english-nfts\light-cult-crypto-club\images\LCCC-2772.png","12505","images/2701-2800/LCCC-2772.png","LCCC-2772.png","D:\github\ron-english-light-cult-2001-3000\images\2701-2800\LCCC-2772.png","items/lccc-2772.html","https://ronenglish-archive.github.io/ron-english-light-cult-2001-3000/items/lccc-2772.html","https://opensea.io/item/ethereum/0xbe85fbd182af91290be7293438ae67549638189f/2772","OK",""
"2773","2773","Light Cult Crypto Club #2773","RE-004583","2701-2800","D:\github\ron-english-nfts\light-cult-crypto-club\images\LCCC-2773.png","20202","images/2701-2800/LCCC-2773.png","LCCC-2773.png","D:\github\ron-english-light-cult-2001-3000\images\2701-2800\LCCC-2773.png","items/lccc-2773.html","https://ronenglish-archive.github.io/ron-english-light-cult-2001-3000/items/lccc-2773.html","https://opensea.io/item/ethereum/0xbe85fbd182af91290be7293438ae67549638189f/2773","OK",""
"2774","2774","Light Cult Crypto Club #2774","RE-004584","2701-2800","D:\github\ron-english-nfts\light-cult-crypto-club\images\LCCC-2774.png","34287","images/2701-2800/LCCC-2774.png","LCCC-2774.png","D:\github\ron-english-light-cult-2001-3000\images\2701-2800\LCCC-2774.png","items/lccc-2774.html","https://ronenglish-archive.github.io/ron-english-light-cult-2001-3000/items/lccc-2774.html","https://opensea.io/item/ethereum/0xbe85fbd182af91290be7293438ae67549638189f/2774","OK",""
"2775","2775","Light Cult Crypto Club #2775","RE-004585","2701-2800","D:\github\ron-english-nfts\light-cult-crypto-club\images\LCCC-2775.png","7755","images/2701-2800/LCCC-2775.png","LCCC-2775.png","D:\github\ron-english-light-cult-2001-3000\images\2701-2800\LCCC-2775.png","items/lccc-2775.html","https://ronenglish-archive.github.io/ron-english-light-cult-2001-3000/items/lccc-2775.html","https://opensea.io/item/ethereum/0xbe85fbd182af91290be7293438ae67549638189f/2775","OK",""
"2776","2776","Light Cult Crypto Club #2776","RE-004586","2701-2800","D:\github\ron-english-nfts\light-cult-crypto-club\images\LCCC-2776.png","8303","images/2701-2800/LCCC-2776.png","LCCC-2776.png","D:\github\ron-english-light-cult-2001-3000\images\2701-2800\LCCC-2776.png","items/lccc-2776.html","https://ronenglish-archive.github.io/ron-english-light-cult-2001-3000/items/lccc-2776.html","https://opensea.io/item/ethereum/0xbe85fbd182af91290be7293438ae67549638189f/2776","OK",""
"2777","2777","Light Cult Crypto Club #2777","RE-004587","2701-2800","D:\github\ron-english-nfts\light-cult-crypto-club\images\LCCC-2777.png","25378","images/2701-2800/LCCC-2777.png","LCCC-2777.png","D:\github\ron-english-light-cult-2001-3000\images\2701-2800\LCCC-2777.png","items/lccc-2777.html","https://ronenglish-archive.github.io/ron-english-light-cult-2001-3000/items/lccc-2777.html","https://opensea.io/item/ethereum/0xbe85fbd182af91290be7293438ae67549638189f/2777","OK",""
"2778","2778","Light Cult Crypto Club #2778","RE-004588","2701-2800","D:\github\ron-english-nfts\light-cult-crypto-club\images\LCCC-2778.png","38805","images/2701-2800/LCCC-2778.png","LCCC-2778.png","D:\github\ron-english-light-cult-2001-3000\images\2701-2800\LCCC-2778.png","items/lccc-2778.html","https://ronenglish-archive.github.io/ron-english-light-cult-2001-3000/items/lccc-2778.html","https://opensea.io/item/ethereum/0xbe85fbd182af91290be7293438ae67549638189f/2778","OK",""
"2779","2779","Light Cult Crypto Club #2779","RE-004589","2701-2800","D:\github\ron-english-nfts\light-cult-crypto-club\images\LCCC-2779.png","17269","images/2701-2800/LCCC-2779.png","LCCC-2779.png","D:\github\ron-english-light-cult-2001-3000\images\2701-2800\LCCC-2779.png","items/lccc-2779.html","https://ronenglish-archive.github.io/ron-english-light-cult-2001-3000/items/lccc-2779.html","https://opensea.io/item/ethereum/0xbe85fbd182af91290be7293438ae67549638189f/2779","OK",""
"2780","2780","Light Cult Crypto Club #2780","RE-004590","2701-2800","D:\github\ron-english-nfts\light-cult-crypto-club\images\LCCC-2780.png","8975","images/2701-2800/LCCC-2780.png","LCCC-2780.png","D:\github\ron-english-light-cult-2001-3000\images\2701-2800\LCCC-2780.png","items/lccc-2780.html","https://ronenglish-archive.github.io/ron-english-light-cult-2001-3000/items/lccc-2780.html","https://opensea.io/item/ethereum/0xbe85fbd182af91290be7293438ae67549638189f/2780","OK",""
"2781","2781","Light Cult Crypto Club #2781","RE-004591","2701-2800","D:\github\ron-english-nfts\light-cult-crypto-club\images\LCCC-2781.png","29629","images/2701-2800/LCCC-2781.png","LCCC-2781.png","D:\github\ron-english-light-cult-2001-3000\images\2701-2800\LCCC-2781.png","items/lccc-2781.html","https://ronenglish-archive.github.io/ron-english-light-cult-2001-3000/items/lccc-2781.html","https://opensea.io/item/ethereum/0xbe85fbd182af91290be7293438ae67549638189f/2781","OK",""
"2782","2782","Light Cult Crypto Club #2782","RE-004592","2701-2800","D:\github\ron-english-nfts\light-cult-crypto-club\images\LCCC-2782.png","10891","images/2701-2800/LCCC-2782.png","LCCC-2782.png","D:\github\ron-english-light-cult-2001-3000\images\2701-2800\LCCC-2782.png","items/lccc-2782.html","https://ronenglish-archive.github.io/ron-english-light-cult-2001-3000/items/lccc-2782.html","https://opensea.io/item/ethereum/0xbe85fbd182af91290be7293438ae67549638189f/2782","OK",""
"2783","2783","Light Cult Crypto Club #2783","RE-004593","2701-2800","D:\github\ron-english-nfts\light-cult-crypto-club\images\LCCC-2783.png","26219","images/2701-2800/LCCC-2783.png","LCCC-2783.png","D:\github\ron-english-light-cult-2001-3000\images\2701-2800\LCCC-2783.png","items/lccc-2783.html","https://ronenglish-archive.github.io/ron-english-light-cult-2001-3000/items/lccc-2783.html","https://opensea.io/item/ethereum/0xbe85fbd182af91290be7293438ae67549638189f/2783","OK",""
"2784","2784","Light Cult Crypto Club #2784","RE-004594","2701-2800","D:\github\ron-english-nfts\light-cult-crypto-club\images\LCCC-2784.png","10972","images/2701-2800/LCCC-2784.png","LCCC-2784.png","D:\github\ron-english-light-cult-2001-3000\images\2701-2800\LCCC-2784.png","items/lccc-2784.html","https://ronenglish-archive.github.io/ron-english-light-cult-2001-3000/items/lccc-2784.html","https://opensea.io/item/ethereum/0xbe85fbd182af91290be7293438ae67549638189f/2784","OK",""
"2785","2785","Light Cult Crypto Club #2785","RE-004595","2701-2800","D:\github\ron-english-nfts\light-cult-crypto-club\images\LCCC-2785.png","49554","images/2701-2800/LCCC-2785.png","LCCC-2785.png","D:\github\ron-english-light-cult-2001-3000\images\2701-2800\LCCC-2785.png","items/lccc-2785.html","https://ronenglish-archive.github.io/ron-english-light-cult-2001-3000/items/lccc-2785.html","https://opensea.io/item/ethereum/0xbe85fbd182af91290be7293438ae67549638189f/2785","OK",""
"2786","2786","Light Cult Crypto Club #2786","RE-004596","2701-2800","D:\github\ron-english-nfts\light-cult-crypto-club\images\LCCC-2786.png","6146","images/2701-2800/LCCC-2786.png","LCCC-2786.png","D:\github\ron-english-light-cult-2001-3000\images\2701-2800\LCCC-2786.png","items/lccc-2786.html","https://ronenglish-archive.github.io/ron-english-light-cult-2001-3000/items/lccc-2786.html","https://opensea.io/item/ethereum/0xbe85fbd182af91290be7293438ae67549638189f/2786","OK",""
"2787","2787","Light Cult Crypto Club #2787","RE-004597","2701-2800","D:\github\ron-english-nfts\light-cult-crypto-club\images\LCCC-2787.png","19558","images/2701-2800/LCCC-2787.png","LCCC-2787.png","D:\github\ron-english-light-cult-2001-3000\images\2701-2800\LCCC-2787.png","items/lccc-2787.html","https://ronenglish-archive.github.io/ron-english-light-cult-2001-3000/items/lccc-2787.html","https://opensea.io/item/ethereum/0xbe85fbd182af91290be7293438ae67549638189f/2787","OK",""
"2788","2788","Light Cult Crypto Club #2788","RE-004598","2701-2800","D:\github\ron-english-nfts\light-cult-crypto-club\images\LCCC-2788.png","15224","images/2701-2800/LCCC-2788.png","LCCC-2788.png","D:\github\ron-english-light-cult-2001-3000\images\2701-2800\LCCC-2788.png","items/lccc-2788.html","https://ronenglish-archive.github.io/ron-english-light-cult-2001-3000/items/lccc-2788.html","https://opensea.io/item/ethereum/0xbe85fbd182af91290be7293438ae67549638189f/2788","OK",""
"2789","2789","Light Cult Crypto Club #2789","RE-004599","2701-2800","D:\github\ron-english-nfts\light-cult-crypto-club\images\LCCC-2789.png","19265","images/2701-2800/LCCC-2789.png","LCCC-2789.png","D:\github\ron-english-light-cult-2001-3000\images\2701-2800\LCCC-2789.png","items/lccc-2789.html","https://ronenglish-archive.github.io/ron-english-light-cult-2001-3000/items/lccc-2789.html","https://opensea.io/item/ethereum/0xbe85fbd182af91290be7293438ae67549638189f/2789","OK",""
"2790","2790","Light Cult Crypto Club #2790","RE-004600","2701-2800","D:\github\ron-english-nfts\light-cult-crypto-club\images\LCCC-2790.png","35448","images/2701-2800/LCCC-2790.png","LCCC-2790.png","D:\github\ron-english-light-cult-2001-3000\images\2701-2800\LCCC-2790.png","items/lccc-2790.html","https://ronenglish-archive.github.io/ron-english-light-cult-2001-3000/items/lccc-2790.html","https://opensea.io/item/ethereum/0xbe85fbd182af91290be7293438ae67549638189f/2790","OK",""
"2791","2791","Light Cult Crypto Club #2791","RE-004601","2701-2800","D:\github\ron-english-nfts\light-cult-crypto-club\images\LCCC-2791.png","31415","images/2701-2800/LCCC-2791.png","LCCC-2791.png","D:\github\ron-english-light-cult-2001-3000\images\2701-2800\LCCC-2791.png","items/lccc-2791.html","https://ronenglish-archive.github.io/ron-english-light-cult-2001-3000/items/lccc-2791.html","https://opensea.io/item/ethereum/0xbe85fbd182af91290be7293438ae67549638189f/2791","OK",""
"2792","2792","Light Cult Crypto Club #2792","RE-004602","2701-2800","D:\github\ron-english-nfts\light-cult-crypto-club\images\LCCC-2792.png","21632","images/2701-2800/LCCC-2792.png","LCCC-2792.png","D:\github\ron-english-light-cult-2001-3000\images\2701-2800\LCCC-2792.png","items/lccc-2792.html","https://ronenglish-archive.github.io/ron-english-light-cult-2001-3000/items/lccc-2792.html","https://opensea.io/item/ethereum/0xbe85fbd182af91290be7293438ae67549638189f/2792","OK",""
"2793","2793","Light Cult Crypto Club #2793","RE-004603","2701-2800","","","","","","items/lccc-2793.html","https://ronenglish-archive.github.io/ron-english-light-cult-2001-3000/items/lccc-2793.html","https://opensea.io/item/ethereum/0xbe85fbd182af91290be7293438ae67549638189f/2793","MISSING SOURCE IMAGE","No source image found for token #2793"
"2794","2794","Light Cult Crypto Club #2794","RE-004604","2701-2800","D:\github\ron-english-nfts\light-cult-crypto-club\images\LCCC-2794.png","16772","images/2701-2800/LCCC-2794.png","LCCC-2794.png","D:\github\ron-english-light-cult-2001-3000\images\2701-2800\LCCC-2794.png","items/lccc-2794.html","https://ronenglish-archive.github.io/ron-english-light-cult-2001-3000/items/lccc-2794.html","https://opensea.io/item/ethereum/0xbe85fbd182af91290be7293438ae67549638189f/2794","OK",""
"2795","2795","Light Cult Crypto Club #2795","RE-004605","2701-2800","D:\github\ron-english-nfts\light-cult-crypto-club\images\LCCC-2795.png","26430","images/2701-2800/LCCC-2795.png","LCCC-2795.png","D:\github\ron-english-light-cult-2001-3000\images\2701-2800\LCCC-2795.png","items/lccc-2795.html","https://ronenglish-archive.github.io/ron-english-light-cult-2001-3000/items/lccc-2795.html","https://opensea.io/item/ethereum/0xbe85fbd182af91290be7293438ae67549638189f/2795","OK",""
"2796","2796","Light Cult Crypto Club #2796","RE-004606","2701-2800","","","","","","items/lccc-2796.html","https://ronenglish-archive.github.io/ron-english-light-cult-2001-3000/items/lccc-2796.html","https://opensea.io/item/ethereum/0xbe85fbd182af91290be7293438ae67549638189f/2796","MISSING SOURCE IMAGE","No source image found for token #2796"
"2797","2797","Light Cult Crypto Club #2797","RE-004607","2701-2800","D:\github\ron-english-nfts\light-cult-crypto-club\images\LCCC-2797.png","14483","images/2701-2800/LCCC-2797.png","LCCC-2797.png","D:\github\ron-english-light-cult-2001-3000\images\2701-2800\LCCC-2797.png","items/lccc-2797.html","https://ronenglish-archive.github.io/ron-english-light-cult-2001-3000/items/lccc-2797.html","https://opensea.io/item/ethereum/0xbe85fbd182af91290be7293438ae67549638189f/2797","OK",""
"2798","2798","Light Cult Crypto Club #2798","RE-004608","2701-2800","D:\github\ron-english-nfts\light-cult-crypto-club\images\LCCC-2798.png","28139","images/2701-2800/LCCC-2798.png","LCCC-2798.png","D:\github\ron-english-light-cult-2001-3000\images\2701-2800\LCCC-2798.png","items/lccc-2798.html","https://ronenglish-archive.github.io/ron-english-light-cult-2001-3000/items/lccc-2798.html","https://opensea.io/item/ethereum/0xbe85fbd182af91290be7293438ae67549638189f/2798","OK",""
"2799","2799","Light Cult Crypto Club #2799","RE-004609","2701-2800","D:\github\ron-english-nfts\light-cult-crypto-club\images\LCCC-2799.png","24195","images/2701-2800/LCCC-2799.png","LCCC-2799.png","D:\github\ron-english-light-cult-2001-3000\images\2701-2800\LCCC-2799.png","items/lccc-2799.html","https://ronenglish-archive.github.io/ron-english-light-cult-2001-3000/items/lccc-2799.html","https://opensea.io/item/ethereum/0xbe85fbd182af91290be7293438ae67549638189f/2799","OK",""
"2800","2800","Light Cult Crypto Club #2800","RE-004610","2701-2800","D:\github\ron-english-nfts\light-cult-crypto-club\images\LCCC-2800.png","30198","images/2701-2800/LCCC-2800.png","LCCC-2800.png","D:\github\ron-english-light-cult-2001-3000\images\2701-2800\LCCC-2800.png","items/lccc-2800.html","https://ronenglish-archive.github.io/ron-english-light-cult-2001-3000/items/lccc-2800.html","https://opensea.io/item/ethereum/0xbe85fbd182af91290be7293438ae67549638189f/2800","OK",""
"2801","2801","Light Cult Crypto Club #2801","RE-004611","2801-2900","D:\github\ron-english-nfts\light-cult-crypto-club\images\LCCC-2801.png","17306","images/2801-2900/LCCC-2801.png","LCCC-2801.png","D:\github\ron-english-light-cult-2001-3000\images\2801-2900\LCCC-2801.png","items/lccc-2801.html","https://ronenglish-archive.github.io/ron-english-light-cult-2001-3000/items/lccc-2801.html","https://opensea.io/item/ethereum/0xbe85fbd182af91290be7293438ae67549638189f/2801","OK",""
"2802","2802","Light Cult Crypto Club #2802","RE-004612","2801-2900","D:\github\ron-english-nfts\light-cult-crypto-club\images\LCCC-2802.png","3511","images/2801-2900/LCCC-2802.png","LCCC-2802.png","D:\github\ron-english-light-cult-2001-3000\images\2801-2900\LCCC-2802.png","items/lccc-2802.html","https://ronenglish-archive.github.io/ron-english-light-cult-2001-3000/items/lccc-2802.html","https://opensea.io/item/ethereum/0xbe85fbd182af91290be7293438ae67549638189f/2802","OK",""
"2803","2803","Light Cult Crypto Club #2803","RE-004613","2801-2900","D:\github\ron-english-nfts\light-cult-crypto-club\images\LCCC-2803.png","46851","images/2801-2900/LCCC-2803.png","LCCC-2803.png","D:\github\ron-english-light-cult-2001-3000\images\2801-2900\LCCC-2803.png","items/lccc-2803.html","https://ronenglish-archive.github.io/ron-english-light-cult-2001-3000/items/lccc-2803.html","https://opensea.io/item/ethereum/0xbe85fbd182af91290be7293438ae67549638189f/2803","OK",""
"2804","2804","Light Cult Crypto Club #2804","RE-004614","2801-2900","D:\github\ron-english-nfts\light-cult-crypto-club\images\LCCC-2804.png","11008","images/2801-2900/LCCC-2804.png","LCCC-2804.png","D:\github\ron-english-light-cult-2001-3000\images\2801-2900\LCCC-2804.png","items/lccc-2804.html","https://ronenglish-archive.github.io/ron-english-light-cult-2001-3000/items/lccc-2804.html","https://opensea.io/item/ethereum/0xbe85fbd182af91290be7293438ae67549638189f/2804","OK",""
"2805","2805","Light Cult Crypto Club #2805","RE-004615","2801-2900","D:\github\ron-english-nfts\light-cult-crypto-club\images\LCCC-2805.png","29202","images/2801-2900/LCCC-2805.png","LCCC-2805.png","D:\github\ron-english-light-cult-2001-3000\images\2801-2900\LCCC-2805.png","items/lccc-2805.html","https://ronenglish-archive.github.io/ron-english-light-cult-2001-3000/items/lccc-2805.html","https://opensea.io/item/ethereum/0xbe85fbd182af91290be7293438ae67549638189f/2805","OK",""
"2806","2806","Light Cult Crypto Club #2806","RE-004616","2801-2900","D:\github\ron-english-nfts\light-cult-crypto-club\images\LCCC-2806.png","46531","images/2801-2900/LCCC-2806.png","LCCC-2806.png","D:\github\ron-english-light-cult-2001-3000\images\2801-2900\LCCC-2806.png","items/lccc-2806.html","https://ronenglish-archive.github.io/ron-english-light-cult-2001-3000/items/lccc-2806.html","https://opensea.io/item/ethereum/0xbe85fbd182af91290be7293438ae67549638189f/2806","OK",""
"2807","2807","Light Cult Crypto Club #2807","RE-004617","2801-2900","D:\github\ron-english-nfts\light-cult-crypto-club\images\LCCC-2807.png","19143","images/2801-2900/LCCC-2807.png","LCCC-2807.png","D:\github\ron-english-light-cult-2001-3000\images\2801-2900\LCCC-2807.png","items/lccc-2807.html","https://ronenglish-archive.github.io/ron-english-light-cult-2001-3000/items/lccc-2807.html","https://opensea.io/item/ethereum/0xbe85fbd182af91290be7293438ae67549638189f/2807","OK",""
"2808","2808","Light Cult Crypto Club #2808","RE-004618","2801-2900","D:\github\ron-english-nfts\light-cult-crypto-club\images\LCCC-2808.png","7086","images/2801-2900/LCCC-2808.png","LCCC-2808.png","D:\github\ron-english-light-cult-2001-3000\images\2801-2900\LCCC-2808.png","items/lccc-2808.html","https://ronenglish-archive.github.io/ron-english-light-cult-2001-3000/items/lccc-2808.html","https://opensea.io/item/ethereum/0xbe85fbd182af91290be7293438ae67549638189f/2808","OK",""
"2809","2809","Light Cult Crypto Club #2809","RE-004619","2801-2900","D:\github\ron-english-nfts\light-cult-crypto-club\images\LCCC-2809.png","19563","images/2801-2900/LCCC-2809.png","LCCC-2809.png","D:\github\ron-english-light-cult-2001-3000\images\2801-2900\LCCC-2809.png","items/lccc-2809.html","https://ronenglish-archive.github.io/ron-english-light-cult-2001-3000/items/lccc-2809.html","https://opensea.io/item/ethereum/0xbe85fbd182af91290be7293438ae67549638189f/2809","OK",""
"2810","2810","Light Cult Crypto Club #2810","RE-004620","2801-2900","","","","","","items/lccc-2810.html","https://ronenglish-archive.github.io/ron-english-light-cult-2001-3000/items/lccc-2810.html","https://opensea.io/item/ethereum/0xbe85fbd182af91290be7293438ae67549638189f/2810","MISSING SOURCE IMAGE","No source image found for token #2810"
"2811","2811","Light Cult Crypto Club #2811","RE-004621","2801-2900","D:\github\ron-english-nfts\light-cult-crypto-club\images\LCCC-2811.png","33483","images/2801-2900/LCCC-2811.png","LCCC-2811.png","D:\github\ron-english-light-cult-2001-3000\images\2801-2900\LCCC-2811.png","items/lccc-2811.html","https://ronenglish-archive.github.io/ron-english-light-cult-2001-3000/items/lccc-2811.html","https://opensea.io/item/ethereum/0xbe85fbd182af91290be7293438ae67549638189f/2811","OK",""
"2812","2812","Light Cult Crypto Club #2812","RE-004622","2801-2900","D:\github\ron-english-nfts\light-cult-crypto-club\images\LCCC-2812.png","45592","images/2801-2900/LCCC-2812.png","LCCC-2812.png","D:\github\ron-english-light-cult-2001-3000\images\2801-2900\LCCC-2812.png","items/lccc-2812.html","https://ronenglish-archive.github.io/ron-english-light-cult-2001-3000/items/lccc-2812.html","https://opensea.io/item/ethereum/0xbe85fbd182af91290be7293438ae67549638189f/2812","OK",""
"2813","2813","Light Cult Crypto Club #2813","RE-004623","2801-2900","D:\github\ron-english-nfts\light-cult-crypto-club\images\LCCC-2813.png","12655","images/2801-2900/LCCC-2813.png","LCCC-2813.png","D:\github\ron-english-light-cult-2001-3000\images\2801-2900\LCCC-2813.png","items/lccc-2813.html","https://ronenglish-archive.github.io/ron-english-light-cult-2001-3000/items/lccc-2813.html","https://opensea.io/item/ethereum/0xbe85fbd182af91290be7293438ae67549638189f/2813","OK",""
"2814","2814","Light Cult Crypto Club #2814","RE-004624","2801-2900","D:\github\ron-english-nfts\light-cult-crypto-club\images\LCCC-2814.png","11090","images/2801-2900/LCCC-2814.png","LCCC-2814.png","D:\github\ron-english-light-cult-2001-3000\images\2801-2900\LCCC-2814.png","items/lccc-2814.html","https://ronenglish-archive.github.io/ron-english-light-cult-2001-3000/items/lccc-2814.html","https://opensea.io/item/ethereum/0xbe85fbd182af91290be7293438ae67549638189f/2814","OK",""
"2815","2815","Light Cult Crypto Club #2815","RE-004625","2801-2900","D:\github\ron-english-nfts\light-cult-crypto-club\images\LCCC-2815.png","30772","images/2801-2900/LCCC-2815.png","LCCC-2815.png","D:\github\ron-english-light-cult-2001-3000\images\2801-2900\LCCC-2815.png","items/lccc-2815.html","https://ronenglish-archive.github.io/ron-english-light-cult-2001-3000/items/lccc-2815.html","https://opensea.io/item/ethereum/0xbe85fbd182af91290be7293438ae67549638189f/2815","OK",""
"2816","2816","Light Cult Crypto Club #2816","RE-004626","2801-2900","D:\github\ron-english-nfts\light-cult-crypto-club\images\LCCC-2816.png","24572","images/2801-2900/LCCC-2816.png","LCCC-2816.png","D:\github\ron-english-light-cult-2001-3000\images\2801-2900\LCCC-2816.png","items/lccc-2816.html","https://ronenglish-archive.github.io/ron-english-light-cult-2001-3000/items/lccc-2816.html","https://opensea.io/item/ethereum/0xbe85fbd182af91290be7293438ae67549638189f/2816","OK",""
"2817","2817","Light Cult Crypto Club #2817","RE-004627","2801-2900","D:\github\ron-english-nfts\light-cult-crypto-club\images\LCCC-2817.png","30666","images/2801-2900/LCCC-2817.png","LCCC-2817.png","D:\github\ron-english-light-cult-2001-3000\images\2801-2900\LCCC-2817.png","items/lccc-2817.html","https://ronenglish-archive.github.io/ron-english-light-cult-2001-3000/items/lccc-2817.html","https://opensea.io/item/ethereum/0xbe85fbd182af91290be7293438ae67549638189f/2817","OK",""
"2818","2818","Light Cult Crypto Club #2818","RE-004628","2801-2900","D:\github\ron-english-nfts\light-cult-crypto-club\images\LCCC-2818.png","7160","images/2801-2900/LCCC-2818.png","LCCC-2818.png","D:\github\ron-english-light-cult-2001-3000\images\2801-2900\LCCC-2818.png","items/lccc-2818.html","https://ronenglish-archive.github.io/ron-english-light-cult-2001-3000/items/lccc-2818.html","https://opensea.io/item/ethereum/0xbe85fbd182af91290be7293438ae67549638189f/2818","OK",""
"2819","2819","Light Cult Crypto Club #2819","RE-004629","2801-2900","D:\github\ron-english-nfts\light-cult-crypto-club\images\LCCC-2819.png","10367","images/2801-2900/LCCC-2819.png","LCCC-2819.png","D:\github\ron-english-light-cult-2001-3000\images\2801-2900\LCCC-2819.png","items/lccc-2819.html","https://ronenglish-archive.github.io/ron-english-light-cult-2001-3000/items/lccc-2819.html","https://opensea.io/item/ethereum/0xbe85fbd182af91290be7293438ae67549638189f/2819","OK",""
"2820","2820","Light Cult Crypto Club #2820","RE-004630","2801-2900","D:\github\ron-english-nfts\light-cult-crypto-club\images\LCCC-2820.png","13780","images/2801-2900/LCCC-2820.png","LCCC-2820.png","D:\github\ron-english-light-cult-2001-3000\images\2801-2900\LCCC-2820.png","items/lccc-2820.html","https://ronenglish-archive.github.io/ron-english-light-cult-2001-3000/items/lccc-2820.html","https://opensea.io/item/ethereum/0xbe85fbd182af91290be7293438ae67549638189f/2820","OK",""
"2821","2821","Light Cult Crypto Club #2821","RE-004631","2801-2900","D:\github\ron-english-nfts\light-cult-crypto-club\images\LCCC-2821.png","30373","images/2801-2900/LCCC-2821.png","LCCC-2821.png","D:\github\ron-english-light-cult-2001-3000\images\2801-2900\LCCC-2821.png","items/lccc-2821.html","https://ronenglish-archive.github.io/ron-english-light-cult-2001-3000/items/lccc-2821.html","https://opensea.io/item/ethereum/0xbe85fbd182af91290be7293438ae67549638189f/2821","OK",""
"2822","2822","Light Cult Crypto Club #2822","RE-004632","2801-2900","D:\github\ron-english-nfts\light-cult-crypto-club\images\LCCC-2822.png","15768","images/2801-2900/LCCC-2822.png","LCCC-2822.png","D:\github\ron-english-light-cult-2001-3000\images\2801-2900\LCCC-2822.png","items/lccc-2822.html","https://ronenglish-archive.github.io/ron-english-light-cult-2001-3000/items/lccc-2822.html","https://opensea.io/item/ethereum/0xbe85fbd182af91290be7293438ae67549638189f/2822","OK",""
"2823","2823","Light Cult Crypto Club #2823","RE-004633","2801-2900","D:\github\ron-english-nfts\light-cult-crypto-club\images\LCCC-2823.png","14297","images/2801-2900/LCCC-2823.png","LCCC-2823.png","D:\github\ron-english-light-cult-2001-3000\images\2801-2900\LCCC-2823.png","items/lccc-2823.html","https://ronenglish-archive.github.io/ron-english-light-cult-2001-3000/items/lccc-2823.html","https://opensea.io/item/ethereum/0xbe85fbd182af91290be7293438ae67549638189f/2823","OK",""
"2824","2824","Light Cult Crypto Club #2824","RE-004634","2801-2900","D:\github\ron-english-nfts\light-cult-crypto-club\images\LCCC-2824.png","9254","images/2801-2900/LCCC-2824.png","LCCC-2824.png","D:\github\ron-english-light-cult-2001-3000\images\2801-2900\LCCC-2824.png","items/lccc-2824.html","https://ronenglish-archive.github.io/ron-english-light-cult-2001-3000/items/lccc-2824.html","https://opensea.io/item/ethereum/0xbe85fbd182af91290be7293438ae67549638189f/2824","OK",""
"2825","2825","Light Cult Crypto Club #2825","RE-004635","2801-2900","D:\github\ron-english-nfts\light-cult-crypto-club\images\LCCC-2825.png","10930","images/2801-2900/LCCC-2825.png","LCCC-2825.png","D:\github\ron-english-light-cult-2001-3000\images\2801-2900\LCCC-2825.png","items/lccc-2825.html","https://ronenglish-archive.github.io/ron-english-light-cult-2001-3000/items/lccc-2825.html","https://opensea.io/item/ethereum/0xbe85fbd182af91290be7293438ae67549638189f/2825","OK",""
"2826","2826","Light Cult Crypto Club #2826","RE-004636","2801-2900","D:\github\ron-english-nfts\light-cult-crypto-club\images\LCCC-2826.png","32008","images/2801-2900/LCCC-2826.png","LCCC-2826.png","D:\github\ron-english-light-cult-2001-3000\images\2801-2900\LCCC-2826.png","items/lccc-2826.html","https://ronenglish-archive.github.io/ron-english-light-cult-2001-3000/items/lccc-2826.html","https://opensea.io/item/ethereum/0xbe85fbd182af91290be7293438ae67549638189f/2826","OK",""
"2827","2827","Light Cult Crypto Club #2827","RE-004637","2801-2900","D:\github\ron-english-nfts\light-cult-crypto-club\images\LCCC-2827.png","14083","images/2801-2900/LCCC-2827.png","LCCC-2827.png","D:\github\ron-english-light-cult-2001-3000\images\2801-2900\LCCC-2827.png","items/lccc-2827.html","https://ronenglish-archive.github.io/ron-english-light-cult-2001-3000/items/lccc-2827.html","https://opensea.io/item/ethereum/0xbe85fbd182af91290be7293438ae67549638189f/2827","OK",""
"2828","2828","Light Cult Crypto Club #2828","RE-004638","2801-2900","","","","","","items/lccc-2828.html","https://ronenglish-archive.github.io/ron-english-light-cult-2001-3000/items/lccc-2828.html","https://opensea.io/item/ethereum/0xbe85fbd182af91290be7293438ae67549638189f/2828","MISSING SOURCE IMAGE","No source image found for token #2828"
"2829","2829","Light Cult Crypto Club #2829","RE-004639","2801-2900","D:\github\ron-english-nfts\light-cult-crypto-club\images\LCCC-2829.png","30323","images/2801-2900/LCCC-2829.png","LCCC-2829.png","D:\github\ron-english-light-cult-2001-3000\images\2801-2900\LCCC-2829.png","items/lccc-2829.html","https://ronenglish-archive.github.io/ron-english-light-cult-2001-3000/items/lccc-2829.html","https://opensea.io/item/ethereum/0xbe85fbd182af91290be7293438ae67549638189f/2829","OK",""
"2830","2830","Light Cult Crypto Club #2830","RE-004640","2801-2900","D:\github\ron-english-nfts\light-cult-crypto-club\images\LCCC-2830.png","10807","images/2801-2900/LCCC-2830.png","LCCC-2830.png","D:\github\ron-english-light-cult-2001-3000\images\2801-2900\LCCC-2830.png","items/lccc-2830.html","https://ronenglish-archive.github.io/ron-english-light-cult-2001-3000/items/lccc-2830.html","https://opensea.io/item/ethereum/0xbe85fbd182af91290be7293438ae67549638189f/2830","OK",""
"2831","2831","Light Cult Crypto Club #2831","RE-004641","2801-2900","D:\github\ron-english-nfts\light-cult-crypto-club\images\LCCC-2831.png","23540","images/2801-2900/LCCC-2831.png","LCCC-2831.png","D:\github\ron-english-light-cult-2001-3000\images\2801-2900\LCCC-2831.png","items/lccc-2831.html","https://ronenglish-archive.github.io/ron-english-light-cult-2001-3000/items/lccc-2831.html","https://opensea.io/item/ethereum/0xbe85fbd182af91290be7293438ae67549638189f/2831","OK",""
"2832","2832","Light Cult Crypto Club #2832","RE-004642","2801-2900","D:\github\ron-english-nfts\light-cult-crypto-club\images\LCCC-2832.png","7191","images/2801-2900/LCCC-2832.png","LCCC-2832.png","D:\github\ron-english-light-cult-2001-3000\images\2801-2900\LCCC-2832.png","items/lccc-2832.html","https://ronenglish-archive.github.io/ron-english-light-cult-2001-3000/items/lccc-2832.html","https://opensea.io/item/ethereum/0xbe85fbd182af91290be7293438ae67549638189f/2832","OK",""
"2833","2833","Light Cult Crypto Club #2833","RE-004643","2801-2900","D:\github\ron-english-nfts\light-cult-crypto-club\images\LCCC-2833.png","30745","images/2801-2900/LCCC-2833.png","LCCC-2833.png","D:\github\ron-english-light-cult-2001-3000\images\2801-2900\LCCC-2833.png","items/lccc-2833.html","https://ronenglish-archive.github.io/ron-english-light-cult-2001-3000/items/lccc-2833.html","https://opensea.io/item/ethereum/0xbe85fbd182af91290be7293438ae67549638189f/2833","OK",""
"2834","2834","Light Cult Crypto Club #2834","RE-004644","2801-2900","","","","","","items/lccc-2834.html","https://ronenglish-archive.github.io/ron-english-light-cult-2001-3000/items/lccc-2834.html","https://opensea.io/item/ethereum/0xbe85fbd182af91290be7293438ae67549638189f/2834","MISSING SOURCE IMAGE","No source image found for token #2834"
"2835","2835","Light Cult Crypto Club #2835","RE-004645","2801-2900","","","","","","items/lccc-2835.html","https://ronenglish-archive.github.io/ron-english-light-cult-2001-3000/items/lccc-2835.html","https://opensea.io/item/ethereum/0xbe85fbd182af91290be7293438ae67549638189f/2835","MISSING SOURCE IMAGE","No source image found for token #2835"
"2836","2836","Light Cult Crypto Club #2836","RE-004646","2801-2900","D:\github\ron-english-nfts\light-cult-crypto-club\images\LCCC-2836.png","10626","images/2801-2900/LCCC-2836.png","LCCC-2836.png","D:\github\ron-english-light-cult-2001-3000\images\2801-2900\LCCC-2836.png","items/lccc-2836.html","https://ronenglish-archive.github.io/ron-english-light-cult-2001-3000/items/lccc-2836.html","https://opensea.io/item/ethereum/0xbe85fbd182af91290be7293438ae67549638189f/2836","OK",""
"2837","2837","Light Cult Crypto Club #2837","RE-004647","2801-2900","D:\github\ron-english-nfts\light-cult-crypto-club\images\LCCC-2837.png","26280","images/2801-2900/LCCC-2837.png","LCCC-2837.png","D:\github\ron-english-light-cult-2001-3000\images\2801-2900\LCCC-2837.png","items/lccc-2837.html","https://ronenglish-archive.github.io/ron-english-light-cult-2001-3000/items/lccc-2837.html","https://opensea.io/item/ethereum/0xbe85fbd182af91290be7293438ae67549638189f/2837","OK",""
"2838","2838","Light Cult Crypto Club #2838","RE-004648","2801-2900","D:\github\ron-english-nfts\light-cult-crypto-club\images\LCCC-2838.png","16103","images/2801-2900/LCCC-2838.png","LCCC-2838.png","D:\github\ron-english-light-cult-2001-3000\images\2801-2900\LCCC-2838.png","items/lccc-2838.html","https://ronenglish-archive.github.io/ron-english-light-cult-2001-3000/items/lccc-2838.html","https://opensea.io/item/ethereum/0xbe85fbd182af91290be7293438ae67549638189f/2838","OK",""
"2839","2839","Light Cult Crypto Club #2839","RE-004649","2801-2900","D:\github\ron-english-nfts\light-cult-crypto-club\images\LCCC-2839.png","8632","images/2801-2900/LCCC-2839.png","LCCC-2839.png","D:\github\ron-english-light-cult-2001-3000\images\2801-2900\LCCC-2839.png","items/lccc-2839.html","https://ronenglish-archive.github.io/ron-english-light-cult-2001-3000/items/lccc-2839.html","https://opensea.io/item/ethereum/0xbe85fbd182af91290be7293438ae67549638189f/2839","OK",""
"2840","2840","Light Cult Crypto Club #2840","RE-004650","2801-2900","D:\github\ron-english-nfts\light-cult-crypto-club\images\LCCC-2840.png","16386","images/2801-2900/LCCC-2840.png","LCCC-2840.png","D:\github\ron-english-light-cult-2001-3000\images\2801-2900\LCCC-2840.png","items/lccc-2840.html","https://ronenglish-archive.github.io/ron-english-light-cult-2001-3000/items/lccc-2840.html","https://opensea.io/item/ethereum/0xbe85fbd182af91290be7293438ae67549638189f/2840","OK",""
"2841","2841","Light Cult Crypto Club #2841","RE-004651","2801-2900","D:\github\ron-english-nfts\light-cult-crypto-club\images\LCCC-2841.png","32255","images/2801-2900/LCCC-2841.png","LCCC-2841.png","D:\github\ron-english-light-cult-2001-3000\images\2801-2900\LCCC-2841.png","items/lccc-2841.html","https://ronenglish-archive.github.io/ron-english-light-cult-2001-3000/items/lccc-2841.html","https://opensea.io/item/ethereum/0xbe85fbd182af91290be7293438ae67549638189f/2841","OK",""
"2842","2842","Light Cult Crypto Club #2842","RE-004652","2801-2900","D:\github\ron-english-nfts\light-cult-crypto-club\images\LCCC-2842.png","9167","images/2801-2900/LCCC-2842.png","LCCC-2842.png","D:\github\ron-english-light-cult-2001-3000\images\2801-2900\LCCC-2842.png","items/lccc-2842.html","https://ronenglish-archive.github.io/ron-english-light-cult-2001-3000/items/lccc-2842.html","https://opensea.io/item/ethereum/0xbe85fbd182af91290be7293438ae67549638189f/2842","OK",""
"2843","2843","Light Cult Crypto Club #2843","RE-004653","2801-2900","D:\github\ron-english-nfts\light-cult-crypto-club\images\LCCC-2843.png","24001","images/2801-2900/LCCC-2843.png","LCCC-2843.png","D:\github\ron-english-light-cult-2001-3000\images\2801-2900\LCCC-2843.png","items/lccc-2843.html","https://ronenglish-archive.github.io/ron-english-light-cult-2001-3000/items/lccc-2843.html","https://opensea.io/item/ethereum/0xbe85fbd182af91290be7293438ae67549638189f/2843","OK",""
"2844","2844","Light Cult Crypto Club #2844","RE-004654","2801-2900","D:\github\ron-english-nfts\light-cult-crypto-club\images\LCCC-2844.png","11909","images/2801-2900/LCCC-2844.png","LCCC-2844.png","D:\github\ron-english-light-cult-2001-3000\images\2801-2900\LCCC-2844.png","items/lccc-2844.html","https://ronenglish-archive.github.io/ron-english-light-cult-2001-3000/items/lccc-2844.html","https://opensea.io/item/ethereum/0xbe85fbd182af91290be7293438ae67549638189f/2844","OK",""
"2845","2845","Light Cult Crypto Club #2845","RE-004655","2801-2900","D:\github\ron-english-nfts\light-cult-crypto-club\images\LCCC-2845.png","30926","images/2801-2900/LCCC-2845.png","LCCC-2845.png","D:\github\ron-english-light-cult-2001-3000\images\2801-2900\LCCC-2845.png","items/lccc-2845.html","https://ronenglish-archive.github.io/ron-english-light-cult-2001-3000/items/lccc-2845.html","https://opensea.io/item/ethereum/0xbe85fbd182af91290be7293438ae67549638189f/2845","OK",""
"2846","2846","Light Cult Crypto Club #2846","RE-004656","2801-2900","D:\github\ron-english-nfts\light-cult-crypto-club\images\LCCC-2846.png","33750","images/2801-2900/LCCC-2846.png","LCCC-2846.png","D:\github\ron-english-light-cult-2001-3000\images\2801-2900\LCCC-2846.png","items/lccc-2846.html","https://ronenglish-archive.github.io/ron-english-light-cult-2001-3000/items/lccc-2846.html","https://opensea.io/item/ethereum/0xbe85fbd182af91290be7293438ae67549638189f/2846","OK",""
"2847","2847","Light Cult Crypto Club #2847","RE-004657","2801-2900","D:\github\ron-english-nfts\light-cult-crypto-club\images\LCCC-2847.png","30921","images/2801-2900/LCCC-2847.png","LCCC-2847.png","D:\github\ron-english-light-cult-2001-3000\images\2801-2900\LCCC-2847.png","items/lccc-2847.html","https://ronenglish-archive.github.io/ron-english-light-cult-2001-3000/items/lccc-2847.html","https://opensea.io/item/ethereum/0xbe85fbd182af91290be7293438ae67549638189f/2847","OK",""
"2848","2848","Light Cult Crypto Club #2848","RE-004658","2801-2900","D:\github\ron-english-nfts\light-cult-crypto-club\images\LCCC-2848.png","55205","images/2801-2900/LCCC-2848.png","LCCC-2848.png","D:\github\ron-english-light-cult-2001-3000\images\2801-2900\LCCC-2848.png","items/lccc-2848.html","https://ronenglish-archive.github.io/ron-english-light-cult-2001-3000/items/lccc-2848.html","https://opensea.io/item/ethereum/0xbe85fbd182af91290be7293438ae67549638189f/2848","OK",""
"2849","2849","Light Cult Crypto Club #2849","RE-004659","2801-2900","D:\github\ron-english-nfts\light-cult-crypto-club\images\LCCC-2849.png","14356","images/2801-2900/LCCC-2849.png","LCCC-2849.png","D:\github\ron-english-light-cult-2001-3000\images\2801-2900\LCCC-2849.png","items/lccc-2849.html","https://ronenglish-archive.github.io/ron-english-light-cult-2001-3000/items/lccc-2849.html","https://opensea.io/item/ethereum/0xbe85fbd182af91290be7293438ae67549638189f/2849","OK",""
"2850","2850","Light Cult Crypto Club #2850","RE-004660","2801-2900","D:\github\ron-english-nfts\light-cult-crypto-club\images\LCCC-2850.png","4578","images/2801-2900/LCCC-2850.png","LCCC-2850.png","D:\github\ron-english-light-cult-2001-3000\images\2801-2900\LCCC-2850.png","items/lccc-2850.html","https://ronenglish-archive.github.io/ron-english-light-cult-2001-3000/items/lccc-2850.html","https://opensea.io/item/ethereum/0xbe85fbd182af91290be7293438ae67549638189f/2850","OK",""
"2851","2851","Light Cult Crypto Club #2851","RE-004661","2801-2900","D:\github\ron-english-nfts\light-cult-crypto-club\images\LCCC-2851.png","33616","images/2801-2900/LCCC-2851.png","LCCC-2851.png","D:\github\ron-english-light-cult-2001-3000\images\2801-2900\LCCC-2851.png","items/lccc-2851.html","https://ronenglish-archive.github.io/ron-english-light-cult-2001-3000/items/lccc-2851.html","https://opensea.io/item/ethereum/0xbe85fbd182af91290be7293438ae67549638189f/2851","OK",""
"2852","2852","Light Cult Crypto Club #2852","RE-004662","2801-2900","D:\github\ron-english-nfts\light-cult-crypto-club\images\LCCC-2852.png","27732","images/2801-2900/LCCC-2852.png","LCCC-2852.png","D:\github\ron-english-light-cult-2001-3000\images\2801-2900\LCCC-2852.png","items/lccc-2852.html","https://ronenglish-archive.github.io/ron-english-light-cult-2001-3000/items/lccc-2852.html","https://opensea.io/item/ethereum/0xbe85fbd182af91290be7293438ae67549638189f/2852","OK",""
"2853","2853","Light Cult Crypto Club #2853","RE-004663","2801-2900","D:\github\ron-english-nfts\light-cult-crypto-club\images\LCCC-2853.png","9010","images/2801-2900/LCCC-2853.png","LCCC-2853.png","D:\github\ron-english-light-cult-2001-3000\images\2801-2900\LCCC-2853.png","items/lccc-2853.html","https://ronenglish-archive.github.io/ron-english-light-cult-2001-3000/items/lccc-2853.html","https://opensea.io/item/ethereum/0xbe85fbd182af91290be7293438ae67549638189f/2853","OK",""
"2854","2854","Light Cult Crypto Club #2854","RE-004664","2801-2900","D:\github\ron-english-nfts\light-cult-crypto-club\images\LCCC-2854.png","31551","images/2801-2900/LCCC-2854.png","LCCC-2854.png","D:\github\ron-english-light-cult-2001-3000\images\2801-2900\LCCC-2854.png","items/lccc-2854.html","https://ronenglish-archive.github.io/ron-english-light-cult-2001-3000/items/lccc-2854.html","https://opensea.io/item/ethereum/0xbe85fbd182af91290be7293438ae67549638189f/2854","OK",""
"2855","2855","Light Cult Crypto Club #2855","RE-004665","2801-2900","","","","","","items/lccc-2855.html","https://ronenglish-archive.github.io/ron-english-light-cult-2001-3000/items/lccc-2855.html","https://opensea.io/item/ethereum/0xbe85fbd182af91290be7293438ae67549638189f/2855","MISSING SOURCE IMAGE","No source image found for token #2855"
"2856","2856","Light Cult Crypto Club #2856","RE-004666","2801-2900","D:\github\ron-english-nfts\light-cult-crypto-club\images\LCCC-2856.png","6649","images/2801-2900/LCCC-2856.png","LCCC-2856.png","D:\github\ron-english-light-cult-2001-3000\images\2801-2900\LCCC-2856.png","items/lccc-2856.html","https://ronenglish-archive.github.io/ron-english-light-cult-2001-3000/items/lccc-2856.html","https://opensea.io/item/ethereum/0xbe85fbd182af91290be7293438ae67549638189f/2856","OK",""
"2857","2857","Light Cult Crypto Club #2857","RE-004667","2801-2900","D:\github\ron-english-nfts\light-cult-crypto-club\images\LCCC-2857.png","24603","images/2801-2900/LCCC-2857.png","LCCC-2857.png","D:\github\ron-english-light-cult-2001-3000\images\2801-2900\LCCC-2857.png","items/lccc-2857.html","https://ronenglish-archive.github.io/ron-english-light-cult-2001-3000/items/lccc-2857.html","https://opensea.io/item/ethereum/0xbe85fbd182af91290be7293438ae67549638189f/2857","OK",""
"2858","2858","Light Cult Crypto Club #2858","RE-004668","2801-2900","D:\github\ron-english-nfts\light-cult-crypto-club\images\LCCC-2858.png","38730","images/2801-2900/LCCC-2858.png","LCCC-2858.png","D:\github\ron-english-light-cult-2001-3000\images\2801-2900\LCCC-2858.png","items/lccc-2858.html","https://ronenglish-archive.github.io/ron-english-light-cult-2001-3000/items/lccc-2858.html","https://opensea.io/item/ethereum/0xbe85fbd182af91290be7293438ae67549638189f/2858","OK",""
"2859","2859","Light Cult Crypto Club #2859","RE-004669","2801-2900","","","","","","items/lccc-2859.html","https://ronenglish-archive.github.io/ron-english-light-cult-2001-3000/items/lccc-2859.html","https://opensea.io/item/ethereum/0xbe85fbd182af91290be7293438ae67549638189f/2859","MISSING SOURCE IMAGE","No source image found for token #2859"
"2860","2860","Light Cult Crypto Club #2860","RE-004670","2801-2900","D:\github\ron-english-nfts\light-cult-crypto-club\images\LCCC-2860.png","8516","images/2801-2900/LCCC-2860.png","LCCC-2860.png","D:\github\ron-english-light-cult-2001-3000\images\2801-2900\LCCC-2860.png","items/lccc-2860.html","https://ronenglish-archive.github.io/ron-english-light-cult-2001-3000/items/lccc-2860.html","https://opensea.io/item/ethereum/0xbe85fbd182af91290be7293438ae67549638189f/2860","OK",""
"2861","2861","Light Cult Crypto Club #2861","RE-004671","2801-2900","D:\github\ron-english-nfts\light-cult-crypto-club\images\LCCC-2861.png","16239","images/2801-2900/LCCC-2861.png","LCCC-2861.png","D:\github\ron-english-light-cult-2001-3000\images\2801-2900\LCCC-2861.png","items/lccc-2861.html","https://ronenglish-archive.github.io/ron-english-light-cult-2001-3000/items/lccc-2861.html","https://opensea.io/item/ethereum/0xbe85fbd182af91290be7293438ae67549638189f/2861","OK",""
"2862","2862","Light Cult Crypto Club #2862","RE-004672","2801-2900","D:\github\ron-english-nfts\light-cult-crypto-club\images\LCCC-2862.png","18649","images/2801-2900/LCCC-2862.png","LCCC-2862.png","D:\github\ron-english-light-cult-2001-3000\images\2801-2900\LCCC-2862.png","items/lccc-2862.html","https://ronenglish-archive.github.io/ron-english-light-cult-2001-3000/items/lccc-2862.html","https://opensea.io/item/ethereum/0xbe85fbd182af91290be7293438ae67549638189f/2862","OK",""
"2863","2863","Light Cult Crypto Club #2863","RE-004673","2801-2900","D:\github\ron-english-nfts\light-cult-crypto-club\images\LCCC-2863.png","34376","images/2801-2900/LCCC-2863.png","LCCC-2863.png","D:\github\ron-english-light-cult-2001-3000\images\2801-2900\LCCC-2863.png","items/lccc-2863.html","https://ronenglish-archive.github.io/ron-english-light-cult-2001-3000/items/lccc-2863.html","https://opensea.io/item/ethereum/0xbe85fbd182af91290be7293438ae67549638189f/2863","OK",""
"2864","2864","Light Cult Crypto Club #2864","RE-004674","2801-2900","D:\github\ron-english-nfts\light-cult-crypto-club\images\LCCC-2864.png","38059","images/2801-2900/LCCC-2864.png","LCCC-2864.png","D:\github\ron-english-light-cult-2001-3000\images\2801-2900\LCCC-2864.png","items/lccc-2864.html","https://ronenglish-archive.github.io/ron-english-light-cult-2001-3000/items/lccc-2864.html","https://opensea.io/item/ethereum/0xbe85fbd182af91290be7293438ae67549638189f/2864","OK",""
"2865","2865","Light Cult Crypto Club #2865","RE-004675","2801-2900","D:\github\ron-english-nfts\light-cult-crypto-club\images\LCCC-2865.png","10376","images/2801-2900/LCCC-2865.png","LCCC-2865.png","D:\github\ron-english-light-cult-2001-3000\images\2801-2900\LCCC-2865.png","items/lccc-2865.html","https://ronenglish-archive.github.io/ron-english-light-cult-2001-3000/items/lccc-2865.html","https://opensea.io/item/ethereum/0xbe85fbd182af91290be7293438ae67549638189f/2865","OK",""
"2866","2866","Light Cult Crypto Club #2866","RE-004676","2801-2900","D:\github\ron-english-nfts\light-cult-crypto-club\images\LCCC-2866.png","4474","images/2801-2900/LCCC-2866.png","LCCC-2866.png","D:\github\ron-english-light-cult-2001-3000\images\2801-2900\LCCC-2866.png","items/lccc-2866.html","https://ronenglish-archive.github.io/ron-english-light-cult-2001-3000/items/lccc-2866.html","https://opensea.io/item/ethereum/0xbe85fbd182af91290be7293438ae67549638189f/2866","OK",""
"2867","2867","Light Cult Crypto Club #2867","RE-004677","2801-2900","D:\github\ron-english-nfts\light-cult-crypto-club\images\LCCC-2867.png","18012","images/2801-2900/LCCC-2867.png","LCCC-2867.png","D:\github\ron-english-light-cult-2001-3000\images\2801-2900\LCCC-2867.png","items/lccc-2867.html","https://ronenglish-archive.github.io/ron-english-light-cult-2001-3000/items/lccc-2867.html","https://opensea.io/item/ethereum/0xbe85fbd182af91290be7293438ae67549638189f/2867","OK",""
"2868","2868","Light Cult Crypto Club #2868","RE-004678","2801-2900","D:\github\ron-english-nfts\light-cult-crypto-club\images\LCCC-2868.png","11429","images/2801-2900/LCCC-2868.png","LCCC-2868.png","D:\github\ron-english-light-cult-2001-3000\images\2801-2900\LCCC-2868.png","items/lccc-2868.html","https://ronenglish-archive.github.io/ron-english-light-cult-2001-3000/items/lccc-2868.html","https://opensea.io/item/ethereum/0xbe85fbd182af91290be7293438ae67549638189f/2868","OK",""
"2869","2869","Light Cult Crypto Club #2869","RE-004679","2801-2900","D:\github\ron-english-nfts\light-cult-crypto-club\images\LCCC-2869.png","17502","images/2801-2900/LCCC-2869.png","LCCC-2869.png","D:\github\ron-english-light-cult-2001-3000\images\2801-2900\LCCC-2869.png","items/lccc-2869.html","https://ronenglish-archive.github.io/ron-english-light-cult-2001-3000/items/lccc-2869.html","https://opensea.io/item/ethereum/0xbe85fbd182af91290be7293438ae67549638189f/2869","OK",""
"2870","2870","Light Cult Crypto Club #2870","RE-004680","2801-2900","D:\github\ron-english-nfts\light-cult-crypto-club\images\LCCC-2870.png","33600","images/2801-2900/LCCC-2870.png","LCCC-2870.png","D:\github\ron-english-light-cult-2001-3000\images\2801-2900\LCCC-2870.png","items/lccc-2870.html","https://ronenglish-archive.github.io/ron-english-light-cult-2001-3000/items/lccc-2870.html","https://opensea.io/item/ethereum/0xbe85fbd182af91290be7293438ae67549638189f/2870","OK",""
"2871","2871","Light Cult Crypto Club #2871","RE-004681","2801-2900","D:\github\ron-english-nfts\light-cult-crypto-club\images\LCCC-2871.png","9556","images/2801-2900/LCCC-2871.png","LCCC-2871.png","D:\github\ron-english-light-cult-2001-3000\images\2801-2900\LCCC-2871.png","items/lccc-2871.html","https://ronenglish-archive.github.io/ron-english-light-cult-2001-3000/items/lccc-2871.html","https://opensea.io/item/ethereum/0xbe85fbd182af91290be7293438ae67549638189f/2871","OK",""
"2872","2872","Light Cult Crypto Club #2872","RE-004682","2801-2900","D:\github\ron-english-nfts\light-cult-crypto-club\images\LCCC-2872.png","41234","images/2801-2900/LCCC-2872.png","LCCC-2872.png","D:\github\ron-english-light-cult-2001-3000\images\2801-2900\LCCC-2872.png","items/lccc-2872.html","https://ronenglish-archive.github.io/ron-english-light-cult-2001-3000/items/lccc-2872.html","https://opensea.io/item/ethereum/0xbe85fbd182af91290be7293438ae67549638189f/2872","OK",""
"2873","2873","Light Cult Crypto Club #2873","RE-004683","2801-2900","D:\github\ron-english-nfts\light-cult-crypto-club\images\LCCC-2873.png","7659","images/2801-2900/LCCC-2873.png","LCCC-2873.png","D:\github\ron-english-light-cult-2001-3000\images\2801-2900\LCCC-2873.png","items/lccc-2873.html","https://ronenglish-archive.github.io/ron-english-light-cult-2001-3000/items/lccc-2873.html","https://opensea.io/item/ethereum/0xbe85fbd182af91290be7293438ae67549638189f/2873","OK",""
"2874","2874","Light Cult Crypto Club #2874","RE-004684","2801-2900","D:\github\ron-english-nfts\light-cult-crypto-club\images\LCCC-2874.png","6709","images/2801-2900/LCCC-2874.png","LCCC-2874.png","D:\github\ron-english-light-cult-2001-3000\images\2801-2900\LCCC-2874.png","items/lccc-2874.html","https://ronenglish-archive.github.io/ron-english-light-cult-2001-3000/items/lccc-2874.html","https://opensea.io/item/ethereum/0xbe85fbd182af91290be7293438ae67549638189f/2874","OK",""
"2875","2875","Light Cult Crypto Club #2875","RE-004685","2801-2900","D:\github\ron-english-nfts\light-cult-crypto-club\images\LCCC-2875.png","9004","images/2801-2900/LCCC-2875.png","LCCC-2875.png","D:\github\ron-english-light-cult-2001-3000\images\2801-2900\LCCC-2875.png","items/lccc-2875.html","https://ronenglish-archive.github.io/ron-english-light-cult-2001-3000/items/lccc-2875.html","https://opensea.io/item/ethereum/0xbe85fbd182af91290be7293438ae67549638189f/2875","OK",""
"2876","2876","Light Cult Crypto Club #2876","RE-004686","2801-2900","D:\github\ron-english-nfts\light-cult-crypto-club\images\LCCC-2876.png","14579","images/2801-2900/LCCC-2876.png","LCCC-2876.png","D:\github\ron-english-light-cult-2001-3000\images\2801-2900\LCCC-2876.png","items/lccc-2876.html","https://ronenglish-archive.github.io/ron-english-light-cult-2001-3000/items/lccc-2876.html","https://opensea.io/item/ethereum/0xbe85fbd182af91290be7293438ae67549638189f/2876","OK",""
"2877","2877","Light Cult Crypto Club #2877","RE-004687","2801-2900","D:\github\ron-english-nfts\light-cult-crypto-club\images\LCCC-2877.png","29312","images/2801-2900/LCCC-2877.png","LCCC-2877.png","D:\github\ron-english-light-cult-2001-3000\images\2801-2900\LCCC-2877.png","items/lccc-2877.html","https://ronenglish-archive.github.io/ron-english-light-cult-2001-3000/items/lccc-2877.html","https://opensea.io/item/ethereum/0xbe85fbd182af91290be7293438ae67549638189f/2877","OK",""
"2878","2878","Light Cult Crypto Club #2878","RE-004688","2801-2900","D:\github\ron-english-nfts\light-cult-crypto-club\images\LCCC-2878.png","4313","images/2801-2900/LCCC-2878.png","LCCC-2878.png","D:\github\ron-english-light-cult-2001-3000\images\2801-2900\LCCC-2878.png","items/lccc-2878.html","https://ronenglish-archive.github.io/ron-english-light-cult-2001-3000/items/lccc-2878.html","https://opensea.io/item/ethereum/0xbe85fbd182af91290be7293438ae67549638189f/2878","OK",""
"2879","2879","Light Cult Crypto Club #2879","RE-004689","2801-2900","D:\github\ron-english-nfts\light-cult-crypto-club\images\LCCC-2879.png","36491","images/2801-2900/LCCC-2879.png","LCCC-2879.png","D:\github\ron-english-light-cult-2001-3000\images\2801-2900\LCCC-2879.png","items/lccc-2879.html","https://ronenglish-archive.github.io/ron-english-light-cult-2001-3000/items/lccc-2879.html","https://opensea.io/item/ethereum/0xbe85fbd182af91290be7293438ae67549638189f/2879","OK",""
"2880","2880","Light Cult Crypto Club #2880","RE-004690","2801-2900","D:\github\ron-english-nfts\light-cult-crypto-club\images\LCCC-2880.png","11257","images/2801-2900/LCCC-2880.png","LCCC-2880.png","D:\github\ron-english-light-cult-2001-3000\images\2801-2900\LCCC-2880.png","items/lccc-2880.html","https://ronenglish-archive.github.io/ron-english-light-cult-2001-3000/items/lccc-2880.html","https://opensea.io/item/ethereum/0xbe85fbd182af91290be7293438ae67549638189f/2880","OK",""
"2881","2881","Light Cult Crypto Club #2881","RE-004691","2801-2900","D:\github\ron-english-nfts\light-cult-crypto-club\images\LCCC-2881.png","22838","images/2801-2900/LCCC-2881.png","LCCC-2881.png","D:\github\ron-english-light-cult-2001-3000\images\2801-2900\LCCC-2881.png","items/lccc-2881.html","https://ronenglish-archive.github.io/ron-english-light-cult-2001-3000/items/lccc-2881.html","https://opensea.io/item/ethereum/0xbe85fbd182af91290be7293438ae67549638189f/2881","OK",""
"2882","2882","Light Cult Crypto Club #2882","RE-004692","2801-2900","D:\github\ron-english-nfts\light-cult-crypto-club\images\LCCC-2882.png","32772","images/2801-2900/LCCC-2882.png","LCCC-2882.png","D:\github\ron-english-light-cult-2001-3000\images\2801-2900\LCCC-2882.png","items/lccc-2882.html","https://ronenglish-archive.github.io/ron-english-light-cult-2001-3000/items/lccc-2882.html","https://opensea.io/item/ethereum/0xbe85fbd182af91290be7293438ae67549638189f/2882","OK",""
"2883","2883","Light Cult Crypto Club #2883","RE-004693","2801-2900","D:\github\ron-english-nfts\light-cult-crypto-club\images\LCCC-2883.png","8317","images/2801-2900/LCCC-2883.png","LCCC-2883.png","D:\github\ron-english-light-cult-2001-3000\images\2801-2900\LCCC-2883.png","items/lccc-2883.html","https://ronenglish-archive.github.io/ron-english-light-cult-2001-3000/items/lccc-2883.html","https://opensea.io/item/ethereum/0xbe85fbd182af91290be7293438ae67549638189f/2883","OK",""
"2884","2884","Light Cult Crypto Club #2884","RE-004694","2801-2900","","","","","","items/lccc-2884.html","https://ronenglish-archive.github.io/ron-english-light-cult-2001-3000/items/lccc-2884.html","https://opensea.io/item/ethereum/0xbe85fbd182af91290be7293438ae67549638189f/2884","MISSING SOURCE IMAGE","No source image found for token #2884"
"2885","2885","Light Cult Crypto Club #2885","RE-004695","2801-2900","","","","","","items/lccc-2885.html","https://ronenglish-archive.github.io/ron-english-light-cult-2001-3000/items/lccc-2885.html","https://opensea.io/item/ethereum/0xbe85fbd182af91290be7293438ae67549638189f/2885","MISSING SOURCE IMAGE","No source image found for token #2885"
"2886","2886","Light Cult Crypto Club #2886","RE-004696","2801-2900","D:\github\ron-english-nfts\light-cult-crypto-club\images\LCCC-2886.png","2796","images/2801-2900/LCCC-2886.png","LCCC-2886.png","D:\github\ron-english-light-cult-2001-3000\images\2801-2900\LCCC-2886.png","items/lccc-2886.html","https://ronenglish-archive.github.io/ron-english-light-cult-2001-3000/items/lccc-2886.html","https://opensea.io/item/ethereum/0xbe85fbd182af91290be7293438ae67549638189f/2886","OK",""
"2887","2887","Light Cult Crypto Club #2887","RE-004697","2801-2900","D:\github\ron-english-nfts\light-cult-crypto-club\images\LCCC-2887.png","13174","images/2801-2900/LCCC-2887.png","LCCC-2887.png","D:\github\ron-english-light-cult-2001-3000\images\2801-2900\LCCC-2887.png","items/lccc-2887.html","https://ronenglish-archive.github.io/ron-english-light-cult-2001-3000/items/lccc-2887.html","https://opensea.io/item/ethereum/0xbe85fbd182af91290be7293438ae67549638189f/2887","OK",""
"2888","2888","Light Cult Crypto Club #2888","RE-004698","2801-2900","D:\github\ron-english-nfts\light-cult-crypto-club\images\LCCC-2888.png","9352","images/2801-2900/LCCC-2888.png","LCCC-2888.png","D:\github\ron-english-light-cult-2001-3000\images\2801-2900\LCCC-2888.png","items/lccc-2888.html","https://ronenglish-archive.github.io/ron-english-light-cult-2001-3000/items/lccc-2888.html","https://opensea.io/item/ethereum/0xbe85fbd182af91290be7293438ae67549638189f/2888","OK",""
"2889","2889","Light Cult Crypto Club #2889","RE-004699","2801-2900","D:\github\ron-english-nfts\light-cult-crypto-club\images\LCCC-2889.png","7236","images/2801-2900/LCCC-2889.png","LCCC-2889.png","D:\github\ron-english-light-cult-2001-3000\images\2801-2900\LCCC-2889.png","items/lccc-2889.html","https://ronenglish-archive.github.io/ron-english-light-cult-2001-3000/items/lccc-2889.html","https://opensea.io/item/ethereum/0xbe85fbd182af91290be7293438ae67549638189f/2889","OK",""
"2890","2890","Light Cult Crypto Club #2890","RE-004700","2801-2900","D:\github\ron-english-nfts\light-cult-crypto-club\images\LCCC-2890.png","17222","images/2801-2900/LCCC-2890.png","LCCC-2890.png","D:\github\ron-english-light-cult-2001-3000\images\2801-2900\LCCC-2890.png","items/lccc-2890.html","https://ronenglish-archive.github.io/ron-english-light-cult-2001-3000/items/lccc-2890.html","https://opensea.io/item/ethereum/0xbe85fbd182af91290be7293438ae67549638189f/2890","OK",""
"2891","2891","Light Cult Crypto Club #2891","RE-004701","2801-2900","D:\github\ron-english-nfts\light-cult-crypto-club\images\LCCC-2891.png","5664","images/2801-2900/LCCC-2891.png","LCCC-2891.png","D:\github\ron-english-light-cult-2001-3000\images\2801-2900\LCCC-2891.png","items/lccc-2891.html","https://ronenglish-archive.github.io/ron-english-light-cult-2001-3000/items/lccc-2891.html","https://opensea.io/item/ethereum/0xbe85fbd182af91290be7293438ae67549638189f/2891","OK",""
"2892","2892","Light Cult Crypto Club #2892","RE-004702","2801-2900","D:\github\ron-english-nfts\light-cult-crypto-club\images\LCCC-2892.png","22502","images/2801-2900/LCCC-2892.png","LCCC-2892.png","D:\github\ron-english-light-cult-2001-3000\images\2801-2900\LCCC-2892.png","items/lccc-2892.html","https://ronenglish-archive.github.io/ron-english-light-cult-2001-3000/items/lccc-2892.html","https://opensea.io/item/ethereum/0xbe85fbd182af91290be7293438ae67549638189f/2892","OK",""
"2893","2893","Light Cult Crypto Club #2893","RE-004703","2801-2900","","","","","","items/lccc-2893.html","https://ronenglish-archive.github.io/ron-english-light-cult-2001-3000/items/lccc-2893.html","https://opensea.io/item/ethereum/0xbe85fbd182af91290be7293438ae67549638189f/2893","MISSING SOURCE IMAGE","No source image found for token #2893"
"2894","2894","Light Cult Crypto Club #2894","RE-004704","2801-2900","D:\github\ron-english-nfts\light-cult-crypto-club\images\LCCC-2894.png","35852","images/2801-2900/LCCC-2894.png","LCCC-2894.png","D:\github\ron-english-light-cult-2001-3000\images\2801-2900\LCCC-2894.png","items/lccc-2894.html","https://ronenglish-archive.github.io/ron-english-light-cult-2001-3000/items/lccc-2894.html","https://opensea.io/item/ethereum/0xbe85fbd182af91290be7293438ae67549638189f/2894","OK",""
"2895","2895","Light Cult Crypto Club #2895","RE-004705","2801-2900","D:\github\ron-english-nfts\light-cult-crypto-club\images\LCCC-2895.png","7043","images/2801-2900/LCCC-2895.png","LCCC-2895.png","D:\github\ron-english-light-cult-2001-3000\images\2801-2900\LCCC-2895.png","items/lccc-2895.html","https://ronenglish-archive.github.io/ron-english-light-cult-2001-3000/items/lccc-2895.html","https://opensea.io/item/ethereum/0xbe85fbd182af91290be7293438ae67549638189f/2895","OK",""
"2896","2896","Light Cult Crypto Club #2896","RE-004706","2801-2900","D:\github\ron-english-nfts\light-cult-crypto-club\images\LCCC-2896.png","9822","images/2801-2900/LCCC-2896.png","LCCC-2896.png","D:\github\ron-english-light-cult-2001-3000\images\2801-2900\LCCC-2896.png","items/lccc-2896.html","https://ronenglish-archive.github.io/ron-english-light-cult-2001-3000/items/lccc-2896.html","https://opensea.io/item/ethereum/0xbe85fbd182af91290be7293438ae67549638189f/2896","OK",""
"2897","2897","Light Cult Crypto Club #2897","RE-004707","2801-2900","D:\github\ron-english-nfts\light-cult-crypto-club\images\LCCC-2897.png","22920","images/2801-2900/LCCC-2897.png","LCCC-2897.png","D:\github\ron-english-light-cult-2001-3000\images\2801-2900\LCCC-2897.png","items/lccc-2897.html","https://ronenglish-archive.github.io/ron-english-light-cult-2001-3000/items/lccc-2897.html","https://opensea.io/item/ethereum/0xbe85fbd182af91290be7293438ae67549638189f/2897","OK",""
"2898","2898","Light Cult Crypto Club #2898","RE-004708","2801-2900","D:\github\ron-english-nfts\light-cult-crypto-club\images\LCCC-2898.png","31924","images/2801-2900/LCCC-2898.png","LCCC-2898.png","D:\github\ron-english-light-cult-2001-3000\images\2801-2900\LCCC-2898.png","items/lccc-2898.html","https://ronenglish-archive.github.io/ron-english-light-cult-2001-3000/items/lccc-2898.html","https://opensea.io/item/ethereum/0xbe85fbd182af91290be7293438ae67549638189f/2898","OK",""
"2899","2899","Light Cult Crypto Club #2899","RE-004709","2801-2900","D:\github\ron-english-nfts\light-cult-crypto-club\images\LCCC-2899.png","8163","images/2801-2900/LCCC-2899.png","LCCC-2899.png","D:\github\ron-english-light-cult-2001-3000\images\2801-2900\LCCC-2899.png","items/lccc-2899.html","https://ronenglish-archive.github.io/ron-english-light-cult-2001-3000/items/lccc-2899.html","https://opensea.io/item/ethereum/0xbe85fbd182af91290be7293438ae67549638189f/2899","OK",""
"2900","2900","Light Cult Crypto Club #2900","RE-004710","2801-2900","D:\github\ron-english-nfts\light-cult-crypto-club\images\LCCC-2900.png","18299","images/2801-2900/LCCC-2900.png","LCCC-2900.png","D:\github\ron-english-light-cult-2001-3000\images\2801-2900\LCCC-2900.png","items/lccc-2900.html","https://ronenglish-archive.github.io/ron-english-light-cult-2001-3000/items/lccc-2900.html","https://opensea.io/item/ethereum/0xbe85fbd182af91290be7293438ae67549638189f/2900","OK",""
"2901","2901","Light Cult Crypto Club #2901","RE-004711","2901-3000","D:\github\ron-english-nfts\light-cult-crypto-club\images\LCCC-2901.png","27784","images/2901-3000/LCCC-2901.png","LCCC-2901.png","D:\github\ron-english-light-cult-2001-3000\images\2901-3000\LCCC-2901.png","items/lccc-2901.html","https://ronenglish-archive.github.io/ron-english-light-cult-2001-3000/items/lccc-2901.html","https://opensea.io/item/ethereum/0xbe85fbd182af91290be7293438ae67549638189f/2901","OK",""
"2902","2902","Light Cult Crypto Club #2902","RE-004712","2901-3000","","","","","","items/lccc-2902.html","https://ronenglish-archive.github.io/ron-english-light-cult-2001-3000/items/lccc-2902.html","https://opensea.io/item/ethereum/0xbe85fbd182af91290be7293438ae67549638189f/2902","MISSING SOURCE IMAGE","No source image found for token #2902"
"2903","2903","Light Cult Crypto Club #2903","RE-004713","2901-3000","D:\github\ron-english-nfts\light-cult-crypto-club\images\LCCC-2903.png","23353","images/2901-3000/LCCC-2903.png","LCCC-2903.png","D:\github\ron-english-light-cult-2001-3000\images\2901-3000\LCCC-2903.png","items/lccc-2903.html","https://ronenglish-archive.github.io/ron-english-light-cult-2001-3000/items/lccc-2903.html","https://opensea.io/item/ethereum/0xbe85fbd182af91290be7293438ae67549638189f/2903","OK",""
"2904","2904","Light Cult Crypto Club #2904","RE-004714","2901-3000","D:\github\ron-english-nfts\light-cult-crypto-club\images\LCCC-2904.png","31731","images/2901-3000/LCCC-2904.png","LCCC-2904.png","D:\github\ron-english-light-cult-2001-3000\images\2901-3000\LCCC-2904.png","items/lccc-2904.html","https://ronenglish-archive.github.io/ron-english-light-cult-2001-3000/items/lccc-2904.html","https://opensea.io/item/ethereum/0xbe85fbd182af91290be7293438ae67549638189f/2904","OK",""
"2905","2905","Light Cult Crypto Club #2905","RE-004715","2901-3000","D:\github\ron-english-nfts\light-cult-crypto-club\images\LCCC-2905.png","9823","images/2901-3000/LCCC-2905.png","LCCC-2905.png","D:\github\ron-english-light-cult-2001-3000\images\2901-3000\LCCC-2905.png","items/lccc-2905.html","https://ronenglish-archive.github.io/ron-english-light-cult-2001-3000/items/lccc-2905.html","https://opensea.io/item/ethereum/0xbe85fbd182af91290be7293438ae67549638189f/2905","OK",""
"2906","2906","Light Cult Crypto Club #2906","RE-004716","2901-3000","D:\github\ron-english-nfts\light-cult-crypto-club\images\LCCC-2906.png","49211","images/2901-3000/LCCC-2906.png","LCCC-2906.png","D:\github\ron-english-light-cult-2001-3000\images\2901-3000\LCCC-2906.png","items/lccc-2906.html","https://ronenglish-archive.github.io/ron-english-light-cult-2001-3000/items/lccc-2906.html","https://opensea.io/item/ethereum/0xbe85fbd182af91290be7293438ae67549638189f/2906","OK",""
"2907","2907","Light Cult Crypto Club #2907","RE-004717","2901-3000","D:\github\ron-english-nfts\light-cult-crypto-club\images\LCCC-2907.png","6769","images/2901-3000/LCCC-2907.png","LCCC-2907.png","D:\github\ron-english-light-cult-2001-3000\images\2901-3000\LCCC-2907.png","items/lccc-2907.html","https://ronenglish-archive.github.io/ron-english-light-cult-2001-3000/items/lccc-2907.html","https://opensea.io/item/ethereum/0xbe85fbd182af91290be7293438ae67549638189f/2907","OK",""
"2908","2908","Light Cult Crypto Club #2908","RE-004718","2901-3000","D:\github\ron-english-nfts\light-cult-crypto-club\images\LCCC-2908.png","51149","images/2901-3000/LCCC-2908.png","LCCC-2908.png","D:\github\ron-english-light-cult-2001-3000\images\2901-3000\LCCC-2908.png","items/lccc-2908.html","https://ronenglish-archive.github.io/ron-english-light-cult-2001-3000/items/lccc-2908.html","https://opensea.io/item/ethereum/0xbe85fbd182af91290be7293438ae67549638189f/2908","OK",""
"2909","2909","Light Cult Crypto Club #2909","RE-004719","2901-3000","D:\github\ron-english-nfts\light-cult-crypto-club\images\LCCC-2909.png","24969","images/2901-3000/LCCC-2909.png","LCCC-2909.png","D:\github\ron-english-light-cult-2001-3000\images\2901-3000\LCCC-2909.png","items/lccc-2909.html","https://ronenglish-archive.github.io/ron-english-light-cult-2001-3000/items/lccc-2909.html","https://opensea.io/item/ethereum/0xbe85fbd182af91290be7293438ae67549638189f/2909","OK",""
"2910","2910","Light Cult Crypto Club #2910","RE-004720","2901-3000","D:\github\ron-english-nfts\light-cult-crypto-club\images\LCCC-2910.png","13351","images/2901-3000/LCCC-2910.png","LCCC-2910.png","D:\github\ron-english-light-cult-2001-3000\images\2901-3000\LCCC-2910.png","items/lccc-2910.html","https://ronenglish-archive.github.io/ron-english-light-cult-2001-3000/items/lccc-2910.html","https://opensea.io/item/ethereum/0xbe85fbd182af91290be7293438ae67549638189f/2910","OK",""
"2911","2911","Light Cult Crypto Club #2911","RE-004721","2901-3000","","","","","","items/lccc-2911.html","https://ronenglish-archive.github.io/ron-english-light-cult-2001-3000/items/lccc-2911.html","https://opensea.io/item/ethereum/0xbe85fbd182af91290be7293438ae67549638189f/2911","MISSING SOURCE IMAGE","No source image found for token #2911"
"2912","2912","Light Cult Crypto Club #2912","RE-004722","2901-3000","D:\github\ron-english-nfts\light-cult-crypto-club\images\LCCC-2912.png","3614","images/2901-3000/LCCC-2912.png","LCCC-2912.png","D:\github\ron-english-light-cult-2001-3000\images\2901-3000\LCCC-2912.png","items/lccc-2912.html","https://ronenglish-archive.github.io/ron-english-light-cult-2001-3000/items/lccc-2912.html","https://opensea.io/item/ethereum/0xbe85fbd182af91290be7293438ae67549638189f/2912","OK",""
"2913","2913","Light Cult Crypto Club #2913","RE-004723","2901-3000","D:\github\ron-english-nfts\light-cult-crypto-club\images\LCCC-2913.png","29270","images/2901-3000/LCCC-2913.png","LCCC-2913.png","D:\github\ron-english-light-cult-2001-3000\images\2901-3000\LCCC-2913.png","items/lccc-2913.html","https://ronenglish-archive.github.io/ron-english-light-cult-2001-3000/items/lccc-2913.html","https://opensea.io/item/ethereum/0xbe85fbd182af91290be7293438ae67549638189f/2913","OK",""
"2914","2914","Light Cult Crypto Club #2914","RE-004724","2901-3000","D:\github\ron-english-nfts\light-cult-crypto-club\images\LCCC-2914.png","39196","images/2901-3000/LCCC-2914.png","LCCC-2914.png","D:\github\ron-english-light-cult-2001-3000\images\2901-3000\LCCC-2914.png","items/lccc-2914.html","https://ronenglish-archive.github.io/ron-english-light-cult-2001-3000/items/lccc-2914.html","https://opensea.io/item/ethereum/0xbe85fbd182af91290be7293438ae67549638189f/2914","OK",""
"2915","2915","Light Cult Crypto Club #2915","RE-004725","2901-3000","","","","","","items/lccc-2915.html","https://ronenglish-archive.github.io/ron-english-light-cult-2001-3000/items/lccc-2915.html","https://opensea.io/item/ethereum/0xbe85fbd182af91290be7293438ae67549638189f/2915","MISSING SOURCE IMAGE","No source image found for token #2915"
"2916","2916","Light Cult Crypto Club #2916","RE-004726","2901-3000","D:\github\ron-english-nfts\light-cult-crypto-club\images\LCCC-2916.png","28652","images/2901-3000/LCCC-2916.png","LCCC-2916.png","D:\github\ron-english-light-cult-2001-3000\images\2901-3000\LCCC-2916.png","items/lccc-2916.html","https://ronenglish-archive.github.io/ron-english-light-cult-2001-3000/items/lccc-2916.html","https://opensea.io/item/ethereum/0xbe85fbd182af91290be7293438ae67549638189f/2916","OK",""
"2917","2917","Light Cult Crypto Club #2917","RE-004727","2901-3000","D:\github\ron-english-nfts\light-cult-crypto-club\images\LCCC-2917.png","24911","images/2901-3000/LCCC-2917.png","LCCC-2917.png","D:\github\ron-english-light-cult-2001-3000\images\2901-3000\LCCC-2917.png","items/lccc-2917.html","https://ronenglish-archive.github.io/ron-english-light-cult-2001-3000/items/lccc-2917.html","https://opensea.io/item/ethereum/0xbe85fbd182af91290be7293438ae67549638189f/2917","OK",""
"2918","2918","Light Cult Crypto Club #2918","RE-004728","2901-3000","","","","","","items/lccc-2918.html","https://ronenglish-archive.github.io/ron-english-light-cult-2001-3000/items/lccc-2918.html","https://opensea.io/item/ethereum/0xbe85fbd182af91290be7293438ae67549638189f/2918","MISSING SOURCE IMAGE","No source image found for token #2918"
"2919","2919","Light Cult Crypto Club #2919","RE-004729","2901-3000","D:\github\ron-english-nfts\light-cult-crypto-club\images\LCCC-2919.png","13071","images/2901-3000/LCCC-2919.png","LCCC-2919.png","D:\github\ron-english-light-cult-2001-3000\images\2901-3000\LCCC-2919.png","items/lccc-2919.html","https://ronenglish-archive.github.io/ron-english-light-cult-2001-3000/items/lccc-2919.html","https://opensea.io/item/ethereum/0xbe85fbd182af91290be7293438ae67549638189f/2919","OK",""
"2920","2920","Light Cult Crypto Club #2920","RE-004730","2901-3000","D:\github\ron-english-nfts\light-cult-crypto-club\images\LCCC-2920.png","18918","images/2901-3000/LCCC-2920.png","LCCC-2920.png","D:\github\ron-english-light-cult-2001-3000\images\2901-3000\LCCC-2920.png","items/lccc-2920.html","https://ronenglish-archive.github.io/ron-english-light-cult-2001-3000/items/lccc-2920.html","https://opensea.io/item/ethereum/0xbe85fbd182af91290be7293438ae67549638189f/2920","OK",""
"2921","2921","Light Cult Crypto Club #2921","RE-004731","2901-3000","D:\github\ron-english-nfts\light-cult-crypto-club\images\LCCC-2921.png","30489","images/2901-3000/LCCC-2921.png","LCCC-2921.png","D:\github\ron-english-light-cult-2001-3000\images\2901-3000\LCCC-2921.png","items/lccc-2921.html","https://ronenglish-archive.github.io/ron-english-light-cult-2001-3000/items/lccc-2921.html","https://opensea.io/item/ethereum/0xbe85fbd182af91290be7293438ae67549638189f/2921","OK",""
"2922","2922","Light Cult Crypto Club #2922","RE-004732","2901-3000","D:\github\ron-english-nfts\light-cult-crypto-club\images\LCCC-2922.png","12429","images/2901-3000/LCCC-2922.png","LCCC-2922.png","D:\github\ron-english-light-cult-2001-3000\images\2901-3000\LCCC-2922.png","items/lccc-2922.html","https://ronenglish-archive.github.io/ron-english-light-cult-2001-3000/items/lccc-2922.html","https://opensea.io/item/ethereum/0xbe85fbd182af91290be7293438ae67549638189f/2922","OK",""
"2923","2923","Light Cult Crypto Club #2923","RE-004733","2901-3000","D:\github\ron-english-nfts\light-cult-crypto-club\images\LCCC-2923.png","42741","images/2901-3000/LCCC-2923.png","LCCC-2923.png","D:\github\ron-english-light-cult-2001-3000\images\2901-3000\LCCC-2923.png","items/lccc-2923.html","https://ronenglish-archive.github.io/ron-english-light-cult-2001-3000/items/lccc-2923.html","https://opensea.io/item/ethereum/0xbe85fbd182af91290be7293438ae67549638189f/2923","OK",""
"2924","2924","Light Cult Crypto Club #2924","RE-004734","2901-3000","D:\github\ron-english-nfts\light-cult-crypto-club\images\LCCC-2924.png","34694","images/2901-3000/LCCC-2924.png","LCCC-2924.png","D:\github\ron-english-light-cult-2001-3000\images\2901-3000\LCCC-2924.png","items/lccc-2924.html","https://ronenglish-archive.github.io/ron-english-light-cult-2001-3000/items/lccc-2924.html","https://opensea.io/item/ethereum/0xbe85fbd182af91290be7293438ae67549638189f/2924","OK",""
"2925","2925","Light Cult Crypto Club #2925","RE-004735","2901-3000","D:\github\ron-english-nfts\light-cult-crypto-club\images\LCCC-2925.png","27076","images/2901-3000/LCCC-2925.png","LCCC-2925.png","D:\github\ron-english-light-cult-2001-3000\images\2901-3000\LCCC-2925.png","items/lccc-2925.html","https://ronenglish-archive.github.io/ron-english-light-cult-2001-3000/items/lccc-2925.html","https://opensea.io/item/ethereum/0xbe85fbd182af91290be7293438ae67549638189f/2925","OK",""
"2926","2926","Light Cult Crypto Club #2926","RE-004736","2901-3000","D:\github\ron-english-nfts\light-cult-crypto-club\images\LCCC-2926.png","9882","images/2901-3000/LCCC-2926.png","LCCC-2926.png","D:\github\ron-english-light-cult-2001-3000\images\2901-3000\LCCC-2926.png","items/lccc-2926.html","https://ronenglish-archive.github.io/ron-english-light-cult-2001-3000/items/lccc-2926.html","https://opensea.io/item/ethereum/0xbe85fbd182af91290be7293438ae67549638189f/2926","OK",""
"2927","2927","Light Cult Crypto Club #2927","RE-004737","2901-3000","D:\github\ron-english-nfts\light-cult-crypto-club\images\LCCC-2927.png","32193","images/2901-3000/LCCC-2927.png","LCCC-2927.png","D:\github\ron-english-light-cult-2001-3000\images\2901-3000\LCCC-2927.png","items/lccc-2927.html","https://ronenglish-archive.github.io/ron-english-light-cult-2001-3000/items/lccc-2927.html","https://opensea.io/item/ethereum/0xbe85fbd182af91290be7293438ae67549638189f/2927","OK",""
"2928","2928","Light Cult Crypto Club #2928","RE-004738","2901-3000","D:\github\ron-english-nfts\light-cult-crypto-club\images\LCCC-2928.png","19424","images/2901-3000/LCCC-2928.png","LCCC-2928.png","D:\github\ron-english-light-cult-2001-3000\images\2901-3000\LCCC-2928.png","items/lccc-2928.html","https://ronenglish-archive.github.io/ron-english-light-cult-2001-3000/items/lccc-2928.html","https://opensea.io/item/ethereum/0xbe85fbd182af91290be7293438ae67549638189f/2928","OK",""
"2929","2929","Light Cult Crypto Club #2929","RE-004739","2901-3000","","","","","","items/lccc-2929.html","https://ronenglish-archive.github.io/ron-english-light-cult-2001-3000/items/lccc-2929.html","https://opensea.io/item/ethereum/0xbe85fbd182af91290be7293438ae67549638189f/2929","MISSING SOURCE IMAGE","No source image found for token #2929"
"2930","2930","Light Cult Crypto Club #2930","RE-004740","2901-3000","D:\github\ron-english-nfts\light-cult-crypto-club\images\LCCC-2930.png","55036","images/2901-3000/LCCC-2930.png","LCCC-2930.png","D:\github\ron-english-light-cult-2001-3000\images\2901-3000\LCCC-2930.png","items/lccc-2930.html","https://ronenglish-archive.github.io/ron-english-light-cult-2001-3000/items/lccc-2930.html","https://opensea.io/item/ethereum/0xbe85fbd182af91290be7293438ae67549638189f/2930","OK",""
"2931","2931","Light Cult Crypto Club #2931","RE-004741","2901-3000","D:\github\ron-english-nfts\light-cult-crypto-club\images\LCCC-2931.png","11971","images/2901-3000/LCCC-2931.png","LCCC-2931.png","D:\github\ron-english-light-cult-2001-3000\images\2901-3000\LCCC-2931.png","items/lccc-2931.html","https://ronenglish-archive.github.io/ron-english-light-cult-2001-3000/items/lccc-2931.html","https://opensea.io/item/ethereum/0xbe85fbd182af91290be7293438ae67549638189f/2931","OK",""
"2932","2932","Light Cult Crypto Club #2932","RE-004742","2901-3000","D:\github\ron-english-nfts\light-cult-crypto-club\images\LCCC-2932.png","19562","images/2901-3000/LCCC-2932.png","LCCC-2932.png","D:\github\ron-english-light-cult-2001-3000\images\2901-3000\LCCC-2932.png","items/lccc-2932.html","https://ronenglish-archive.github.io/ron-english-light-cult-2001-3000/items/lccc-2932.html","https://opensea.io/item/ethereum/0xbe85fbd182af91290be7293438ae67549638189f/2932","OK",""
"2933","2933","Light Cult Crypto Club #2933","RE-004743","2901-3000","D:\github\ron-english-nfts\light-cult-crypto-club\images\LCCC-2933.png","30803","images/2901-3000/LCCC-2933.png","LCCC-2933.png","D:\github\ron-english-light-cult-2001-3000\images\2901-3000\LCCC-2933.png","items/lccc-2933.html","https://ronenglish-archive.github.io/ron-english-light-cult-2001-3000/items/lccc-2933.html","https://opensea.io/item/ethereum/0xbe85fbd182af91290be7293438ae67549638189f/2933","OK",""
"2934","2934","Light Cult Crypto Club #2934","RE-004744","2901-3000","","","","","","items/lccc-2934.html","https://ronenglish-archive.github.io/ron-english-light-cult-2001-3000/items/lccc-2934.html","https://opensea.io/item/ethereum/0xbe85fbd182af91290be7293438ae67549638189f/2934","MISSING SOURCE IMAGE","No source image found for token #2934"
"2935","2935","Light Cult Crypto Club #2935","RE-004745","2901-3000","D:\github\ron-english-nfts\light-cult-crypto-club\images\LCCC-2935.png","14917","images/2901-3000/LCCC-2935.png","LCCC-2935.png","D:\github\ron-english-light-cult-2001-3000\images\2901-3000\LCCC-2935.png","items/lccc-2935.html","https://ronenglish-archive.github.io/ron-english-light-cult-2001-3000/items/lccc-2935.html","https://opensea.io/item/ethereum/0xbe85fbd182af91290be7293438ae67549638189f/2935","OK",""
"2936","2936","Light Cult Crypto Club #2936","RE-004746","2901-3000","D:\github\ron-english-nfts\light-cult-crypto-club\images\LCCC-2936.png","45275","images/2901-3000/LCCC-2936.png","LCCC-2936.png","D:\github\ron-english-light-cult-2001-3000\images\2901-3000\LCCC-2936.png","items/lccc-2936.html","https://ronenglish-archive.github.io/ron-english-light-cult-2001-3000/items/lccc-2936.html","https://opensea.io/item/ethereum/0xbe85fbd182af91290be7293438ae67549638189f/2936","OK",""
"2937","2937","Light Cult Crypto Club #2937","RE-004747","2901-3000","D:\github\ron-english-nfts\light-cult-crypto-club\images\LCCC-2937.png","25979","images/2901-3000/LCCC-2937.png","LCCC-2937.png","D:\github\ron-english-light-cult-2001-3000\images\2901-3000\LCCC-2937.png","items/lccc-2937.html","https://ronenglish-archive.github.io/ron-english-light-cult-2001-3000/items/lccc-2937.html","https://opensea.io/item/ethereum/0xbe85fbd182af91290be7293438ae67549638189f/2937","OK",""
"2938","2938","Light Cult Crypto Club #2938","RE-004748","2901-3000","D:\github\ron-english-nfts\light-cult-crypto-club\images\LCCC-2938.png","26915","images/2901-3000/LCCC-2938.png","LCCC-2938.png","D:\github\ron-english-light-cult-2001-3000\images\2901-3000\LCCC-2938.png","items/lccc-2938.html","https://ronenglish-archive.github.io/ron-english-light-cult-2001-3000/items/lccc-2938.html","https://opensea.io/item/ethereum/0xbe85fbd182af91290be7293438ae67549638189f/2938","OK",""
"2939","2939","Light Cult Crypto Club #2939","RE-004749","2901-3000","D:\github\ron-english-nfts\light-cult-crypto-club\images\LCCC-2939.png","29794","images/2901-3000/LCCC-2939.png","LCCC-2939.png","D:\github\ron-english-light-cult-2001-3000\images\2901-3000\LCCC-2939.png","items/lccc-2939.html","https://ronenglish-archive.github.io/ron-english-light-cult-2001-3000/items/lccc-2939.html","https://opensea.io/item/ethereum/0xbe85fbd182af91290be7293438ae67549638189f/2939","OK",""
"2940","2940","Light Cult Crypto Club #2940","RE-004750","2901-3000","D:\github\ron-english-nfts\light-cult-crypto-club\images\LCCC-2940.png","26878","images/2901-3000/LCCC-2940.png","LCCC-2940.png","D:\github\ron-english-light-cult-2001-3000\images\2901-3000\LCCC-2940.png","items/lccc-2940.html","https://ronenglish-archive.github.io/ron-english-light-cult-2001-3000/items/lccc-2940.html","https://opensea.io/item/ethereum/0xbe85fbd182af91290be7293438ae67549638189f/2940","OK",""
"2941","2941","Light Cult Crypto Club #2941","RE-004751","2901-3000","D:\github\ron-english-nfts\light-cult-crypto-club\images\LCCC-2941.png","7726","images/2901-3000/LCCC-2941.png","LCCC-2941.png","D:\github\ron-english-light-cult-2001-3000\images\2901-3000\LCCC-2941.png","items/lccc-2941.html","https://ronenglish-archive.github.io/ron-english-light-cult-2001-3000/items/lccc-2941.html","https://opensea.io/item/ethereum/0xbe85fbd182af91290be7293438ae67549638189f/2941","OK",""
"2942","2942","Light Cult Crypto Club #2942","RE-004752","2901-3000","D:\github\ron-english-nfts\light-cult-crypto-club\images\LCCC-2942.png","15793","images/2901-3000/LCCC-2942.png","LCCC-2942.png","D:\github\ron-english-light-cult-2001-3000\images\2901-3000\LCCC-2942.png","items/lccc-2942.html","https://ronenglish-archive.github.io/ron-english-light-cult-2001-3000/items/lccc-2942.html","https://opensea.io/item/ethereum/0xbe85fbd182af91290be7293438ae67549638189f/2942","OK",""
"2943","2943","Light Cult Crypto Club #2943","RE-004753","2901-3000","D:\github\ron-english-nfts\light-cult-crypto-club\images\LCCC-2943.png","28224","images/2901-3000/LCCC-2943.png","LCCC-2943.png","D:\github\ron-english-light-cult-2001-3000\images\2901-3000\LCCC-2943.png","items/lccc-2943.html","https://ronenglish-archive.github.io/ron-english-light-cult-2001-3000/items/lccc-2943.html","https://opensea.io/item/ethereum/0xbe85fbd182af91290be7293438ae67549638189f/2943","OK",""
"2944","2944","Light Cult Crypto Club #2944","RE-004754","2901-3000","D:\github\ron-english-nfts\light-cult-crypto-club\images\LCCC-2944.png","30783","images/2901-3000/LCCC-2944.png","LCCC-2944.png","D:\github\ron-english-light-cult-2001-3000\images\2901-3000\LCCC-2944.png","items/lccc-2944.html","https://ronenglish-archive.github.io/ron-english-light-cult-2001-3000/items/lccc-2944.html","https://opensea.io/item/ethereum/0xbe85fbd182af91290be7293438ae67549638189f/2944","OK",""
"2945","2945","Light Cult Crypto Club #2945","RE-004755","2901-3000","D:\github\ron-english-nfts\light-cult-crypto-club\images\LCCC-2945.png","27800","images/2901-3000/LCCC-2945.png","LCCC-2945.png","D:\github\ron-english-light-cult-2001-3000\images\2901-3000\LCCC-2945.png","items/lccc-2945.html","https://ronenglish-archive.github.io/ron-english-light-cult-2001-3000/items/lccc-2945.html","https://opensea.io/item/ethereum/0xbe85fbd182af91290be7293438ae67549638189f/2945","OK",""
"2946","2946","Light Cult Crypto Club #2946","RE-004756","2901-3000","D:\github\ron-english-nfts\light-cult-crypto-club\images\LCCC-2946.png","17405","images/2901-3000/LCCC-2946.png","LCCC-2946.png","D:\github\ron-english-light-cult-2001-3000\images\2901-3000\LCCC-2946.png","items/lccc-2946.html","https://ronenglish-archive.github.io/ron-english-light-cult-2001-3000/items/lccc-2946.html","https://opensea.io/item/ethereum/0xbe85fbd182af91290be7293438ae67549638189f/2946","OK",""
"2947","2947","Light Cult Crypto Club #2947","RE-004757","2901-3000","D:\github\ron-english-nfts\light-cult-crypto-club\images\LCCC-2947.png","13439","images/2901-3000/LCCC-2947.png","LCCC-2947.png","D:\github\ron-english-light-cult-2001-3000\images\2901-3000\LCCC-2947.png","items/lccc-2947.html","https://ronenglish-archive.github.io/ron-english-light-cult-2001-3000/items/lccc-2947.html","https://opensea.io/item/ethereum/0xbe85fbd182af91290be7293438ae67549638189f/2947","OK",""
"2948","2948","Light Cult Crypto Club #2948","RE-004758","2901-3000","D:\github\ron-english-nfts\light-cult-crypto-club\images\LCCC-2948.png","8788","images/2901-3000/LCCC-2948.png","LCCC-2948.png","D:\github\ron-english-light-cult-2001-3000\images\2901-3000\LCCC-2948.png","items/lccc-2948.html","https://ronenglish-archive.github.io/ron-english-light-cult-2001-3000/items/lccc-2948.html","https://opensea.io/item/ethereum/0xbe85fbd182af91290be7293438ae67549638189f/2948","OK",""
"2949","2949","Light Cult Crypto Club #2949","RE-004759","2901-3000","D:\github\ron-english-nfts\light-cult-crypto-club\images\LCCC-2949.png","34902","images/2901-3000/LCCC-2949.png","LCCC-2949.png","D:\github\ron-english-light-cult-2001-3000\images\2901-3000\LCCC-2949.png","items/lccc-2949.html","https://ronenglish-archive.github.io/ron-english-light-cult-2001-3000/items/lccc-2949.html","https://opensea.io/item/ethereum/0xbe85fbd182af91290be7293438ae67549638189f/2949","OK",""
"2950","2950","Light Cult Crypto Club #2950","RE-004760","2901-3000","","","","","","items/lccc-2950.html","https://ronenglish-archive.github.io/ron-english-light-cult-2001-3000/items/lccc-2950.html","https://opensea.io/item/ethereum/0xbe85fbd182af91290be7293438ae67549638189f/2950","MISSING SOURCE IMAGE","No source image found for token #2950"
"2951","2951","Light Cult Crypto Club #2951","RE-004761","2901-3000","","","","","","items/lccc-2951.html","https://ronenglish-archive.github.io/ron-english-light-cult-2001-3000/items/lccc-2951.html","https://opensea.io/item/ethereum/0xbe85fbd182af91290be7293438ae67549638189f/2951","MISSING SOURCE IMAGE","No source image found for token #2951"
"2952","2952","Light Cult Crypto Club #2952","RE-004762","2901-3000","D:\github\ron-english-nfts\light-cult-crypto-club\images\LCCC-2952.png","8292","images/2901-3000/LCCC-2952.png","LCCC-2952.png","D:\github\ron-english-light-cult-2001-3000\images\2901-3000\LCCC-2952.png","items/lccc-2952.html","https://ronenglish-archive.github.io/ron-english-light-cult-2001-3000/items/lccc-2952.html","https://opensea.io/item/ethereum/0xbe85fbd182af91290be7293438ae67549638189f/2952","OK",""
"2953","2953","Light Cult Crypto Club #2953","RE-004763","2901-3000","D:\github\ron-english-nfts\light-cult-crypto-club\images\LCCC-2953.png","28653","images/2901-3000/LCCC-2953.png","LCCC-2953.png","D:\github\ron-english-light-cult-2001-3000\images\2901-3000\LCCC-2953.png","items/lccc-2953.html","https://ronenglish-archive.github.io/ron-english-light-cult-2001-3000/items/lccc-2953.html","https://opensea.io/item/ethereum/0xbe85fbd182af91290be7293438ae67549638189f/2953","OK",""
"2954","2954","Light Cult Crypto Club #2954","RE-004764","2901-3000","D:\github\ron-english-nfts\light-cult-crypto-club\images\LCCC-2954.png","3287","images/2901-3000/LCCC-2954.png","LCCC-2954.png","D:\github\ron-english-light-cult-2001-3000\images\2901-3000\LCCC-2954.png","items/lccc-2954.html","https://ronenglish-archive.github.io/ron-english-light-cult-2001-3000/items/lccc-2954.html","https://opensea.io/item/ethereum/0xbe85fbd182af91290be7293438ae67549638189f/2954","OK",""
"2955","2955","Light Cult Crypto Club #2955","RE-004765","2901-3000","D:\github\ron-english-nfts\light-cult-crypto-club\images\LCCC-2955.png","11355","images/2901-3000/LCCC-2955.png","LCCC-2955.png","D:\github\ron-english-light-cult-2001-3000\images\2901-3000\LCCC-2955.png","items/lccc-2955.html","https://ronenglish-archive.github.io/ron-english-light-cult-2001-3000/items/lccc-2955.html","https://opensea.io/item/ethereum/0xbe85fbd182af91290be7293438ae67549638189f/2955","OK",""
"2956","2956","Light Cult Crypto Club #2956","RE-004766","2901-3000","D:\github\ron-english-nfts\light-cult-crypto-club\images\LCCC-2956.png","9368","images/2901-3000/LCCC-2956.png","LCCC-2956.png","D:\github\ron-english-light-cult-2001-3000\images\2901-3000\LCCC-2956.png","items/lccc-2956.html","https://ronenglish-archive.github.io/ron-english-light-cult-2001-3000/items/lccc-2956.html","https://opensea.io/item/ethereum/0xbe85fbd182af91290be7293438ae67549638189f/2956","OK",""
"2957","2957","Light Cult Crypto Club #2957","RE-004767","2901-3000","D:\github\ron-english-nfts\light-cult-crypto-club\images\LCCC-2957.png","28553","images/2901-3000/LCCC-2957.png","LCCC-2957.png","D:\github\ron-english-light-cult-2001-3000\images\2901-3000\LCCC-2957.png","items/lccc-2957.html","https://ronenglish-archive.github.io/ron-english-light-cult-2001-3000/items/lccc-2957.html","https://opensea.io/item/ethereum/0xbe85fbd182af91290be7293438ae67549638189f/2957","OK",""
"2958","2958","Light Cult Crypto Club #2958","RE-004768","2901-3000","D:\github\ron-english-nfts\light-cult-crypto-club\images\LCCC-2958.png","38979","images/2901-3000/LCCC-2958.png","LCCC-2958.png","D:\github\ron-english-light-cult-2001-3000\images\2901-3000\LCCC-2958.png","items/lccc-2958.html","https://ronenglish-archive.github.io/ron-english-light-cult-2001-3000/items/lccc-2958.html","https://opensea.io/item/ethereum/0xbe85fbd182af91290be7293438ae67549638189f/2958","OK",""
"2959","2959","Light Cult Crypto Club #2959","RE-004769","2901-3000","","","","","","items/lccc-2959.html","https://ronenglish-archive.github.io/ron-english-light-cult-2001-3000/items/lccc-2959.html","https://opensea.io/item/ethereum/0xbe85fbd182af91290be7293438ae67549638189f/2959","MISSING SOURCE IMAGE","No source image found for token #2959"
"2960","2960","Light Cult Crypto Club #2960","RE-004770","2901-3000","D:\github\ron-english-nfts\light-cult-crypto-club\images\LCCC-2960.png","13993","images/2901-3000/LCCC-2960.png","LCCC-2960.png","D:\github\ron-english-light-cult-2001-3000\images\2901-3000\LCCC-2960.png","items/lccc-2960.html","https://ronenglish-archive.github.io/ron-english-light-cult-2001-3000/items/lccc-2960.html","https://opensea.io/item/ethereum/0xbe85fbd182af91290be7293438ae67549638189f/2960","OK",""
"2961","2961","Light Cult Crypto Club #2961","RE-004771","2901-3000","D:\github\ron-english-nfts\light-cult-crypto-club\images\LCCC-2961.png","36415","images/2901-3000/LCCC-2961.png","LCCC-2961.png","D:\github\ron-english-light-cult-2001-3000\images\2901-3000\LCCC-2961.png","items/lccc-2961.html","https://ronenglish-archive.github.io/ron-english-light-cult-2001-3000/items/lccc-2961.html","https://opensea.io/item/ethereum/0xbe85fbd182af91290be7293438ae67549638189f/2961","OK",""
"2962","2962","Light Cult Crypto Club #2962","RE-004772","2901-3000","D:\github\ron-english-nfts\light-cult-crypto-club\images\LCCC-2962.png","10720","images/2901-3000/LCCC-2962.png","LCCC-2962.png","D:\github\ron-english-light-cult-2001-3000\images\2901-3000\LCCC-2962.png","items/lccc-2962.html","https://ronenglish-archive.github.io/ron-english-light-cult-2001-3000/items/lccc-2962.html","https://opensea.io/item/ethereum/0xbe85fbd182af91290be7293438ae67549638189f/2962","OK",""
"2963","2963","Light Cult Crypto Club #2963","RE-004773","2901-3000","D:\github\ron-english-nfts\light-cult-crypto-club\images\LCCC-2963.png","29275","images/2901-3000/LCCC-2963.png","LCCC-2963.png","D:\github\ron-english-light-cult-2001-3000\images\2901-3000\LCCC-2963.png","items/lccc-2963.html","https://ronenglish-archive.github.io/ron-english-light-cult-2001-3000/items/lccc-2963.html","https://opensea.io/item/ethereum/0xbe85fbd182af91290be7293438ae67549638189f/2963","OK",""
"2964","2964","Light Cult Crypto Club #2964","RE-004774","2901-3000","D:\github\ron-english-nfts\light-cult-crypto-club\images\LCCC-2964.png","15976","images/2901-3000/LCCC-2964.png","LCCC-2964.png","D:\github\ron-english-light-cult-2001-3000\images\2901-3000\LCCC-2964.png","items/lccc-2964.html","https://ronenglish-archive.github.io/ron-english-light-cult-2001-3000/items/lccc-2964.html","https://opensea.io/item/ethereum/0xbe85fbd182af91290be7293438ae67549638189f/2964","OK",""
"2965","2965","Light Cult Crypto Club #2965","RE-004775","2901-3000","D:\github\ron-english-nfts\light-cult-crypto-club\images\LCCC-2965.png","11142","images/2901-3000/LCCC-2965.png","LCCC-2965.png","D:\github\ron-english-light-cult-2001-3000\images\2901-3000\LCCC-2965.png","items/lccc-2965.html","https://ronenglish-archive.github.io/ron-english-light-cult-2001-3000/items/lccc-2965.html","https://opensea.io/item/ethereum/0xbe85fbd182af91290be7293438ae67549638189f/2965","OK",""
"2966","2966","Light Cult Crypto Club #2966","RE-004776","2901-3000","D:\github\ron-english-nfts\light-cult-crypto-club\images\LCCC-2966.png","23088","images/2901-3000/LCCC-2966.png","LCCC-2966.png","D:\github\ron-english-light-cult-2001-3000\images\2901-3000\LCCC-2966.png","items/lccc-2966.html","https://ronenglish-archive.github.io/ron-english-light-cult-2001-3000/items/lccc-2966.html","https://opensea.io/item/ethereum/0xbe85fbd182af91290be7293438ae67549638189f/2966","OK",""
"2967","2967","Light Cult Crypto Club #2967","RE-004777","2901-3000","D:\github\ron-english-nfts\light-cult-crypto-club\images\LCCC-2967.png","25354","images/2901-3000/LCCC-2967.png","LCCC-2967.png","D:\github\ron-english-light-cult-2001-3000\images\2901-3000\LCCC-2967.png","items/lccc-2967.html","https://ronenglish-archive.github.io/ron-english-light-cult-2001-3000/items/lccc-2967.html","https://opensea.io/item/ethereum/0xbe85fbd182af91290be7293438ae67549638189f/2967","OK",""
"2968","2968","Light Cult Crypto Club #2968","RE-004778","2901-3000","D:\github\ron-english-nfts\light-cult-crypto-club\images\LCCC-2968.png","33096","images/2901-3000/LCCC-2968.png","LCCC-2968.png","D:\github\ron-english-light-cult-2001-3000\images\2901-3000\LCCC-2968.png","items/lccc-2968.html","https://ronenglish-archive.github.io/ron-english-light-cult-2001-3000/items/lccc-2968.html","https://opensea.io/item/ethereum/0xbe85fbd182af91290be7293438ae67549638189f/2968","OK",""
"2969","2969","Light Cult Crypto Club #2969","RE-004779","2901-3000","D:\github\ron-english-nfts\light-cult-crypto-club\images\LCCC-2969.png","31661","images/2901-3000/LCCC-2969.png","LCCC-2969.png","D:\github\ron-english-light-cult-2001-3000\images\2901-3000\LCCC-2969.png","items/lccc-2969.html","https://ronenglish-archive.github.io/ron-english-light-cult-2001-3000/items/lccc-2969.html","https://opensea.io/item/ethereum/0xbe85fbd182af91290be7293438ae67549638189f/2969","OK",""
"2970","2970","Light Cult Crypto Club #2970","RE-004780","2901-3000","","","","","","items/lccc-2970.html","https://ronenglish-archive.github.io/ron-english-light-cult-2001-3000/items/lccc-2970.html","https://opensea.io/item/ethereum/0xbe85fbd182af91290be7293438ae67549638189f/2970","MISSING SOURCE IMAGE","No source image found for token #2970"
"2971","2971","Light Cult Crypto Club #2971","RE-004781","2901-3000","D:\github\ron-english-nfts\light-cult-crypto-club\images\LCCC-2971.png","9572","images/2901-3000/LCCC-2971.png","LCCC-2971.png","D:\github\ron-english-light-cult-2001-3000\images\2901-3000\LCCC-2971.png","items/lccc-2971.html","https://ronenglish-archive.github.io/ron-english-light-cult-2001-3000/items/lccc-2971.html","https://opensea.io/item/ethereum/0xbe85fbd182af91290be7293438ae67549638189f/2971","OK",""
"2972","2972","Light Cult Crypto Club #2972","RE-004782","2901-3000","D:\github\ron-english-nfts\light-cult-crypto-club\images\LCCC-2972.png","29603","images/2901-3000/LCCC-2972.png","LCCC-2972.png","D:\github\ron-english-light-cult-2001-3000\images\2901-3000\LCCC-2972.png","items/lccc-2972.html","https://ronenglish-archive.github.io/ron-english-light-cult-2001-3000/items/lccc-2972.html","https://opensea.io/item/ethereum/0xbe85fbd182af91290be7293438ae67549638189f/2972","OK",""
"2973","2973","Light Cult Crypto Club #2973","RE-004783","2901-3000","D:\github\ron-english-nfts\light-cult-crypto-club\images\LCCC-2973.png","29265","images/2901-3000/LCCC-2973.png","LCCC-2973.png","D:\github\ron-english-light-cult-2001-3000\images\2901-3000\LCCC-2973.png","items/lccc-2973.html","https://ronenglish-archive.github.io/ron-english-light-cult-2001-3000/items/lccc-2973.html","https://opensea.io/item/ethereum/0xbe85fbd182af91290be7293438ae67549638189f/2973","OK",""
"2974","2974","Light Cult Crypto Club #2974","RE-004784","2901-3000","","","","","","items/lccc-2974.html","https://ronenglish-archive.github.io/ron-english-light-cult-2001-3000/items/lccc-2974.html","https://opensea.io/item/ethereum/0xbe85fbd182af91290be7293438ae67549638189f/2974","MISSING SOURCE IMAGE","No source image found for token #2974"
"2975","2975","Light Cult Crypto Club #2975","RE-004785","2901-3000","D:\github\ron-english-nfts\light-cult-crypto-club\images\LCCC-2975.png","35015","images/2901-3000/LCCC-2975.png","LCCC-2975.png","D:\github\ron-english-light-cult-2001-3000\images\2901-3000\LCCC-2975.png","items/lccc-2975.html","https://ronenglish-archive.github.io/ron-english-light-cult-2001-3000/items/lccc-2975.html","https://opensea.io/item/ethereum/0xbe85fbd182af91290be7293438ae67549638189f/2975","OK",""
"2976","2976","Light Cult Crypto Club #2976","RE-004786","2901-3000","D:\github\ron-english-nfts\light-cult-crypto-club\images\LCCC-2976.png","16062","images/2901-3000/LCCC-2976.png","LCCC-2976.png","D:\github\ron-english-light-cult-2001-3000\images\2901-3000\LCCC-2976.png","items/lccc-2976.html","https://ronenglish-archive.github.io/ron-english-light-cult-2001-3000/items/lccc-2976.html","https://opensea.io/item/ethereum/0xbe85fbd182af91290be7293438ae67549638189f/2976","OK",""
"2977","2977","Light Cult Crypto Club #2977","RE-004787","2901-3000","D:\github\ron-english-nfts\light-cult-crypto-club\images\LCCC-2977.png","25376","images/2901-3000/LCCC-2977.png","LCCC-2977.png","D:\github\ron-english-light-cult-2001-3000\images\2901-3000\LCCC-2977.png","items/lccc-2977.html","https://ronenglish-archive.github.io/ron-english-light-cult-2001-3000/items/lccc-2977.html","https://opensea.io/item/ethereum/0xbe85fbd182af91290be7293438ae67549638189f/2977","OK",""
"2978","2978","Light Cult Crypto Club #2978","RE-004788","2901-3000","","","","","","items/lccc-2978.html","https://ronenglish-archive.github.io/ron-english-light-cult-2001-3000/items/lccc-2978.html","https://opensea.io/item/ethereum/0xbe85fbd182af91290be7293438ae67549638189f/2978","MISSING SOURCE IMAGE","No source image found for token #2978"
"2979","2979","Light Cult Crypto Club #2979","RE-004789","2901-3000","","","","","","items/lccc-2979.html","https://ronenglish-archive.github.io/ron-english-light-cult-2001-3000/items/lccc-2979.html","https://opensea.io/item/ethereum/0xbe85fbd182af91290be7293438ae67549638189f/2979","MISSING SOURCE IMAGE","No source image found for token #2979"
"2980","2980","Light Cult Crypto Club #2980","RE-004790","2901-3000","D:\github\ron-english-nfts\light-cult-crypto-club\images\LCCC-2980.png","14078","images/2901-3000/LCCC-2980.png","LCCC-2980.png","D:\github\ron-english-light-cult-2001-3000\images\2901-3000\LCCC-2980.png","items/lccc-2980.html","https://ronenglish-archive.github.io/ron-english-light-cult-2001-3000/items/lccc-2980.html","https://opensea.io/item/ethereum/0xbe85fbd182af91290be7293438ae67549638189f/2980","OK",""
"2981","2981","Light Cult Crypto Club #2981","RE-004791","2901-3000","D:\github\ron-english-nfts\light-cult-crypto-club\images\LCCC-2981.png","28728","images/2901-3000/LCCC-2981.png","LCCC-2981.png","D:\github\ron-english-light-cult-2001-3000\images\2901-3000\LCCC-2981.png","items/lccc-2981.html","https://ronenglish-archive.github.io/ron-english-light-cult-2001-3000/items/lccc-2981.html","https://opensea.io/item/ethereum/0xbe85fbd182af91290be7293438ae67549638189f/2981","OK",""
"2982","2982","Light Cult Crypto Club #2982","RE-004792","2901-3000","D:\github\ron-english-nfts\light-cult-crypto-club\images\LCCC-2982.png","9486","images/2901-3000/LCCC-2982.png","LCCC-2982.png","D:\github\ron-english-light-cult-2001-3000\images\2901-3000\LCCC-2982.png","items/lccc-2982.html","https://ronenglish-archive.github.io/ron-english-light-cult-2001-3000/items/lccc-2982.html","https://opensea.io/item/ethereum/0xbe85fbd182af91290be7293438ae67549638189f/2982","OK",""
"2983","2983","Light Cult Crypto Club #2983","RE-004793","2901-3000","D:\github\ron-english-nfts\light-cult-crypto-club\images\LCCC-2983.png","51647","images/2901-3000/LCCC-2983.png","LCCC-2983.png","D:\github\ron-english-light-cult-2001-3000\images\2901-3000\LCCC-2983.png","items/lccc-2983.html","https://ronenglish-archive.github.io/ron-english-light-cult-2001-3000/items/lccc-2983.html","https://opensea.io/item/ethereum/0xbe85fbd182af91290be7293438ae67549638189f/2983","OK",""
"2984","2984","Light Cult Crypto Club #2984","RE-004794","2901-3000","D:\github\ron-english-nfts\light-cult-crypto-club\images\LCCC-2984.png","24398","images/2901-3000/LCCC-2984.png","LCCC-2984.png","D:\github\ron-english-light-cult-2001-3000\images\2901-3000\LCCC-2984.png","items/lccc-2984.html","https://ronenglish-archive.github.io/ron-english-light-cult-2001-3000/items/lccc-2984.html","https://opensea.io/item/ethereum/0xbe85fbd182af91290be7293438ae67549638189f/2984","OK",""
"2985","2985","Light Cult Crypto Club #2985","RE-004795","2901-3000","D:\github\ron-english-nfts\light-cult-crypto-club\images\LCCC-2985.png","17404","images/2901-3000/LCCC-2985.png","LCCC-2985.png","D:\github\ron-english-light-cult-2001-3000\images\2901-3000\LCCC-2985.png","items/lccc-2985.html","https://ronenglish-archive.github.io/ron-english-light-cult-2001-3000/items/lccc-2985.html","https://opensea.io/item/ethereum/0xbe85fbd182af91290be7293438ae67549638189f/2985","OK",""
"2986","2986","Light Cult Crypto Club #2986","RE-004796","2901-3000","D:\github\ron-english-nfts\light-cult-crypto-club\images\LCCC-2986.png","13408","images/2901-3000/LCCC-2986.png","LCCC-2986.png","D:\github\ron-english-light-cult-2001-3000\images\2901-3000\LCCC-2986.png","items/lccc-2986.html","https://ronenglish-archive.github.io/ron-english-light-cult-2001-3000/items/lccc-2986.html","https://opensea.io/item/ethereum/0xbe85fbd182af91290be7293438ae67549638189f/2986","OK",""
"2987","2987","Light Cult Crypto Club #2987","RE-004797","2901-3000","D:\github\ron-english-nfts\light-cult-crypto-club\images\LCCC-2987.png","45501","images/2901-3000/LCCC-2987.png","LCCC-2987.png","D:\github\ron-english-light-cult-2001-3000\images\2901-3000\LCCC-2987.png","items/lccc-2987.html","https://ronenglish-archive.github.io/ron-english-light-cult-2001-3000/items/lccc-2987.html","https://opensea.io/item/ethereum/0xbe85fbd182af91290be7293438ae67549638189f/2987","OK",""
"2988","2988","Light Cult Crypto Club #2988","RE-004798","2901-3000","D:\github\ron-english-nfts\light-cult-crypto-club\images\LCCC-2988.png","9076","images/2901-3000/LCCC-2988.png","LCCC-2988.png","D:\github\ron-english-light-cult-2001-3000\images\2901-3000\LCCC-2988.png","items/lccc-2988.html","https://ronenglish-archive.github.io/ron-english-light-cult-2001-3000/items/lccc-2988.html","https://opensea.io/item/ethereum/0xbe85fbd182af91290be7293438ae67549638189f/2988","OK",""
"2989","2989","Light Cult Crypto Club #2989","RE-004799","2901-3000","","","","","","items/lccc-2989.html","https://ronenglish-archive.github.io/ron-english-light-cult-2001-3000/items/lccc-2989.html","https://opensea.io/item/ethereum/0xbe85fbd182af91290be7293438ae67549638189f/2989","MISSING SOURCE IMAGE","No source image found for token #2989"
"2990","2990","Light Cult Crypto Club #2990","RE-004800","2901-3000","D:\github\ron-english-nfts\light-cult-crypto-club\images\LCCC-2990.png","22121","images/2901-3000/LCCC-2990.png","LCCC-2990.png","D:\github\ron-english-light-cult-2001-3000\images\2901-3000\LCCC-2990.png","items/lccc-2990.html","https://ronenglish-archive.github.io/ron-english-light-cult-2001-3000/items/lccc-2990.html","https://opensea.io/item/ethereum/0xbe85fbd182af91290be7293438ae67549638189f/2990","OK",""
"2991","2991","Light Cult Crypto Club #2991","RE-004801","2901-3000","","","","","","items/lccc-2991.html","https://ronenglish-archive.github.io/ron-english-light-cult-2001-3000/items/lccc-2991.html","https://opensea.io/item/ethereum/0xbe85fbd182af91290be7293438ae67549638189f/2991","MISSING SOURCE IMAGE","No source image found for token #2991"
"2992","2992","Light Cult Crypto Club #2992","RE-004802","2901-3000","D:\github\ron-english-nfts\light-cult-crypto-club\images\LCCC-2992.png","17585","images/2901-3000/LCCC-2992.png","LCCC-2992.png","D:\github\ron-english-light-cult-2001-3000\images\2901-3000\LCCC-2992.png","items/lccc-2992.html","https://ronenglish-archive.github.io/ron-english-light-cult-2001-3000/items/lccc-2992.html","https://opensea.io/item/ethereum/0xbe85fbd182af91290be7293438ae67549638189f/2992","OK",""
"2993","2993","Light Cult Crypto Club #2993","RE-004803","2901-3000","D:\github\ron-english-nfts\light-cult-crypto-club\images\LCCC-2993.png","5598","images/2901-3000/LCCC-2993.png","LCCC-2993.png","D:\github\ron-english-light-cult-2001-3000\images\2901-3000\LCCC-2993.png","items/lccc-2993.html","https://ronenglish-archive.github.io/ron-english-light-cult-2001-3000/items/lccc-2993.html","https://opensea.io/item/ethereum/0xbe85fbd182af91290be7293438ae67549638189f/2993","OK",""
"2994","2994","Light Cult Crypto Club #2994","RE-004804","2901-3000","D:\github\ron-english-nfts\light-cult-crypto-club\images\LCCC-2994.png","3667","images/2901-3000/LCCC-2994.png","LCCC-2994.png","D:\github\ron-english-light-cult-2001-3000\images\2901-3000\LCCC-2994.png","items/lccc-2994.html","https://ronenglish-archive.github.io/ron-english-light-cult-2001-3000/items/lccc-2994.html","https://opensea.io/item/ethereum/0xbe85fbd182af91290be7293438ae67549638189f/2994","OK",""
"2995","2995","Light Cult Crypto Club #2995","RE-004805","2901-3000","","","","","","items/lccc-2995.html","https://ronenglish-archive.github.io/ron-english-light-cult-2001-3000/items/lccc-2995.html","https://opensea.io/item/ethereum/0xbe85fbd182af91290be7293438ae67549638189f/2995","MISSING SOURCE IMAGE","No source image found for token #2995"
"2996","2996","Light Cult Crypto Club #2996","RE-004806","2901-3000","D:\github\ron-english-nfts\light-cult-crypto-club\images\LCCC-2996.png","5962","images/2901-3000/LCCC-2996.png","LCCC-2996.png","D:\github\ron-english-light-cult-2001-3000\images\2901-3000\LCCC-2996.png","items/lccc-2996.html","https://ronenglish-archive.github.io/ron-english-light-cult-2001-3000/items/lccc-2996.html","https://opensea.io/item/ethereum/0xbe85fbd182af91290be7293438ae67549638189f/2996","OK",""
"2997","2997","Light Cult Crypto Club #2997","RE-004807","2901-3000","D:\github\ron-english-nfts\light-cult-crypto-club\images\LCCC-2997.png","24044","images/2901-3000/LCCC-2997.png","LCCC-2997.png","D:\github\ron-english-light-cult-2001-3000\images\2901-3000\LCCC-2997.png","items/lccc-2997.html","https://ronenglish-archive.github.io/ron-english-light-cult-2001-3000/items/lccc-2997.html","https://opensea.io/item/ethereum/0xbe85fbd182af91290be7293438ae67549638189f/2997","OK",""
"2998","2998","Light Cult Crypto Club #2998","RE-004808","2901-3000","D:\github\ron-english-nfts\light-cult-crypto-club\images\LCCC-2998.png","8689","images/2901-3000/LCCC-2998.png","LCCC-2998.png","D:\github\ron-english-light-cult-2001-3000\images\2901-3000\LCCC-2998.png","items/lccc-2998.html","https://ronenglish-archive.github.io/ron-english-light-cult-2001-3000/items/lccc-2998.html","https://opensea.io/item/ethereum/0xbe85fbd182af91290be7293438ae67549638189f/2998","OK",""
"2999","2999","Light Cult Crypto Club #2999","RE-004809","2901-3000","","","","","","items/lccc-2999.html","https://ronenglish-archive.github.io/ron-english-light-cult-2001-3000/items/lccc-2999.html","https://opensea.io/item/ethereum/0xbe85fbd182af91290be7293438ae67549638189f/2999","MISSING SOURCE IMAGE","No source image found for token #2999"
"3000","3000","Light Cult Crypto Club #3000","RE-004810","2901-3000","D:\github\ron-english-nfts\light-cult-crypto-club\images\LCCC-3000.png","14157","images/2901-3000/LCCC-3000.png","LCCC-3000.png","D:\github\ron-english-light-cult-2001-3000\images\2901-3000\LCCC-3000.png","items/lccc-3000.html","https://ronenglish-archive.github.io/ron-english-light-cult-2001-3000/items/lccc-3000.html","https://opensea.io/item/ethereum/0xbe85fbd182af91290be7293438ae67549638189f/3000","OK",""
